-- MariaDB dump 10.19  Distrib 10.6.7-MariaDB, for debian-linux-gnu (x86_64)
--
-- Host: localhost    Database: countries
-- ------------------------------------------------------
-- Server version	10.6.7-MariaDB-1:10.6.7+maria~bionic

/*!40101 SET @OLD_CHARACTER_SET_CLIENT=@@CHARACTER_SET_CLIENT */;
/*!40101 SET @OLD_CHARACTER_SET_RESULTS=@@CHARACTER_SET_RESULTS */;
/*!40101 SET @OLD_COLLATION_CONNECTION=@@COLLATION_CONNECTION */;
/*!40101 SET NAMES utf8mb4 */;
/*!40103 SET @OLD_TIME_ZONE=@@TIME_ZONE */;
/*!40103 SET TIME_ZONE='+00:00' */;
/*!40014 SET @OLD_UNIQUE_CHECKS=@@UNIQUE_CHECKS, UNIQUE_CHECKS=0 */;
/*!40014 SET @OLD_FOREIGN_KEY_CHECKS=@@FOREIGN_KEY_CHECKS, FOREIGN_KEY_CHECKS=0 */;
/*!40101 SET @OLD_SQL_MODE=@@SQL_MODE, SQL_MODE='NO_AUTO_VALUE_ON_ZERO' */;
/*!40111 SET @OLD_SQL_NOTES=@@SQL_NOTES, SQL_NOTES=0 */;

--
-- Table structure for table `country`
--

DROP TABLE IF EXISTS `country`;
/*!40101 SET @saved_cs_client     = @@character_set_client */;
/*!40101 SET character_set_client = utf8 */;
CREATE TABLE `country` (
  `id` int(11) unsigned NOT NULL AUTO_INCREMENT,
  `enabled` tinyint(1) unsigned NOT NULL DEFAULT 1 COMMENT 'Use this country in applications',
  `code3l` varchar(3) NOT NULL COMMENT 'ISO 3166-1 alpha-3 three-letter code',
  `code2l` varchar(2) NOT NULL COMMENT 'ISO 3166-1 alpha-2 two-letter code',
  `name` varchar(64) NOT NULL COMMENT 'Name of the country in English',
  `name_official` varchar(128) DEFAULT NULL,
  `latitude` decimal(10,8) DEFAULT NULL,
  `longitude` decimal(11,8) DEFAULT NULL,
  `zoom` tinyint(1) DEFAULT NULL COMMENT 'Optimal zoom when showing country on map',
  PRIMARY KEY (`id`),
  UNIQUE KEY `idx_countries_name` (`name`),
  UNIQUE KEY `idx_countries_code3l` (`code3l`),
  UNIQUE KEY `idx_countries_code2l` (`code2l`)
) ENGINE=InnoDB AUTO_INCREMENT=251 DEFAULT CHARSET=utf8mb4 AVG_ROW_LENGTH=434 COMMENT='Hold the list of countries. Each country is a row';
/*!40101 SET character_set_client = @saved_cs_client */;

--
-- Dumping data for table `country`
--

LOCK TABLES `country` WRITE;
/*!40000 ALTER TABLE `country` DISABLE KEYS */;
INSERT INTO `country` VALUES (1,1,'AFG','AF','Afghanistan','Islamic Republic of Afghanistan',33.98299275,66.39159363,6);
INSERT INTO `country` VALUES (2,1,'ALB','AL','Albania','Republic of Albania',41.00017358,19.87170014,7);
INSERT INTO `country` VALUES (3,1,'DZA','DZ','Algeria','People\'s Democratic Republic of Algeria',27.89861690,3.19771194,5);
INSERT INTO `country` VALUES (4,1,'AND','AD','Andorra','Principality of Andorra',42.54057088,1.55201340,11);
INSERT INTO `country` VALUES (5,1,'AGO','AO','Angola','Republic of Angola',-12.16469683,16.70933622,6);
INSERT INTO `country` VALUES (6,1,'ATG','AG','Antigua and Barbuda','Antigua and Barbuda',17.48060423,-61.42014426,9);
INSERT INTO `country` VALUES (7,1,'ARG','AR','Argentina','Argentine Republic',-38.01529308,-64.97897469,4);
INSERT INTO `country` VALUES (8,1,'ARM','AM','Armenia','Republic of Armenia',40.13475528,45.01072318,7);
INSERT INTO `country` VALUES (9,1,'AUS','AU','Australia','Australia',-26.29594646,133.55540944,4);
INSERT INTO `country` VALUES (10,1,'AUT','AT','Austria','Republic of Austria',47.63125476,13.18776731,7);
INSERT INTO `country` VALUES (11,1,'AZE','AZ','Azerbaijan','Republic of Azerbaijan',40.35321757,47.46706372,7);
INSERT INTO `country` VALUES (12,1,'BHS','BS','Bahamas','Commonwealth of the Bahamas',24.45991732,-77.68192453,7);
INSERT INTO `country` VALUES (13,1,'BHR','BH','Bahrain','Kingdom of Bahrain',25.90740996,50.65932354,9);
INSERT INTO `country` VALUES (14,1,'BGD','BD','Bangladesh','People\'s Republic of Bangladesh',24.08273251,90.49915527,7);
INSERT INTO `country` VALUES (15,1,'BRB','BB','Barbados','Barbados',13.19383077,-59.54319600,11);
INSERT INTO `country` VALUES (16,1,'BLR','BY','Belarus','Republic of Belarus',53.58628747,27.95338900,6);
INSERT INTO `country` VALUES (17,1,'BEL','BE','Belgium','Kingdom of Belgium',50.49593874,4.46993600,8);
INSERT INTO `country` VALUES (18,1,'BLZ','BZ','Belize','Belize',17.21153631,-88.01424956,8);
INSERT INTO `country` VALUES (19,1,'BEN','BJ','Benin','Republic of Benin',9.37180859,2.29386134,7);
INSERT INTO `country` VALUES (20,1,'BTN','BT','Bhutan','Kingdom of Bhutan',27.50752756,90.43360300,8);
INSERT INTO `country` VALUES (21,1,'BIH','BA','Bosnia and Herzegovina','Bosnia and Herzegovina',44.00040856,17.81640910,7);
INSERT INTO `country` VALUES (22,1,'BWA','BW','Botswana','Republic of Botswana',-22.18279485,24.22344422,6);
INSERT INTO `country` VALUES (23,1,'BRA','BR','Brazil','Federative Republic of Brazil',-11.80965046,-53.33152600,4);
INSERT INTO `country` VALUES (24,1,'BRN','BN','Brunei Darussalam','Brunei Darussalam',4.54189364,114.60132823,9);
INSERT INTO `country` VALUES (25,1,'BGR','BG','Bulgaria','Republic of Bulgaria',42.70160678,25.48583200,7);
INSERT INTO `country` VALUES (26,1,'BFA','BF','Burkina Faso','Burkina Faso',12.22492458,-1.56159100,7);
INSERT INTO `country` VALUES (27,1,'BDI','BI','Burundi','Republic of Burundi',-3.40499707,29.88592902,8);
INSERT INTO `country` VALUES (28,1,'KHM','KH','Cambodia','Kingdom of Cambodia',12.83288883,104.84814273,7);
INSERT INTO `country` VALUES (29,1,'CMR','CM','Cameroon','Republic of Cameroon',7.38622543,12.72825915,6);
INSERT INTO `country` VALUES (30,1,'CAN','CA','Canada','Canada',60.36196817,-106.69833150,4);
INSERT INTO `country` VALUES (31,1,'CPV','CV','Cabo Verde','Republic of Cabo Verde',15.11988711,-23.60517010,10);
INSERT INTO `country` VALUES (32,1,'CAF','CF','Central African Republic','Central African Republic',6.82541830,20.64281514,6);
INSERT INTO `country` VALUES (33,1,'TCD','TD','Chad','Republic of Chad',14.80342407,18.78714064,5);
INSERT INTO `country` VALUES (34,1,'CHL','CL','Chile','Republic of Chile',-38.01760790,-71.40014474,4);
INSERT INTO `country` VALUES (35,1,'CHN','CN','China','People\'s Republic of China',36.71457440,103.55819197,4);
INSERT INTO `country` VALUES (36,1,'COL','CO','Colombia','Republic of Colombia',3.68182320,-73.53927436,5);
INSERT INTO `country` VALUES (37,1,'COM','KM','Comoros','Union of the Comoros',-11.64529989,43.33330200,10);
INSERT INTO `country` VALUES (38,1,'COG','CG','Congo','Republic of the Congo',-0.68967806,15.69033190,6);
INSERT INTO `country` VALUES (39,1,'CRI','CR','Costa Rica','Republic of Costa Rica',9.98427463,-84.09949534,8);
INSERT INTO `country` VALUES (40,1,'HRV','HR','Croatia','Republic of Croatia',44.81372482,16.29039507,7);
INSERT INTO `country` VALUES (41,1,'CUB','CU','Cuba','Republic of Cuba',21.54513189,-79.00064743,6);
INSERT INTO `country` VALUES (42,1,'CYP','CY','Cyprus','Republic of Cyprus',35.12450768,33.42986100,9);
INSERT INTO `country` VALUES (43,1,'CZE','CZ','Czechia','Czech Republic',49.76026136,15.53888197,7);
INSERT INTO `country` VALUES (44,1,'CIV','CI','Côte d\'Ivoire','Republic of Côte d\'Ivoire',7.59684148,-5.49214636,7);
INSERT INTO `country` VALUES (45,1,'DNK','DK','Denmark','Kingdom of Denmark',54.71794021,9.41938953,6);
INSERT INTO `country` VALUES (46,1,'DJI','DJ','Djibouti','Republic of Djibouti',11.75959257,42.65344839,8);
INSERT INTO `country` VALUES (47,1,'DMA','DM','Dominica','Commonwealth of Dominica',15.41473963,-61.37097400,10);
INSERT INTO `country` VALUES (48,1,'DOM','DO','Dominican Republic','Dominican Republic',18.73076761,-70.16264900,8);
INSERT INTO `country` VALUES (49,1,'ECU','EC','Ecuador','Republic of Ecuador',-1.22919037,-78.55693916,6);
INSERT INTO `country` VALUES (50,1,'EGY','EG','Egypt','Arab Republic of Egypt',26.71650873,30.80250000,6);
INSERT INTO `country` VALUES (51,1,'SLV','SV','El Salvador','Republic of El Salvador',13.79043561,-88.89652800,8);
INSERT INTO `country` VALUES (52,1,'GNQ','GQ','Equatorial Guinea','Republic of Equatorial Guinea',1.65068442,10.26789700,9);
INSERT INTO `country` VALUES (53,1,'ERI','ER','Eritrea','State of Eritrea',15.21227764,39.61204792,7);
INSERT INTO `country` VALUES (54,1,'EST','EE','Estonia','Republic of Estonia',58.74041141,25.38165099,7);
INSERT INTO `country` VALUES (55,1,'ETH','ET','Ethiopia','Federal Democratic Republic of Ethiopia',9.10727589,39.84148164,6);
INSERT INTO `country` VALUES (56,1,'FJI','FJ','Fiji','Republic of Fiji',-17.71219757,178.06503600,9);
INSERT INTO `country` VALUES (57,1,'FIN','FI','Finland','Republic of Finland',64.69610892,26.36339137,5);
INSERT INTO `country` VALUES (58,1,'FRA','FR','France','French Republic',46.48372145,2.60926281,6);
INSERT INTO `country` VALUES (59,1,'GAB','GA','Gabon','Gabonese Republic',-0.43426435,11.43916591,7);
INSERT INTO `country` VALUES (60,1,'GMB','GM','Gambia','Islamic Republic of the Gambia',13.15921146,-15.35956748,8);
INSERT INTO `country` VALUES (61,1,'GEO','GE','Georgia','Georgia',41.82754301,44.17329916,7);
INSERT INTO `country` VALUES (62,1,'DEU','DE','Germany','Federal Republic of Germany',50.82871201,10.97887975,6);
INSERT INTO `country` VALUES (63,1,'GHA','GH','Ghana','Republic of Ghana',7.69154199,-1.29234904,7);
INSERT INTO `country` VALUES (64,1,'GRC','GR','Greece','Hellenic Republic',38.52254746,24.53794505,6);
INSERT INTO `country` VALUES (65,1,'GRD','GD','Grenada','Grenada',12.11644807,-61.67899400,11);
INSERT INTO `country` VALUES (66,1,'GTM','GT','Guatemala','Republic of Guatemala',15.72598421,-89.96707712,7);
INSERT INTO `country` VALUES (67,1,'GIN','GN','Guinea','Republic of Guinea',9.94301472,-11.31711839,7);
INSERT INTO `country` VALUES (68,1,'GNB','GW','Guinea-Bissau','Republic of Guinea-Bissau',11.80050682,-15.18040700,8);
INSERT INTO `country` VALUES (69,1,'GUY','GY','Guyana','Republic of Guyana',4.47957059,-58.72692293,6);
INSERT INTO `country` VALUES (70,1,'HTI','HT','Haiti','Republic of Haiti',19.07430861,-72.79607526,8);
INSERT INTO `country` VALUES (71,1,'HND','HN','Honduras','Republic of Honduras',14.64994423,-87.01643713,7);
INSERT INTO `country` VALUES (72,1,'HUN','HU','Hungary','Hungary',46.97670384,19.35499657,7);
INSERT INTO `country` VALUES (73,1,'ISL','IS','Iceland','Republic of Iceland',64.99294495,-18.57038755,6);
INSERT INTO `country` VALUES (74,1,'IND','IN','India','Republic of India',20.46549519,78.50146222,4);
INSERT INTO `country` VALUES (75,1,'IDN','ID','Indonesia','Republic of Indonesia',-2.46229680,121.18329789,4);
INSERT INTO `country` VALUES (76,1,'IRQ','IQ','Iraq','Republic of Iraq',32.90170182,43.19590056,6);
INSERT INTO `country` VALUES (77,1,'IRL','IE','Ireland','Ireland',53.10101628,-8.21092302,6);
INSERT INTO `country` VALUES (78,1,'ISR','IL','Israel','State of Israel',30.85883075,34.91753797,7);
INSERT INTO `country` VALUES (79,1,'ITA','IT','Italy','Republic of Italy',41.77810840,12.67725128,5);
INSERT INTO `country` VALUES (80,1,'JAM','JM','Jamaica','Jamaica',18.10838487,-77.29750600,9);
INSERT INTO `country` VALUES (81,1,'JPN','JP','Japan','Japan',37.51848822,137.67066061,5);
INSERT INTO `country` VALUES (82,1,'JOR','JO','Jordan','Hashemite Kingdom of Jordan',31.31616588,36.37575510,7);
INSERT INTO `country` VALUES (83,1,'KAZ','KZ','Kazakhstan','Republic of Kazakhstan',45.38592596,68.81334444,4);
INSERT INTO `country` VALUES (84,1,'KEN','KE','Kenya','Republic of Kenya',0.19582452,37.97212297,6);
INSERT INTO `country` VALUES (85,1,'KIR','KI','Kiribati','Republic of Kiribati',1.87085244,-157.36259310,10);
INSERT INTO `country` VALUES (86,1,'KWT','KW','Kuwait','State of Kuwait',29.43253341,47.71798405,8);
INSERT INTO `country` VALUES (87,1,'KGZ','KG','Kyrgyzstan','Kyrgyz Republic',41.11509878,74.25524574,6);
INSERT INTO `country` VALUES (88,1,'LAO','LA','Lao People\'s Democratic Republic','Lao People\'s Democratic Republic',17.76075593,103.61611347,6);
INSERT INTO `country` VALUES (89,1,'LVA','LV','Latvia','Republic of Latvia',56.86697515,24.54826936,7);
INSERT INTO `country` VALUES (90,1,'LBN','LB','Lebanon','Lebanese Republic',34.08249284,35.66454309,8);
INSERT INTO `country` VALUES (91,1,'LSO','LS','Lesotho','Kingdom of Lesotho',-29.60303205,28.23361200,8);
INSERT INTO `country` VALUES (92,1,'LBR','LR','Liberia','Republic of Liberia',6.44154681,-9.39103485,7);
INSERT INTO `country` VALUES (93,1,'LBY','LY','Libya','Libya',27.06902914,18.19513987,5);
INSERT INTO `country` VALUES (94,1,'LIE','LI','Liechtenstein','Principality of Liechtenstein',47.16587383,9.55537700,11);
INSERT INTO `country` VALUES (95,1,'LTU','LT','Lithuania','Republic of Lithuania',55.25095948,23.80987587,7);
INSERT INTO `country` VALUES (96,1,'LUX','LU','Luxembourg','Grand Duchy of Luxembourg',49.81327712,6.12958700,9);
INSERT INTO `country` VALUES (97,1,'MDG','MG','Madagascar','Republic of Madagascar',-19.79858543,46.97898228,5);
INSERT INTO `country` VALUES (98,1,'MWI','MW','Malawi','Republic of Malawi',-12.48684092,34.14223524,6);
INSERT INTO `country` VALUES (99,1,'MYS','MY','Malaysia','Malaysia',4.97345793,106.54609050,5);
INSERT INTO `country` VALUES (100,1,'MDV','MV','Maldives','Republic of Maldives',-0.64224221,73.13373313,12);
INSERT INTO `country` VALUES (101,1,'MLI','ML','Mali','Republic of Mali',17.69385811,-1.96368730,5);
INSERT INTO `country` VALUES (102,1,'MLT','MT','Malta','Republic of Malta',35.89706403,14.43687877,11);
INSERT INTO `country` VALUES (103,1,'MHL','MH','Marshall Islands','Republic of the Marshall Islands',7.30130732,168.75512619,10);
INSERT INTO `country` VALUES (104,1,'MRT','MR','Mauritania','Islamic Republic of Mauritania',20.28331239,-10.21573334,5);
INSERT INTO `country` VALUES (105,1,'MUS','MU','Mauritius','Republic of Mauritius',-20.28368188,57.56588291,10);
INSERT INTO `country` VALUES (106,1,'MEX','MX','Mexico','United Mexican States',22.92036676,-102.33305344,5);
INSERT INTO `country` VALUES (107,1,'MCO','MC','Monaco','Principality of Monaco',43.70463620,6.75444978,9);
INSERT INTO `country` VALUES (108,1,'MNG','MN','Mongolia','Mongolia',46.80556270,104.30808978,5);
INSERT INTO `country` VALUES (109,1,'MNE','ME','Montenegro','Montenegro',42.71699590,19.09699321,8);
INSERT INTO `country` VALUES (110,1,'MAR','MA','Morocco','Kingdom of Morocco',31.95441758,-7.26839325,6);
INSERT INTO `country` VALUES (111,1,'MOZ','MZ','Mozambique','Republic of Mozambique',-19.07617816,33.81570282,5);
INSERT INTO `country` VALUES (112,1,'MMR','MM','Myanmar','Republic of Union of Myanmar',19.20985380,96.54949272,5);
INSERT INTO `country` VALUES (113,1,'NAM','NA','Namibia','Republic of Namibia',-22.70965620,16.72161918,6);
INSERT INTO `country` VALUES (114,1,'NRU','NR','Nauru','Republic of Nauru',-0.52586763,166.93270463,13);
INSERT INTO `country` VALUES (115,1,'NPL','NP','Nepal','Federal Democratic Republic of Nepal',28.28430770,83.98119373,7);
INSERT INTO `country` VALUES (116,1,'NLD','NL','Netherlands','Kingdom of Netherlands',52.33939951,4.98914998,7);
INSERT INTO `country` VALUES (117,1,'NZL','NZ','New Zealand','New Zealand',-40.95025298,171.76586181,5);
INSERT INTO `country` VALUES (118,1,'NIC','NI','Nicaragua','Republic of Nicaragua',12.91806226,-84.82270352,7);
INSERT INTO `country` VALUES (119,1,'NER','NE','Niger','Republic of Niger',17.23446679,8.23547860,6);
INSERT INTO `country` VALUES (120,1,'NGA','NG','Nigeria','Federal Republic of Nigeria',9.02165273,7.82933373,6);
INSERT INTO `country` VALUES (121,1,'NOR','NO','Norway','Kingdom of Norway',65.04680297,13.50069228,4);
INSERT INTO `country` VALUES (122,1,'OMN','OM','Oman','Sultanate of Oman',20.69906846,56.69230596,6);
INSERT INTO `country` VALUES (123,1,'PAK','PK','Pakistan','Islamic Republic of Pakistan',29.90335974,70.34487986,5);
INSERT INTO `country` VALUES (124,1,'PLW','PW','Palau','Republic of Palau',7.49856307,134.57291496,10);
INSERT INTO `country` VALUES (125,1,'PAN','PA','Panama','Republic of Panama',8.52135102,-80.04603702,7);
INSERT INTO `country` VALUES (126,1,'PNG','PG','Papua New Guinea','Independent State of Papua New Guinea',-6.62414046,144.44993477,7);
INSERT INTO `country` VALUES (127,1,'PRY','PY','Paraguay','Republic of Paraguay',-23.38564782,-58.29551057,6);
INSERT INTO `country` VALUES (128,1,'PER','PE','Peru','Republic of Peru',-8.50205247,-76.15772412,5);
INSERT INTO `country` VALUES (129,1,'PHL','PH','Philippines','Republic of Philippines',12.82361200,121.77401700,6);
INSERT INTO `country` VALUES (130,1,'POL','PL','Poland','Republic of Poland',52.10117636,19.33190957,6);
INSERT INTO `country` VALUES (131,1,'PRT','PT','Portugal','Portuguese Republic',39.44879136,-8.03768042,6);
INSERT INTO `country` VALUES (132,1,'QAT','QA','Qatar','State of Qatar',25.24551555,51.24431480,8);
INSERT INTO `country` VALUES (133,1,'ROU','RO','Romania','Romania',45.56450023,25.21945155,6);
INSERT INTO `country` VALUES (134,1,'RUS','RU','Russian Federation','Russian Federation',57.96812298,102.41837137,3);
INSERT INTO `country` VALUES (135,1,'RWA','RW','Rwanda','Republic of Rwanda',-1.98589079,29.94255855,8);
INSERT INTO `country` VALUES (136,1,'KNA','KN','Saint Kitts and Nevis','Saint Kitts and Nevis',17.33453669,-62.76411725,12);
INSERT INTO `country` VALUES (137,1,'LCA','LC','Saint Lucia','Saint Lucia',13.90938495,-60.97889500,11);
INSERT INTO `country` VALUES (138,1,'VCT','VC','Saint Vincent and the Grenadines','Saint Vincent and the Grenadines',13.25276143,-61.19709800,11);
INSERT INTO `country` VALUES (139,1,'WSM','WS','Samoa','Independent State of Samoa',-13.57998954,-172.45207363,10);
INSERT INTO `country` VALUES (140,1,'SMR','SM','San Marino','Republic of San Marino',43.94223356,12.45777700,11);
INSERT INTO `country` VALUES (141,1,'STP','ST','Sao Tome and Principe','Democratic Republic of Sao Tome and Principe',0.23381910,6.59935809,10);
INSERT INTO `country` VALUES (142,1,'SAU','SA','Saudi Arabia','Kingdom of Saudi Arabia',24.16687314,42.88190638,5);
INSERT INTO `country` VALUES (143,1,'SEN','SN','Senegal','Republic of Senegal',14.43579003,-14.68306489,7);
INSERT INTO `country` VALUES (144,1,'SRB','RS','Serbia','Republic of Serbia',44.06736041,20.29725084,7);
INSERT INTO `country` VALUES (145,1,'SYC','SC','Seychelles','Republic of Seychelles',-4.68053204,55.49061371,11);
INSERT INTO `country` VALUES (146,1,'SLE','SL','Sierra Leone','Republic of Sierra Leone',8.45575589,-11.93368759,8);
INSERT INTO `country` VALUES (147,1,'SGP','SG','Singapore','Republic of Singapore',1.33873261,103.83323559,11);
INSERT INTO `country` VALUES (148,1,'SVK','SK','Slovakia','Slovak Republic',48.66923253,19.75396564,7);
INSERT INTO `country` VALUES (149,1,'SVN','SI','Slovenia','Republic of Slovenia',46.14315048,14.99546300,8);
INSERT INTO `country` VALUES (150,1,'SLB','SB','Solomon Islands','Solomon Islands',-9.64554280,160.15619400,10);
INSERT INTO `country` VALUES (151,1,'SOM','SO','Somalia','Federal Republic of Somalia',2.87224619,45.27676444,7);
INSERT INTO `country` VALUES (152,1,'ZAF','ZA','South Africa','Republic of South Africa',-27.17706863,24.50856092,5);
INSERT INTO `country` VALUES (153,1,'ESP','ES','Spain','Kingdom of Spain',39.87299401,-3.67089492,6);
INSERT INTO `country` VALUES (154,1,'LKA','LK','Sri Lanka','Democratic Socialist Republic of Sri Lanka',7.61264985,80.83772497,7);
INSERT INTO `country` VALUES (155,1,'SDN','SD','Sudan','Republic of Sudan',15.96646839,30.37145459,5);
INSERT INTO `country` VALUES (156,1,'SUR','SR','Suriname','Republic of Suriname',4.26470865,-55.93988238,7);
INSERT INTO `country` VALUES (157,1,'SWZ','SZ','Eswatini','Kingdom of Eswatini',-26.53892570,31.47960891,9);
INSERT INTO `country` VALUES (158,1,'SWE','SE','Sweden','Kingdom of Sweden',61.42370427,16.73188991,4);
INSERT INTO `country` VALUES (159,1,'CHE','CH','Switzerland','Swiss Confederation',46.81010721,8.22751200,8);
INSERT INTO `country` VALUES (160,1,'SYR','SY','Syrian Arab Republic','Syrian Arab Republic',34.71097430,38.66723516,6);
INSERT INTO `country` VALUES (161,1,'TJK','TJ','Tajikistan','Republic of Tajikistan',38.68075124,71.23215769,7);
INSERT INTO `country` VALUES (162,1,'THA','TH','Thailand','Kingdom of Thailand',14.60009810,101.38805881,5);
INSERT INTO `country` VALUES (163,1,'TLS','TL','Timor-Leste','Democratic Republic of Timor-Leste',-8.88926365,125.99671404,9);
INSERT INTO `country` VALUES (164,1,'TGO','TG','Togo','Togolese Republic',8.68089206,0.86049757,7);
INSERT INTO `country` VALUES (165,1,'TON','TO','Tonga','Kingdom of Tonga',-21.17890075,-175.19824200,11);
INSERT INTO `country` VALUES (166,1,'TTO','TT','Trinidad and Tobago','Republic of Trinidad and Tobago',10.43241863,-61.22250300,10);
INSERT INTO `country` VALUES (167,1,'TUN','TN','Tunisia','Republic of Tunisia',33.88431940,9.71878341,6);
INSERT INTO `country` VALUES (168,1,'TUR','TR','Turkey','Republic of Turkey',38.27069555,36.28703317,5);
INSERT INTO `country` VALUES (169,1,'TKM','TM','Turkmenistan','Turkmenistan',38.94915421,59.06190323,6);
INSERT INTO `country` VALUES (170,1,'TUV','TV','Tuvalu','Tuvalu',-8.45968122,179.13310944,12);
INSERT INTO `country` VALUES (171,1,'UGA','UG','Uganda','Republic of Uganda',1.54760620,32.44409759,7);
INSERT INTO `country` VALUES (172,1,'UKR','UA','Ukraine','Ukraine',48.89358596,31.10516920,6);
INSERT INTO `country` VALUES (173,1,'ARE','AE','United Arab Emirates','United Arab Emirates',24.64324405,53.62261227,7);
INSERT INTO `country` VALUES (174,1,'URY','UY','Uruguay','Eastern Republic of Uruguay',-32.49342987,-55.76583300,7);
INSERT INTO `country` VALUES (175,1,'UZB','UZ','Uzbekistan','Republic of Uzbekistan',41.30829147,62.62970960,6);
INSERT INTO `country` VALUES (176,1,'VUT','VU','Vanuatu','Republic of Vanuatu',-15.37256614,166.95916000,8);
INSERT INTO `country` VALUES (177,1,'VNM','VN','Viet Nam','Socialist Republic of Viet Nam',17.19931699,107.14012804,5);
INSERT INTO `country` VALUES (178,1,'YEM','YE','Yemen','Republic of Yemen',15.60865453,47.60453676,6);
INSERT INTO `country` VALUES (179,1,'ZMB','ZM','Zambia','Republic of Zambia',-13.01812188,28.33274444,6);
INSERT INTO `country` VALUES (180,1,'ZWE','ZW','Zimbabwe','Republic of Zimbabwe',-19.00784952,30.18758584,6);
INSERT INTO `country` VALUES (181,1,'COK','CK','Cook Islands','Cook Islands',-21.23673066,-159.77766900,13);
INSERT INTO `country` VALUES (182,1,'BOL','BO','Bolivia (Plurinational State of)','Plurinational State of Bolivia',-16.74518128,-65.19265691,6);
INSERT INTO `country` VALUES (183,1,'COD','CD','Democratic Republic of the Congo','Democratic Republic of Congo',-4.05373938,23.01110741,5);
INSERT INTO `country` VALUES (184,1,'EUR','EU','European Union','European Union',48.76380654,14.26843140,3);
INSERT INTO `country` VALUES (185,1,'FSM','FM','Micronesia (Federated States of)','Federated States of Micronesia',6.88747377,158.21507170,12);
INSERT INTO `country` VALUES (186,1,'GBR','GB','United Kingdom','United Kingdom of Great Britain and Northern Ireland',53.36540813,-2.72184767,6);
INSERT INTO `country` VALUES (187,1,'IRN','IR','Iran (Islamic Republic of)','Islamic Republic of Iran',31.40240324,51.28204814,5);
INSERT INTO `country` VALUES (188,1,'PRK','KP','Democratic People\'s Republic of Korea','Democratic People\'s Republic of Korea',40.00785500,127.48812834,6);
INSERT INTO `country` VALUES (189,1,'KOR','KR','Republic of Korea','Republic of Korea',36.56344139,127.51424646,7);
INSERT INTO `country` VALUES (190,1,'MDA','MD','Republic of Moldova','Republic of Moldova',47.10710437,28.54018109,7);
INSERT INTO `country` VALUES (191,1,'MKD','MK','North Macedonia','Republic of North Macedonia',41.60059479,21.74527900,8);
INSERT INTO `country` VALUES (192,1,'NIU','NU','Niue','Niue',-19.04976362,-169.86585571,11);
INSERT INTO `country` VALUES (193,1,'TZA','TZ','United Republic of Tanzania','United Republic of Tanzania',-6.37551085,34.85587302,6);
INSERT INTO `country` VALUES (194,1,'VEN','VE','Venezuela (Bolivarian Republic of)','Bolivarian Republic of Venezuela',5.98477766,-65.94152264,6);
INSERT INTO `country` VALUES (195,1,'AIA','AI','Anguilla','Anguilla',18.22053521,-63.06861300,12);
INSERT INTO `country` VALUES (196,1,'ATA','AQ','Antarctica','Antarctica',-45.13806295,10.48095703,2);
INSERT INTO `country` VALUES (197,1,'ASM','AS','American Samoa','The United States Territory of American Samoa',-14.30634641,-170.69501750,11);
INSERT INTO `country` VALUES (198,1,'ABW','AW','Aruba','Aruba of the Kingdom of the Netherlands',12.52109661,-69.96833800,12);
INSERT INTO `country` VALUES (199,1,'ALA','AX','Åland Islands','Åland Islands',60.25403213,20.35918350,9);
INSERT INTO `country` VALUES (200,1,'BLM','BL','Saint Barthélemy','Territorial collectivity of Saint Barthélemy',17.90042417,-62.83376215,13);
INSERT INTO `country` VALUES (201,1,'BMU','BM','Bermuda','Bermudas',32.31995785,-64.76182765,12);
INSERT INTO `country` VALUES (202,1,'BES','BQ','Bonaire, Saint Eustatius And Saba','Bonaire, Saint Eustatius and Saba',12.17229702,-68.28831170,11);
INSERT INTO `country` VALUES (203,1,'BVT','BV','Bouvet Island','Bouvet Island',-54.42316906,3.41319600,12);
INSERT INTO `country` VALUES (204,1,'CCK','CC','Cocos (Keeling) Islands','Territory of Cocos (Keeling) Islands',-12.12890685,96.84689104,12);
INSERT INTO `country` VALUES (205,1,'CUW','CW','Curaçao','Curaçao',12.20710309,-69.02160369,11);
INSERT INTO `country` VALUES (206,1,'CXR','CX','Christmas Island','Territory of Christmas Island',-10.49170619,105.68083796,11);
INSERT INTO `country` VALUES (207,1,'ESH','EH','Western Sahara','Western Sahara',24.79324356,-13.67683563,6);
INSERT INTO `country` VALUES (208,1,'FLK','FK','Falkland Islands (Malvinas)','Falkland Islands',-51.78838251,-59.52361100,8);
INSERT INTO `country` VALUES (209,1,'FRO','FO','Faroe Islands (Associate Member)','Faroe Islands',61.88590482,-6.91180400,8);
INSERT INTO `country` VALUES (210,1,'GUF','GF','French Guiana','French Guiana',4.01114381,-52.97746057,7);
INSERT INTO `country` VALUES (211,1,'GGY','GG','Guernsey','Bailiwick of Guernsey',49.46565975,-2.58527200,12);
INSERT INTO `country` VALUES (212,1,'GIB','GI','Gibraltar','Gibraltar',36.14864641,-5.34404779,12);
INSERT INTO `country` VALUES (213,1,'GRL','GL','Greenland','Greenland',71.42932629,-34.38651956,3);
INSERT INTO `country` VALUES (214,1,'GLP','GP','Guadeloupe','Department of Guadeloupe',16.26472785,-61.55099400,10);
INSERT INTO `country` VALUES (215,1,'SGS','GS','South Georgia and the South Sandwich Islands','South Georgia and the South Sandwich Islands',-54.38130284,-36.67305304,9);
INSERT INTO `country` VALUES (216,1,'GUM','GU','Guam','Territory of Guam',13.44410137,144.80747791,10);
INSERT INTO `country` VALUES (217,1,'HKG','HK','Hong Kong','Hong Kong Special Administrative Region of the People\'s Republic',22.33728531,114.14657786,11);
INSERT INTO `country` VALUES (218,1,'HMD','HM','Heard Island And McDonald Islands','Heard and McDonald Islands',-53.08168847,73.50415800,11);
INSERT INTO `country` VALUES (219,1,'IMN','IM','Isle of Man','The Isle of Man',54.23562697,-4.54805400,10);
INSERT INTO `country` VALUES (220,1,'IOT','IO','British Indian Ocean Territory','The British Indian Ocean Territory',-7.33461519,72.42425280,12);
INSERT INTO `country` VALUES (221,1,'JEY','JE','Jersey','Bailiwick of Jersey',49.21440771,-2.13124600,12);
INSERT INTO `country` VALUES (222,1,'CYM','KY','Cayman Islands','The Cayman Islands',19.31322102,-81.25459800,11);
INSERT INTO `country` VALUES (223,1,'MAF','MF','Saint Martin','Saint Martin',18.07637107,-63.05019106,12);
INSERT INTO `country` VALUES (224,1,'MAC','MO','Macao','Macau Special Administrative Region',22.19872287,113.54387700,12);
INSERT INTO `country` VALUES (225,1,'MNP','MP','Northern Mariana Islands','Commonwealth of the Northern Mariana Islands',15.09783636,145.67390000,11);
INSERT INTO `country` VALUES (226,1,'MTQ','MQ','Martinique','Department of Martinique',14.64128045,-61.02417600,10);
INSERT INTO `country` VALUES (227,1,'MSR','MS','Montserrat','Montserrat',16.74774077,-62.18736600,12);
INSERT INTO `country` VALUES (228,1,'NCL','NC','New Caledonia','Territory of New Caledonia and Dependencies',-21.26104020,165.58783760,8);
INSERT INTO `country` VALUES (229,1,'NFK','NF','Norfolk Island','Norfolk Islands',-29.02801043,167.94303023,13);
INSERT INTO `country` VALUES (230,1,'PYF','PF','French Polynesia','Territory of French Polynesia',-17.66243898,-149.40683900,10);
INSERT INTO `country` VALUES (231,1,'SPM','PM','Saint Pierre and Miquelon','Saint Pierre and Miquelon',46.88469499,-56.31590200,10);
INSERT INTO `country` VALUES (232,1,'PCN','PN','Pitcairn Islands','Pitcairn Group of Islands',-24.37673925,-128.32423730,13);
INSERT INTO `country` VALUES (233,1,'PRI','PR','Puerto Rico','Commonwealth of Puerto Rico',18.21963053,-66.59015100,9);
INSERT INTO `country` VALUES (234,1,'PSE','PS','Palestinian Territory, Occupied','Occupied Palestinian Territory',32.26367103,35.21936714,8);
INSERT INTO `country` VALUES (235,1,'REU','RE','Réunion','Department of Reunion',-21.11480084,55.53638200,10);
INSERT INTO `country` VALUES (236,1,'SHN','SH','Saint Helena, Ascension and Tristan da Cunha','Saint Helena, Ascension and Tristan da Cunha',-37.10521846,-12.27768580,12);
INSERT INTO `country` VALUES (237,1,'SJM','SJ','Svalbard and Jan Mayen','Svalbard and Jan Mayen',77.92215764,18.99010622,4);
INSERT INTO `country` VALUES (238,1,'SXM','SX','Sint Maarten','Sint Maarten',18.04433885,-63.05616320,12);
INSERT INTO `country` VALUES (239,1,'TCA','TC','Turks and Caicos Islands','Turks and Caicos Islands',21.72816866,-71.79654471,9);
INSERT INTO `country` VALUES (240,1,'ATF','TF','French Southern and Antarctic Lands','Territory of the French Southern and Antarctic Lands',-49.27235903,69.34856300,8);
INSERT INTO `country` VALUES (241,1,'TKL','TK','Tokelau (Associate Member)','Tokelau',-9.16682644,-171.83981693,10);
INSERT INTO `country` VALUES (242,1,'TWN','TW','Taiwan','Republic of China',23.71891402,121.10884043,7);
INSERT INTO `country` VALUES (243,1,'UMI','UM','United States Minor Outlying Islands','United States Minor Outlying Islands',19.46305694,177.98631092,5);
INSERT INTO `country` VALUES (244,1,'USA','US','United States of America','United States of America',37.66895362,-102.39256450,4);
INSERT INTO `country` VALUES (245,1,'VAT','VA','Holy See','Holy see',41.90377810,12.45340142,16);
INSERT INTO `country` VALUES (246,1,'VGB','VG','Virgin Islands','British Virgin Islands',17.67004187,-64.77411010,10);
INSERT INTO `country` VALUES (247,1,'VIR','VI','United States Virgin Islands','Virgin Islands of the United States',18.01000938,-64.77411410,9);
INSERT INTO `country` VALUES (248,1,'WLF','WF','Wallis and Futuna','Territory of the Wallis and Futuna Islands',-14.29378486,-178.11649800,12);
INSERT INTO `country` VALUES (249,1,'MYT','YT','Mayotte','Overseas Department of Mayotte',-12.82744522,45.16624200,11);
INSERT INTO `country` VALUES (250,1,'SSD','SS','South Sudan','Republic of South Sudan',7.91320803,30.15342434,6);
/*!40000 ALTER TABLE `country` ENABLE KEYS */;
UNLOCK TABLES;

--
-- Table structure for table `country_name`
--

DROP TABLE IF EXISTS `country_name`;
/*!40101 SET @saved_cs_client     = @@character_set_client */;
/*!40101 SET character_set_client = utf8 */;
CREATE TABLE `country_name` (
  `id` int(11) unsigned NOT NULL AUTO_INCREMENT,
  `country_id` int(11) unsigned NOT NULL,
  `code2l` varchar(2) NOT NULL DEFAULT '' COMMENT 'ISO 2-letter code',
  `language` varchar(5) NOT NULL DEFAULT '' COMMENT 'Language code (ie. pt-pt)',
  `name` varchar(255) DEFAULT NULL,
  `name_official` varchar(255) DEFAULT NULL,
  `source` varchar(255) DEFAULT NULL COMMENT 'Data source',
  PRIMARY KEY (`id`),
  UNIQUE KEY `UNIQUE_code2l_language` (`code2l`,`language`),
  KEY `fk_country_name__country_idx` (`code2l`),
  KEY `fk_country_name_country_idx` (`country_id`),
  CONSTRAINT `fk_country_name__country` FOREIGN KEY (`country_id`) REFERENCES `country` (`id`) ON DELETE NO ACTION ON UPDATE NO ACTION
) ENGINE=InnoDB AUTO_INCREMENT=1394 DEFAULT CHARSET=utf8mb4;
/*!40101 SET character_set_client = @saved_cs_client */;

--
-- Dumping data for table `country_name`
--

LOCK TABLES `country_name` WRITE;
/*!40000 ALTER TABLE `country_name` DISABLE KEYS */;
INSERT INTO `country_name` VALUES (1,1,'AF','ar','أفغانستان','جمهورية أفغانستان الإسلامية ','http://termportal.fao.org/faonocs/appl/');
INSERT INTO `country_name` VALUES (2,1,'AF','en','Afghanistan','The Islamic Republic of Afghanistan','http://termportal.fao.org/faonocs/appl/');
INSERT INTO `country_name` VALUES (3,1,'AF','es','Afganistán','la República Islámica del Afganistán','http://termportal.fao.org/faonocs/appl/');
INSERT INTO `country_name` VALUES (4,1,'AF','fr','Afghanistan','la République islamique d\'Afghanistan','http://termportal.fao.org/faonocs/appl/');
INSERT INTO `country_name` VALUES (5,1,'AF','it','Afghanistan','Repubblica Islamica di Afghanistan  ','http://termportal.fao.org/faonocs/appl/');
INSERT INTO `country_name` VALUES (6,1,'AF','zh','阿富汗','阿富汗伊斯兰共和国','http://termportal.fao.org/faonocs/appl/');
INSERT INTO `country_name` VALUES (7,1,'AF','ru','Афганистан','Исламская Республика Афганистан','http://termportal.fao.org/faonocs/appl/');
INSERT INTO `country_name` VALUES (8,5,'AO','ar','أنغولا','أنغولا جمهورية ','http://termportal.fao.org/faonocs/appl/');
INSERT INTO `country_name` VALUES (9,5,'AO','en','Angola','the Republic of Angola','http://termportal.fao.org/faonocs/appl/');
INSERT INTO `country_name` VALUES (10,5,'AO','es','Angola','la República de Angola','http://termportal.fao.org/faonocs/appl/');
INSERT INTO `country_name` VALUES (11,5,'AO','fr','Angola','la République d\'Angola','http://termportal.fao.org/faonocs/appl/');
INSERT INTO `country_name` VALUES (12,5,'AO','it','Angola','Repubblica d\'Angola','http://termportal.fao.org/faonocs/appl/');
INSERT INTO `country_name` VALUES (13,5,'AO','zh','安哥拉','安哥拉共和国','http://termportal.fao.org/faonocs/appl/');
INSERT INTO `country_name` VALUES (14,5,'AO','ru','Ангола','Республика Ангола','http://termportal.fao.org/faonocs/appl/');
INSERT INTO `country_name` VALUES (15,2,'AL','ar','ألبانيا','ألبانيا جمهورية ','http://termportal.fao.org/faonocs/appl/');
INSERT INTO `country_name` VALUES (16,2,'AL','en','Albania','the Republic of Albania','http://termportal.fao.org/faonocs/appl/');
INSERT INTO `country_name` VALUES (17,2,'AL','es','Albania','la República de Albania','http://termportal.fao.org/faonocs/appl/');
INSERT INTO `country_name` VALUES (18,2,'AL','fr','Albanie','la République d\'Albanie','http://termportal.fao.org/faonocs/appl/');
INSERT INTO `country_name` VALUES (19,2,'AL','it','Albania','Repubblica d\'Albania','http://termportal.fao.org/faonocs/appl/');
INSERT INTO `country_name` VALUES (20,2,'AL','zh','阿尔巴尼亚','阿尔巴尼亚共和国','http://termportal.fao.org/faonocs/appl/');
INSERT INTO `country_name` VALUES (21,2,'AL','ru','Албания','Республика Албания','http://termportal.fao.org/faonocs/appl/');
INSERT INTO `country_name` VALUES (22,4,'AD','ar','أندورا','أندورا إمارة ','http://termportal.fao.org/faonocs/appl/');
INSERT INTO `country_name` VALUES (23,4,'AD','en','Andorra','the Principality of Andorra','http://termportal.fao.org/faonocs/appl/');
INSERT INTO `country_name` VALUES (24,4,'AD','es','Andorra','el Principado de Andorra','http://termportal.fao.org/faonocs/appl/');
INSERT INTO `country_name` VALUES (25,4,'AD','fr','Andorre','la Principauté d\'Andorre','http://termportal.fao.org/faonocs/appl/');
INSERT INTO `country_name` VALUES (26,4,'AD','it','Andorra','Principato d\'Andorra','http://termportal.fao.org/faonocs/appl/');
INSERT INTO `country_name` VALUES (27,4,'AD','zh','安道尔','安道尔公国','http://termportal.fao.org/faonocs/appl/');
INSERT INTO `country_name` VALUES (28,4,'AD','ru','Андорра','Княжество Андорра','http://termportal.fao.org/faonocs/appl/');
INSERT INTO `country_name` VALUES (29,173,'AE','ar','المتحدة العربية الإمارات ','المتحدة العربية الإمارات ','http://termportal.fao.org/faonocs/appl/');
INSERT INTO `country_name` VALUES (30,173,'AE','en','United Arab Emirates','the United Arab Emirates','http://termportal.fao.org/faonocs/appl/');
INSERT INTO `country_name` VALUES (31,173,'AE','es','Emiratos Árabes Unidos','los Emiratos Árabes Unidos','http://termportal.fao.org/faonocs/appl/');
INSERT INTO `country_name` VALUES (32,173,'AE','fr','Émirats arabes unis','les Émirats arabes unis','http://termportal.fao.org/faonocs/appl/');
INSERT INTO `country_name` VALUES (33,173,'AE','it','Emirati arabi uniti','Emirati arabi uniti','http://termportal.fao.org/faonocs/appl/');
INSERT INTO `country_name` VALUES (34,173,'AE','zh','阿拉伯联合酋长国','阿拉伯联合酋长国','http://termportal.fao.org/faonocs/appl/');
INSERT INTO `country_name` VALUES (35,173,'AE','ru','Объединенные Арабские Эмираты','Объединенные Арабские Эмираты','http://termportal.fao.org/faonocs/appl/');
INSERT INTO `country_name` VALUES (36,7,'AR','ar','الأرجنتين','جمهورية الأرجنتين ','http://termportal.fao.org/faonocs/appl/');
INSERT INTO `country_name` VALUES (37,7,'AR','en','Argentina','the Argentine Republic','http://termportal.fao.org/faonocs/appl/');
INSERT INTO `country_name` VALUES (38,7,'AR','es','Argentina','la República Argentina','http://termportal.fao.org/faonocs/appl/');
INSERT INTO `country_name` VALUES (39,7,'AR','fr','Argentine','la République argentine','http://termportal.fao.org/faonocs/appl/');
INSERT INTO `country_name` VALUES (40,7,'AR','it','Argentina','Repubblica argentina','http://termportal.fao.org/faonocs/appl/');
INSERT INTO `country_name` VALUES (41,7,'AR','zh','阿根廷','阿根廷共和国','http://termportal.fao.org/faonocs/appl/');
INSERT INTO `country_name` VALUES (42,7,'AR','ru','Аргентина','Аргентинская Республика','http://termportal.fao.org/faonocs/appl/');
INSERT INTO `country_name` VALUES (43,8,'AM','ar','أرمينيا','أرمينيا جمهورية ','http://termportal.fao.org/faonocs/appl/');
INSERT INTO `country_name` VALUES (44,8,'AM','en','Armenia','the Republic of Armenia','http://termportal.fao.org/faonocs/appl/');
INSERT INTO `country_name` VALUES (45,8,'AM','es','Armenia','la República de Armenia','http://termportal.fao.org/faonocs/appl/');
INSERT INTO `country_name` VALUES (46,8,'AM','fr','Arménie','la République d\'Arménie','http://termportal.fao.org/faonocs/appl/');
INSERT INTO `country_name` VALUES (47,8,'AM','it','Armenia','Repubblica d\'Armenia','http://termportal.fao.org/faonocs/appl/');
INSERT INTO `country_name` VALUES (48,8,'AM','zh','亚美尼亚','亚美尼亚共和国','http://termportal.fao.org/faonocs/appl/');
INSERT INTO `country_name` VALUES (49,8,'AM','ru','Армения','Республика Армения','http://termportal.fao.org/faonocs/appl/');
INSERT INTO `country_name` VALUES (50,6,'AG','ar','أنتيغوا وبربودا ','أنتيغوا وبربودا ','http://termportal.fao.org/faonocs/appl/');
INSERT INTO `country_name` VALUES (51,6,'AG','en','Antigua and Barbuda','Antigua and Barbuda','http://termportal.fao.org/faonocs/appl/');
INSERT INTO `country_name` VALUES (52,6,'AG','es','Antigua y Barbuda','Antigua y Barbuda','http://termportal.fao.org/faonocs/appl/');
INSERT INTO `country_name` VALUES (53,6,'AG','fr','Antigua-et-Barbuda','Antigua-et-Barbuda','http://termportal.fao.org/faonocs/appl/');
INSERT INTO `country_name` VALUES (54,6,'AG','it','Antigua e Barbuda','Antigua e Barbuda','http://termportal.fao.org/faonocs/appl/');
INSERT INTO `country_name` VALUES (55,6,'AG','zh','安提瓜和巴布达','安提瓜和巴布达','http://termportal.fao.org/faonocs/appl/');
INSERT INTO `country_name` VALUES (56,6,'AG','ru','Антигуа и Барбуда','Антигуа и Барбуда','http://termportal.fao.org/faonocs/appl/');
INSERT INTO `country_name` VALUES (57,9,'AU','ar','أستراليا','أستراليا','http://termportal.fao.org/faonocs/appl/');
INSERT INTO `country_name` VALUES (58,9,'AU','en','Australia','Australia','http://termportal.fao.org/faonocs/appl/');
INSERT INTO `country_name` VALUES (59,9,'AU','es','Australia','Australia','http://termportal.fao.org/faonocs/appl/');
INSERT INTO `country_name` VALUES (60,9,'AU','fr','Australie','l\'Australie','http://termportal.fao.org/faonocs/appl/');
INSERT INTO `country_name` VALUES (61,9,'AU','it','Australia','Australia','http://termportal.fao.org/faonocs/appl/');
INSERT INTO `country_name` VALUES (62,9,'AU','zh','澳大利亚','澳大利亚','http://termportal.fao.org/faonocs/appl/');
INSERT INTO `country_name` VALUES (63,9,'AU','ru','Австралия','Австралия','http://termportal.fao.org/faonocs/appl/');
INSERT INTO `country_name` VALUES (64,10,'AT','ar','النمسا','النمسا جمهورية ','http://termportal.fao.org/faonocs/appl/');
INSERT INTO `country_name` VALUES (65,10,'AT','en','Austria','the Republic of Austria','http://termportal.fao.org/faonocs/appl/');
INSERT INTO `country_name` VALUES (66,10,'AT','es','Austria','la República de Austria','http://termportal.fao.org/faonocs/appl/');
INSERT INTO `country_name` VALUES (67,10,'AT','fr','Autriche','la République d\'Autriche','http://termportal.fao.org/faonocs/appl/');
INSERT INTO `country_name` VALUES (68,10,'AT','it','Austria','Repubblica d\'Austria','http://termportal.fao.org/faonocs/appl/');
INSERT INTO `country_name` VALUES (69,10,'AT','zh','奥地利','奥地利共和国','http://termportal.fao.org/faonocs/appl/');
INSERT INTO `country_name` VALUES (70,10,'AT','ru','Австрия','Австрийская Республика','http://termportal.fao.org/faonocs/appl/');
INSERT INTO `country_name` VALUES (71,11,'AZ','ar','أذربيجان','الجمهورية الأذربيجانية ','http://termportal.fao.org/faonocs/appl/');
INSERT INTO `country_name` VALUES (72,11,'AZ','en','Azerbaijan','the Republic of Azerbaijan','http://termportal.fao.org/faonocs/appl/');
INSERT INTO `country_name` VALUES (73,11,'AZ','es','Azerbaiyán','la República de Azerbaiyán','http://termportal.fao.org/faonocs/appl/');
INSERT INTO `country_name` VALUES (74,11,'AZ','fr','Azerbaïdjan','la République d\'Azerbaïdjan','http://termportal.fao.org/faonocs/appl/');
INSERT INTO `country_name` VALUES (75,11,'AZ','it','Azerbaigian','Repubblica dell\'Azerbaigian','http://termportal.fao.org/faonocs/appl/');
INSERT INTO `country_name` VALUES (76,11,'AZ','zh','阿塞拜疆','阿塞拜疆共和国','http://termportal.fao.org/faonocs/appl/');
INSERT INTO `country_name` VALUES (77,11,'AZ','ru','Азербайджан','Азербайджанская Республика','http://termportal.fao.org/faonocs/appl/');
INSERT INTO `country_name` VALUES (78,27,'BI','ar','بوروندي','جمهورية بوروندي ','http://termportal.fao.org/faonocs/appl/');
INSERT INTO `country_name` VALUES (79,27,'BI','en','Burundi','the Republic of Burundi','http://termportal.fao.org/faonocs/appl/');
INSERT INTO `country_name` VALUES (80,27,'BI','es','Burundi','la República de Burundi','http://termportal.fao.org/faonocs/appl/');
INSERT INTO `country_name` VALUES (81,27,'BI','fr','Burundi','la République du Burundi','http://termportal.fao.org/faonocs/appl/');
INSERT INTO `country_name` VALUES (82,27,'BI','it','Burundi','Repubblica del Burundi','http://termportal.fao.org/faonocs/appl/');
INSERT INTO `country_name` VALUES (83,27,'BI','zh','布隆迪','布隆迪共和国','http://termportal.fao.org/faonocs/appl/');
INSERT INTO `country_name` VALUES (84,27,'BI','ru','Бурунди','Республика Бурунди','http://termportal.fao.org/faonocs/appl/');
INSERT INTO `country_name` VALUES (85,17,'BE','ar','بلجيكا','بلجيكا مملكة ','http://termportal.fao.org/faonocs/appl/');
INSERT INTO `country_name` VALUES (86,17,'BE','en','Belgium','the Kingdom of Belgium','http://termportal.fao.org/faonocs/appl/');
INSERT INTO `country_name` VALUES (87,17,'BE','es','Bélgica','el Reino de Bélgica','http://termportal.fao.org/faonocs/appl/');
INSERT INTO `country_name` VALUES (88,17,'BE','fr','Belgique','le Royaume de Belgique','http://termportal.fao.org/faonocs/appl/');
INSERT INTO `country_name` VALUES (89,17,'BE','it','Belgio','Regno del Belgio','http://termportal.fao.org/faonocs/appl/');
INSERT INTO `country_name` VALUES (90,17,'BE','zh','比利时','比利时王国','http://termportal.fao.org/faonocs/appl/');
INSERT INTO `country_name` VALUES (91,17,'BE','ru','Бельгия','Королевство Бельгия','http://termportal.fao.org/faonocs/appl/');
INSERT INTO `country_name` VALUES (92,19,'BJ','ar','بنن','جمهورية بنن ','http://termportal.fao.org/faonocs/appl/');
INSERT INTO `country_name` VALUES (93,19,'BJ','en','Benin','the Republic of Benin','http://termportal.fao.org/faonocs/appl/');
INSERT INTO `country_name` VALUES (94,19,'BJ','es','Benin','la República de Benin','http://termportal.fao.org/faonocs/appl/');
INSERT INTO `country_name` VALUES (95,19,'BJ','fr','Bénin','la République du Bénin','http://termportal.fao.org/faonocs/appl/');
INSERT INTO `country_name` VALUES (96,19,'BJ','it','Benin','Repubblica del Benin','http://termportal.fao.org/faonocs/appl/');
INSERT INTO `country_name` VALUES (97,19,'BJ','zh','贝 宁','贝宁共和国','http://termportal.fao.org/faonocs/appl/');
INSERT INTO `country_name` VALUES (98,19,'BJ','ru','Бенин','Республика Бенин','http://termportal.fao.org/faonocs/appl/');
INSERT INTO `country_name` VALUES (99,26,'BF','ar','بوركينا فاسو ','بوركينا فاسو ','http://termportal.fao.org/faonocs/appl/');
INSERT INTO `country_name` VALUES (100,26,'BF','en','Burkina Faso','Burkina Faso','http://termportal.fao.org/faonocs/appl/');
INSERT INTO `country_name` VALUES (101,26,'BF','es','Burkina Faso','Burkina Faso','http://termportal.fao.org/faonocs/appl/');
INSERT INTO `country_name` VALUES (102,26,'BF','fr','Burkina Faso','le Burkina Faso','http://termportal.fao.org/faonocs/appl/');
INSERT INTO `country_name` VALUES (103,26,'BF','it','Burkina Faso','Burkina Faso','http://termportal.fao.org/faonocs/appl/');
INSERT INTO `country_name` VALUES (104,26,'BF','zh','布基纳法索','布基纳法索','http://termportal.fao.org/faonocs/appl/');
INSERT INTO `country_name` VALUES (105,26,'BF','ru','Буркина-Фасо','Буркина-Фасо','http://termportal.fao.org/faonocs/appl/');
INSERT INTO `country_name` VALUES (106,14,'BD','ar','بنغلاديش','الشعبية بنغلاديش جمهورية ','http://termportal.fao.org/faonocs/appl/');
INSERT INTO `country_name` VALUES (107,14,'BD','en','Bangladesh','the People\'s Republic of Bangladesh','http://termportal.fao.org/faonocs/appl/');
INSERT INTO `country_name` VALUES (108,14,'BD','es','Bangladesh','la República Popular de Bangladesh','http://termportal.fao.org/faonocs/appl/');
INSERT INTO `country_name` VALUES (109,14,'BD','fr','Bangladesh','la République populaire du Bangladesh','http://termportal.fao.org/faonocs/appl/');
INSERT INTO `country_name` VALUES (110,14,'BD','it','Bangladesh','Repubblica popolare del Bangladesh','http://termportal.fao.org/faonocs/appl/');
INSERT INTO `country_name` VALUES (111,14,'BD','zh','孟加拉国','孟加拉人民共和国','http://termportal.fao.org/faonocs/appl/');
INSERT INTO `country_name` VALUES (112,14,'BD','ru','Бангладеш','Народная Республика Бангладеш','http://termportal.fao.org/faonocs/appl/');
INSERT INTO `country_name` VALUES (113,25,'BG','ar','بلغاريا','جمهورية بلغاريا ','http://termportal.fao.org/faonocs/appl/');
INSERT INTO `country_name` VALUES (114,25,'BG','en','Bulgaria','the Republic of Bulgaria','http://termportal.fao.org/faonocs/appl/');
INSERT INTO `country_name` VALUES (115,25,'BG','es','Bulgaria','la República de Bulgaria','http://termportal.fao.org/faonocs/appl/');
INSERT INTO `country_name` VALUES (116,25,'BG','fr','Bulgarie','la République de Bulgarie','http://termportal.fao.org/faonocs/appl/');
INSERT INTO `country_name` VALUES (117,25,'BG','it','Bulgaria','Repubblica di Bulgaria','http://termportal.fao.org/faonocs/appl/');
INSERT INTO `country_name` VALUES (118,25,'BG','zh','保加利亚','保加利亚共和国','http://termportal.fao.org/faonocs/appl/');
INSERT INTO `country_name` VALUES (119,25,'BG','ru','Болгария','Республика Болгария','http://termportal.fao.org/faonocs/appl/');
INSERT INTO `country_name` VALUES (120,13,'BH','ar','البحرين','مملكة البحرين ','http://termportal.fao.org/faonocs/appl/');
INSERT INTO `country_name` VALUES (121,13,'BH','en','Bahrain','the Kingdom of Bahrain','http://termportal.fao.org/faonocs/appl/');
INSERT INTO `country_name` VALUES (122,13,'BH','es','Bahrein','el Reino de Bahrein','http://termportal.fao.org/faonocs/appl/');
INSERT INTO `country_name` VALUES (123,13,'BH','fr','Bahreïn','le Royaume de Bahreïn','http://termportal.fao.org/faonocs/appl/');
INSERT INTO `country_name` VALUES (124,13,'BH','it','Bahrein','Regno del Bahrein','http://termportal.fao.org/faonocs/appl/');
INSERT INTO `country_name` VALUES (125,13,'BH','zh','巴 林','巴林王国','http://termportal.fao.org/faonocs/appl/');
INSERT INTO `country_name` VALUES (126,13,'BH','ru','Бахрейн','Королевство Бахрейн','http://termportal.fao.org/faonocs/appl/');
INSERT INTO `country_name` VALUES (127,12,'BS','ar','البهاما جزر ','البهاما جزر كمنولث ','http://termportal.fao.org/faonocs/appl/');
INSERT INTO `country_name` VALUES (128,12,'BS','en','Bahamas','the Commonwealth of the Bahamas','http://termportal.fao.org/faonocs/appl/');
INSERT INTO `country_name` VALUES (129,12,'BS','es','Bahamas','el Commonwealth de las Bahamas','http://termportal.fao.org/faonocs/appl/');
INSERT INTO `country_name` VALUES (130,12,'BS','fr','Bahamas','le Commonwealth des Bahamas','http://termportal.fao.org/faonocs/appl/');
INSERT INTO `country_name` VALUES (131,12,'BS','it','Bahamas','Commonwealth delle Bahamas','http://termportal.fao.org/faonocs/appl/');
INSERT INTO `country_name` VALUES (132,12,'BS','zh','巴哈马','巴哈马国','http://termportal.fao.org/faonocs/appl/');
INSERT INTO `country_name` VALUES (133,12,'BS','ru','Багамские Острова','Содружество Багамских Островов','http://termportal.fao.org/faonocs/appl/');
INSERT INTO `country_name` VALUES (134,21,'BA','ar','والهرسك البوسنة ','والهرسك البوسنة ','http://termportal.fao.org/faonocs/appl/');
INSERT INTO `country_name` VALUES (135,21,'BA','en','Bosnia and Herzegovina','Bosnia and Herzegovina','http://termportal.fao.org/faonocs/appl/');
INSERT INTO `country_name` VALUES (136,21,'BA','es','Bosnia y Herzegovina','Bosnia y Herzegovina','http://termportal.fao.org/faonocs/appl/');
INSERT INTO `country_name` VALUES (137,21,'BA','fr','Bosnie-Herzégovine','la Bosnie-Herzégovine','http://termportal.fao.org/faonocs/appl/');
INSERT INTO `country_name` VALUES (138,21,'BA','it','Bosnia-Erzegovina','Bosnia-Erzegovina','http://termportal.fao.org/faonocs/appl/');
INSERT INTO `country_name` VALUES (139,21,'BA','zh','波斯尼亚和黑塞哥维那','波斯尼亚和黑塞哥维那','http://termportal.fao.org/faonocs/appl/');
INSERT INTO `country_name` VALUES (140,21,'BA','ru','Босния и Герцеговина','Босния и Герцеговина','http://termportal.fao.org/faonocs/appl/');
INSERT INTO `country_name` VALUES (141,16,'BY','ar','بيلاروس','بيلاروس جمهورية ','http://termportal.fao.org/faonocs/appl/');
INSERT INTO `country_name` VALUES (142,16,'BY','en','Belarus','the Republic of Belarus','http://termportal.fao.org/faonocs/appl/');
INSERT INTO `country_name` VALUES (143,16,'BY','es','Belarús','la República de Belarús','http://termportal.fao.org/faonocs/appl/');
INSERT INTO `country_name` VALUES (144,16,'BY','fr','Bélarus','la République du Bélarus','http://termportal.fao.org/faonocs/appl/');
INSERT INTO `country_name` VALUES (145,16,'BY','it','Bielorussia','Repubblica di Bielorussia','http://termportal.fao.org/faonocs/appl/');
INSERT INTO `country_name` VALUES (146,16,'BY','zh','白俄罗斯','白俄罗斯共和国','http://termportal.fao.org/faonocs/appl/');
INSERT INTO `country_name` VALUES (147,16,'BY','ru','Беларусь','Республика Беларусь','http://termportal.fao.org/faonocs/appl/');
INSERT INTO `country_name` VALUES (148,18,'BZ','ar','بليز','بليز','http://termportal.fao.org/faonocs/appl/');
INSERT INTO `country_name` VALUES (149,18,'BZ','en','Belize','Belize','http://termportal.fao.org/faonocs/appl/');
INSERT INTO `country_name` VALUES (150,18,'BZ','es','Belice','Belice','http://termportal.fao.org/faonocs/appl/');
INSERT INTO `country_name` VALUES (151,18,'BZ','fr','Belize','le Belize','http://termportal.fao.org/faonocs/appl/');
INSERT INTO `country_name` VALUES (152,18,'BZ','it','Belize','Belize','http://termportal.fao.org/faonocs/appl/');
INSERT INTO `country_name` VALUES (153,18,'BZ','zh','伯利兹','伯利兹','http://termportal.fao.org/faonocs/appl/');
INSERT INTO `country_name` VALUES (154,18,'BZ','ru','Белиз','Белиз','http://termportal.fao.org/faonocs/appl/');
INSERT INTO `country_name` VALUES (155,182,'BO','ar','بوليفيا - دولة - المتعددة القوميات ','دولة بوليفيا المتعددة القوميات ','http://termportal.fao.org/faonocs/appl/');
INSERT INTO `country_name` VALUES (156,182,'BO','en','Bolivia (Plurinational State of)','the Plurinational State of Bolivia','http://termportal.fao.org/faonocs/appl/');
INSERT INTO `country_name` VALUES (157,182,'BO','es','Bolivia (Estado Plurinacional de)','Estado Plurinacional de Bolivia','http://termportal.fao.org/faonocs/appl/');
INSERT INTO `country_name` VALUES (158,182,'BO','fr','Bolivie (État plurinational de)','l\'État plurinational de Bolivie','http://termportal.fao.org/faonocs/appl/');
INSERT INTO `country_name` VALUES (159,182,'BO','it','Bolivia (Stato plurinazionale della)','Stato plurinazionale della Bolivia','http://termportal.fao.org/faonocs/appl/');
INSERT INTO `country_name` VALUES (160,182,'BO','zh','玻利维亚（多民族国）','玻利维亚多民族国','http://termportal.fao.org/faonocs/appl/');
INSERT INTO `country_name` VALUES (161,182,'BO','ru','Боливия (Многонациональное Государство)','Многонациональное Государство Боливия','http://termportal.fao.org/faonocs/appl/');
INSERT INTO `country_name` VALUES (162,23,'BR','ar','البرازيل','الجمهورية الاتحادية البرازيلية ','http://termportal.fao.org/faonocs/appl/');
INSERT INTO `country_name` VALUES (163,23,'BR','en','Brazil','the Federative Republic of Brazil','http://termportal.fao.org/faonocs/appl/');
INSERT INTO `country_name` VALUES (164,23,'BR','es','Brasil','la República Federativa del Brasil','http://termportal.fao.org/faonocs/appl/');
INSERT INTO `country_name` VALUES (165,23,'BR','fr','Brésil','la République fédérative du Brésil','http://termportal.fao.org/faonocs/appl/');
INSERT INTO `country_name` VALUES (166,23,'BR','it','Brasile','Repubblica federativa del Brasile','http://termportal.fao.org/faonocs/appl/');
INSERT INTO `country_name` VALUES (167,23,'BR','zh','巴 西','巴西联邦共和国','http://termportal.fao.org/faonocs/appl/');
INSERT INTO `country_name` VALUES (168,23,'BR','ru','Бразилия','Федеративная Республика Бразилия','http://termportal.fao.org/faonocs/appl/');
INSERT INTO `country_name` VALUES (169,15,'BB','ar','بربادوس','بربادوس','http://termportal.fao.org/faonocs/appl/');
INSERT INTO `country_name` VALUES (170,15,'BB','en','Barbados','Barbados','http://termportal.fao.org/faonocs/appl/');
INSERT INTO `country_name` VALUES (171,15,'BB','es','Barbados','Barbados','http://termportal.fao.org/faonocs/appl/');
INSERT INTO `country_name` VALUES (172,15,'BB','fr','Barbade','la Barbade','http://termportal.fao.org/faonocs/appl/');
INSERT INTO `country_name` VALUES (173,15,'BB','it','Barbados','Barbados','http://termportal.fao.org/faonocs/appl/');
INSERT INTO `country_name` VALUES (174,15,'BB','zh','巴巴多斯','巴巴多斯','http://termportal.fao.org/faonocs/appl/');
INSERT INTO `country_name` VALUES (175,15,'BB','ru','Барбадос','Барбадос','http://termportal.fao.org/faonocs/appl/');
INSERT INTO `country_name` VALUES (176,24,'BN','ar','السلام دار برونى ','السلام دار بروني ','http://termportal.fao.org/faonocs/appl/');
INSERT INTO `country_name` VALUES (177,24,'BN','en','Brunei Darussalam','Brunei Darussalam','http://termportal.fao.org/faonocs/appl/');
INSERT INTO `country_name` VALUES (178,24,'BN','es','Brunei Darussalam','Brunei Darussalam','http://termportal.fao.org/faonocs/appl/');
INSERT INTO `country_name` VALUES (179,24,'BN','fr','Brunéi Darussalam','le Brunéi Darussalam','http://termportal.fao.org/faonocs/appl/');
INSERT INTO `country_name` VALUES (180,24,'BN','it','Brunei','Stato di Brunei Darussalam','http://termportal.fao.org/faonocs/appl/');
INSERT INTO `country_name` VALUES (181,24,'BN','zh','文莱达鲁萨兰国','文莱达鲁萨兰国','http://termportal.fao.org/faonocs/appl/');
INSERT INTO `country_name` VALUES (182,24,'BN','ru','Бруней-Даруссалам','Бруней-Даруссалам','http://termportal.fao.org/faonocs/appl/');
INSERT INTO `country_name` VALUES (183,20,'BT','ar','بوتان','بوتان مملكة ','http://termportal.fao.org/faonocs/appl/');
INSERT INTO `country_name` VALUES (184,20,'BT','en','Bhutan','the Kingdom of Bhutan','http://termportal.fao.org/faonocs/appl/');
INSERT INTO `country_name` VALUES (185,20,'BT','es','Bhután','el Reino de Bhután','http://termportal.fao.org/faonocs/appl/');
INSERT INTO `country_name` VALUES (186,20,'BT','fr','Bhoutan','le Royaume du Bhoutan','http://termportal.fao.org/faonocs/appl/');
INSERT INTO `country_name` VALUES (187,20,'BT','it','Bhutan','Regno del Bhutan','http://termportal.fao.org/faonocs/appl/');
INSERT INTO `country_name` VALUES (188,20,'BT','zh','不 丹','不丹王国','http://termportal.fao.org/faonocs/appl/');
INSERT INTO `country_name` VALUES (189,20,'BT','ru','Бутан','Королевство Бутан','http://termportal.fao.org/faonocs/appl/');
INSERT INTO `country_name` VALUES (190,22,'BW','ar','بوتسوانا','بوتسوانا جمهورية ','http://termportal.fao.org/faonocs/appl/');
INSERT INTO `country_name` VALUES (191,22,'BW','en','Botswana','the Republic of Botswana','http://termportal.fao.org/faonocs/appl/');
INSERT INTO `country_name` VALUES (192,22,'BW','es','Botswana','la República de Botswana','http://termportal.fao.org/faonocs/appl/');
INSERT INTO `country_name` VALUES (193,22,'BW','fr','Botswana','la République du Botswana','http://termportal.fao.org/faonocs/appl/');
INSERT INTO `country_name` VALUES (194,22,'BW','it','Botswana','Repubblica del Botswana','http://termportal.fao.org/faonocs/appl/');
INSERT INTO `country_name` VALUES (195,22,'BW','zh','博茨瓦纳','博茨瓦纳共和国','http://termportal.fao.org/faonocs/appl/');
INSERT INTO `country_name` VALUES (196,22,'BW','ru','Ботсвана','Республика Ботсвана','http://termportal.fao.org/faonocs/appl/');
INSERT INTO `country_name` VALUES (197,32,'CF','ar','الوسطى أفريقيا جمهورية ','الوسطى أفريقيا جمهورية ','http://termportal.fao.org/faonocs/appl/');
INSERT INTO `country_name` VALUES (198,32,'CF','en','Central African Republic','the Central African Republic','http://termportal.fao.org/faonocs/appl/');
INSERT INTO `country_name` VALUES (199,32,'CF','es','República Centroafricana','la República Centroafricana','http://termportal.fao.org/faonocs/appl/');
INSERT INTO `country_name` VALUES (200,32,'CF','fr','République centrafricaine','la République centrafricaine','http://termportal.fao.org/faonocs/appl/');
INSERT INTO `country_name` VALUES (201,32,'CF','it','Repubblica centrafricana','Repubblica centrafricana','http://termportal.fao.org/faonocs/appl/');
INSERT INTO `country_name` VALUES (202,32,'CF','zh','中非共和国','中非共和国','http://termportal.fao.org/faonocs/appl/');
INSERT INTO `country_name` VALUES (203,32,'CF','ru','Центральноафриканская Республика','Центральноафриканская Республика','http://termportal.fao.org/faonocs/appl/');
INSERT INTO `country_name` VALUES (204,30,'CA','ar','كندا','كندا','http://termportal.fao.org/faonocs/appl/');
INSERT INTO `country_name` VALUES (205,30,'CA','en','Canada','Canada','http://termportal.fao.org/faonocs/appl/');
INSERT INTO `country_name` VALUES (206,30,'CA','es','Canadá','el Canadá','http://termportal.fao.org/faonocs/appl/');
INSERT INTO `country_name` VALUES (207,30,'CA','fr','Canada','le Canada','http://termportal.fao.org/faonocs/appl/');
INSERT INTO `country_name` VALUES (208,30,'CA','it','Canada','Canada','http://termportal.fao.org/faonocs/appl/');
INSERT INTO `country_name` VALUES (209,30,'CA','zh','加拿大','加拿大','http://termportal.fao.org/faonocs/appl/');
INSERT INTO `country_name` VALUES (210,30,'CA','ru','Канада','Канада','http://termportal.fao.org/faonocs/appl/');
INSERT INTO `country_name` VALUES (211,159,'CH','ar','سويسرا','الاتحاد السويسري ','http://termportal.fao.org/faonocs/appl/');
INSERT INTO `country_name` VALUES (212,159,'CH','en','Switzerland','the Swiss Confederation','http://termportal.fao.org/faonocs/appl/');
INSERT INTO `country_name` VALUES (213,159,'CH','es','Suiza','la Confederación Suiza','http://termportal.fao.org/faonocs/appl/');
INSERT INTO `country_name` VALUES (214,159,'CH','fr','Suisse','la Confédération suisse','http://termportal.fao.org/faonocs/appl/');
INSERT INTO `country_name` VALUES (215,159,'CH','it','Svizzera','Confederazione svizzera','http://termportal.fao.org/faonocs/appl/');
INSERT INTO `country_name` VALUES (216,159,'CH','zh','瑞 士','瑞士联邦','http://termportal.fao.org/faonocs/appl/');
INSERT INTO `country_name` VALUES (217,159,'CH','ru','Швейцария','Швейцарская Конфедерация','http://termportal.fao.org/faonocs/appl/');
INSERT INTO `country_name` VALUES (218,34,'CL','ar','شيلى','جمهورية شيلى ','http://termportal.fao.org/faonocs/appl/');
INSERT INTO `country_name` VALUES (219,34,'CL','en','Chile','the Republic of Chile','http://termportal.fao.org/faonocs/appl/');
INSERT INTO `country_name` VALUES (220,34,'CL','es','Chile','la República de Chile','http://termportal.fao.org/faonocs/appl/');
INSERT INTO `country_name` VALUES (221,34,'CL','fr','Chili','la République du Chili','http://termportal.fao.org/faonocs/appl/');
INSERT INTO `country_name` VALUES (222,34,'CL','it','Cile','Repubblica del Cile','http://termportal.fao.org/faonocs/appl/');
INSERT INTO `country_name` VALUES (223,34,'CL','zh','智 利','智利共和国','http://termportal.fao.org/faonocs/appl/');
INSERT INTO `country_name` VALUES (224,34,'CL','ru','Чили','Республика Чили','http://termportal.fao.org/faonocs/appl/');
INSERT INTO `country_name` VALUES (225,35,'CN','ar','الصين','الشعبية الصين جمهورية ','http://termportal.fao.org/faonocs/appl/');
INSERT INTO `country_name` VALUES (226,35,'CN','en','China','the People\'s Republic of China','http://termportal.fao.org/faonocs/appl/');
INSERT INTO `country_name` VALUES (227,35,'CN','es','China','la República Popular China','http://termportal.fao.org/faonocs/appl/');
INSERT INTO `country_name` VALUES (228,35,'CN','fr','Chine','la République populaire de Chine','http://termportal.fao.org/faonocs/appl/');
INSERT INTO `country_name` VALUES (229,35,'CN','it','Cina','Repubblica popolare cinese','http://termportal.fao.org/faonocs/appl/');
INSERT INTO `country_name` VALUES (230,35,'CN','zh','中 国','中华人民共和国','http://termportal.fao.org/faonocs/appl/');
INSERT INTO `country_name` VALUES (231,35,'CN','ru','Китай','Китайская Народная Республика','http://termportal.fao.org/faonocs/appl/');
INSERT INTO `country_name` VALUES (232,44,'CI','ar','ديفوار كوت ','ديفوار كوت جمهورية ','http://termportal.fao.org/faonocs/appl/');
INSERT INTO `country_name` VALUES (233,44,'CI','en','Côte d\'Ivoire','the Republic of Côte d\'Ivoire','http://termportal.fao.org/faonocs/appl/');
INSERT INTO `country_name` VALUES (234,44,'CI','es','Côte d\'Ivoire','la República de Côte d\'Ivoire','http://termportal.fao.org/faonocs/appl/');
INSERT INTO `country_name` VALUES (235,44,'CI','fr','Côte d\'Ivoire','la République de Côte d\'Ivoire','http://termportal.fao.org/faonocs/appl/');
INSERT INTO `country_name` VALUES (236,44,'CI','it','Côte d`Ivoire','Repubblica della Côte d\'Ivoire','http://termportal.fao.org/faonocs/appl/');
INSERT INTO `country_name` VALUES (237,44,'CI','zh','科特迪瓦','科特迪瓦共和国','http://termportal.fao.org/faonocs/appl/');
INSERT INTO `country_name` VALUES (238,44,'CI','ru','Кот-д`Ивуар','Республика Кот-д`Ивуар','http://termportal.fao.org/faonocs/appl/');
INSERT INTO `country_name` VALUES (239,29,'CM','ar','الكاميرون','جمهورية الكاميرون ','http://termportal.fao.org/faonocs/appl/');
INSERT INTO `country_name` VALUES (240,29,'CM','en','Cameroon','the Republic of Cameroon','http://termportal.fao.org/faonocs/appl/');
INSERT INTO `country_name` VALUES (241,29,'CM','es','Camerún','la República del Camerún','http://termportal.fao.org/faonocs/appl/');
INSERT INTO `country_name` VALUES (242,29,'CM','fr','Cameroun','la République du Cameroun','http://termportal.fao.org/faonocs/appl/');
INSERT INTO `country_name` VALUES (243,29,'CM','it','Camerun','Repubblica del Camerun','http://termportal.fao.org/faonocs/appl/');
INSERT INTO `country_name` VALUES (244,29,'CM','zh','喀麦隆','喀麦隆共和国','http://termportal.fao.org/faonocs/appl/');
INSERT INTO `country_name` VALUES (245,29,'CM','ru','Камерун','Республика Камерун','http://termportal.fao.org/faonocs/appl/');
INSERT INTO `country_name` VALUES (246,183,'CD','ar','الديمقراطية الكونغو جمهورية ','الديمقراطية الكونغو جمهورية ','http://termportal.fao.org/faonocs/appl/');
INSERT INTO `country_name` VALUES (247,183,'CD','en','Democratic Republic of the Congo','the Democratic Republic of the Congo','http://termportal.fao.org/faonocs/appl/');
INSERT INTO `country_name` VALUES (248,183,'CD','es','República Democrática del Congo','la República Democrática del Congo','http://termportal.fao.org/faonocs/appl/');
INSERT INTO `country_name` VALUES (249,183,'CD','fr','République démocratique du Congo','la République démocratique du Congo','http://termportal.fao.org/faonocs/appl/');
INSERT INTO `country_name` VALUES (250,183,'CD','it','Repubblica democratica del Congo','Repubblica democratica del Congo','http://termportal.fao.org/faonocs/appl/');
INSERT INTO `country_name` VALUES (251,183,'CD','zh','刚果民主共和国','刚果民主共和国','http://termportal.fao.org/faonocs/appl/');
INSERT INTO `country_name` VALUES (252,183,'CD','ru','Демократическая Республика Конго','Демократическая Республика Конго','http://termportal.fao.org/faonocs/appl/');
INSERT INTO `country_name` VALUES (253,38,'CG','ar','الكونغو','الكونغو جمهورية ','http://termportal.fao.org/faonocs/appl/');
INSERT INTO `country_name` VALUES (254,38,'CG','en','Congo','the Republic of the Congo','http://termportal.fao.org/faonocs/appl/');
INSERT INTO `country_name` VALUES (255,38,'CG','es','Congo','la República del Congo','http://termportal.fao.org/faonocs/appl/');
INSERT INTO `country_name` VALUES (256,38,'CG','fr','Congo','la République du Congo','http://termportal.fao.org/faonocs/appl/');
INSERT INTO `country_name` VALUES (257,38,'CG','it','Congo','Repubblica del Congo','http://termportal.fao.org/faonocs/appl/');
INSERT INTO `country_name` VALUES (258,38,'CG','zh','刚 果','刚果共和国','http://termportal.fao.org/faonocs/appl/');
INSERT INTO `country_name` VALUES (259,38,'CG','ru','Конго','Республика Конго','http://termportal.fao.org/faonocs/appl/');
INSERT INTO `country_name` VALUES (260,181,'CK','ar','كوك جزر ','كوك جزر ','http://termportal.fao.org/faonocs/appl/');
INSERT INTO `country_name` VALUES (261,181,'CK','en','Cook Islands','the Cook Islands','http://termportal.fao.org/faonocs/appl/');
INSERT INTO `country_name` VALUES (262,181,'CK','es','Islas Cook','las Islas Cook','http://termportal.fao.org/faonocs/appl/');
INSERT INTO `country_name` VALUES (263,181,'CK','fr','Îles Cook','les Îles Cook','http://termportal.fao.org/faonocs/appl/');
INSERT INTO `country_name` VALUES (264,181,'CK','it','Isole Cook','Isole Cook','http://termportal.fao.org/faonocs/appl/');
INSERT INTO `country_name` VALUES (265,181,'CK','zh','库克群岛','库克群岛','http://termportal.fao.org/faonocs/appl/');
INSERT INTO `country_name` VALUES (266,181,'CK','ru','Острова Кука','Острова Кука','http://termportal.fao.org/faonocs/appl/');
INSERT INTO `country_name` VALUES (267,36,'CO','ar','كولومبيا','جمهورية كولومبيا ','http://termportal.fao.org/faonocs/appl/');
INSERT INTO `country_name` VALUES (268,36,'CO','en','Colombia','the Republic of Colombia','http://termportal.fao.org/faonocs/appl/');
INSERT INTO `country_name` VALUES (269,36,'CO','es','Colombia','la República de Colombia','http://termportal.fao.org/faonocs/appl/');
INSERT INTO `country_name` VALUES (270,36,'CO','fr','Colombie','la République de Colombie','http://termportal.fao.org/faonocs/appl/');
INSERT INTO `country_name` VALUES (271,36,'CO','it','Colombia','Repubblica di Colombia','http://termportal.fao.org/faonocs/appl/');
INSERT INTO `country_name` VALUES (272,36,'CO','zh','哥伦比亚','哥伦比亚共和国','http://termportal.fao.org/faonocs/appl/');
INSERT INTO `country_name` VALUES (273,36,'CO','ru','Колумбия','Республика Колумбия','http://termportal.fao.org/faonocs/appl/');
INSERT INTO `country_name` VALUES (274,37,'KM','ar','جزر القمر ','اتحاد جزر القمر ','http://termportal.fao.org/faonocs/appl/');
INSERT INTO `country_name` VALUES (275,37,'KM','en','Comoros','the Union of the Comoros','http://termportal.fao.org/faonocs/appl/');
INSERT INTO `country_name` VALUES (276,37,'KM','es','Comoras','la Unión de las Comoras','http://termportal.fao.org/faonocs/appl/');
INSERT INTO `country_name` VALUES (277,37,'KM','fr','Comores','l\'Union des Comores','http://termportal.fao.org/faonocs/appl/');
INSERT INTO `country_name` VALUES (278,37,'KM','it','Isole Comore','Unione delle Comore','http://termportal.fao.org/faonocs/appl/');
INSERT INTO `country_name` VALUES (279,37,'KM','zh','科摩罗','科摩罗联盟','http://termportal.fao.org/faonocs/appl/');
INSERT INTO `country_name` VALUES (280,37,'KM','ru','Коморские Острова','Союз Коморских Островов','http://termportal.fao.org/faonocs/appl/');
INSERT INTO `country_name` VALUES (281,31,'CV','ar','كابو فيردي ','جمهورية كابو فيردي ','http://termportal.fao.org/faonocs/appl/');
INSERT INTO `country_name` VALUES (282,31,'CV','en','Cabo Verde','Republic of Cabo Verde','http://termportal.fao.org/faonocs/appl/');
INSERT INTO `country_name` VALUES (283,31,'CV','es','Cabo Verde','la República de Cabo Verde','http://termportal.fao.org/faonocs/appl/');
INSERT INTO `country_name` VALUES (284,31,'CV','fr','Cabo Verde','la République de Cabo Verde','http://termportal.fao.org/faonocs/appl/');
INSERT INTO `country_name` VALUES (285,31,'CV','it','Cabo Verde','Repubblica del Cabo Verde','http://termportal.fao.org/faonocs/appl/');
INSERT INTO `country_name` VALUES (286,31,'CV','zh','佛得角','佛得角共和国','http://termportal.fao.org/faonocs/appl/');
INSERT INTO `country_name` VALUES (287,31,'CV','ru','Кабо-Верде','Республика Кабо-Верде','http://termportal.fao.org/faonocs/appl/');
INSERT INTO `country_name` VALUES (288,39,'CR','ar','كوستاريكا','جمهورية كوستاريكا ','http://termportal.fao.org/faonocs/appl/');
INSERT INTO `country_name` VALUES (289,39,'CR','en','Costa Rica','the Republic of Costa Rica','http://termportal.fao.org/faonocs/appl/');
INSERT INTO `country_name` VALUES (290,39,'CR','es','Costa Rica','la República de Costa Rica','http://termportal.fao.org/faonocs/appl/');
INSERT INTO `country_name` VALUES (291,39,'CR','fr','Costa Rica','la République du Costa Rica','http://termportal.fao.org/faonocs/appl/');
INSERT INTO `country_name` VALUES (292,39,'CR','it','Costa Rica','Repubblica di Costa Rica','http://termportal.fao.org/faonocs/appl/');
INSERT INTO `country_name` VALUES (293,39,'CR','zh','哥斯达黎加','哥斯达黎加共和国','http://termportal.fao.org/faonocs/appl/');
INSERT INTO `country_name` VALUES (294,39,'CR','ru','Коста-Рика','Республика Коста-Рика','http://termportal.fao.org/faonocs/appl/');
INSERT INTO `country_name` VALUES (295,41,'CU','ar','كوبا','جمهورية كوبا ','http://termportal.fao.org/faonocs/appl/');
INSERT INTO `country_name` VALUES (296,41,'CU','en','Cuba','the Republic of Cuba','http://termportal.fao.org/faonocs/appl/');
INSERT INTO `country_name` VALUES (297,41,'CU','es','Cuba','la República de Cuba','http://termportal.fao.org/faonocs/appl/');
INSERT INTO `country_name` VALUES (298,41,'CU','fr','Cuba','la République de Cuba','http://termportal.fao.org/faonocs/appl/');
INSERT INTO `country_name` VALUES (299,41,'CU','it','Cuba','Repubblica di Cuba','http://termportal.fao.org/faonocs/appl/');
INSERT INTO `country_name` VALUES (300,41,'CU','zh','古 巴','古巴共和国','http://termportal.fao.org/faonocs/appl/');
INSERT INTO `country_name` VALUES (301,41,'CU','ru','Куба','Республика Куба','http://termportal.fao.org/faonocs/appl/');
INSERT INTO `country_name` VALUES (302,42,'CY','ar','قبرص','جمهورية قبرص ','http://termportal.fao.org/faonocs/appl/');
INSERT INTO `country_name` VALUES (303,42,'CY','en','Cyprus','the Republic of Cyprus','http://termportal.fao.org/faonocs/appl/');
INSERT INTO `country_name` VALUES (304,42,'CY','es','Chipre','la República de Chipre','http://termportal.fao.org/faonocs/appl/');
INSERT INTO `country_name` VALUES (305,42,'CY','fr','Chypre','la République de Chypre','http://termportal.fao.org/faonocs/appl/');
INSERT INTO `country_name` VALUES (306,42,'CY','it','Cipro','Repubblica di Cipro','http://termportal.fao.org/faonocs/appl/');
INSERT INTO `country_name` VALUES (307,42,'CY','zh','塞浦路斯','塞浦路斯共和国','http://termportal.fao.org/faonocs/appl/');
INSERT INTO `country_name` VALUES (308,42,'CY','ru','Кипр','Республика Кипр','http://termportal.fao.org/faonocs/appl/');
INSERT INTO `country_name` VALUES (309,43,'CZ','ar','التشيكية الجمهورية ','التشيكية الجمهورية ','http://termportal.fao.org/faonocs/appl/');
INSERT INTO `country_name` VALUES (310,43,'CZ','en','Czechia','the Czech Republic','http://termportal.fao.org/faonocs/appl/');
INSERT INTO `country_name` VALUES (311,43,'CZ','es','República Checa','la República Checa','http://termportal.fao.org/faonocs/appl/');
INSERT INTO `country_name` VALUES (312,43,'CZ','fr','République tchèque','la République tchèque','http://termportal.fao.org/faonocs/appl/');
INSERT INTO `country_name` VALUES (313,43,'CZ','it','Repubblica ceca','Repubblica ceca','http://termportal.fao.org/faonocs/appl/');
INSERT INTO `country_name` VALUES (314,43,'CZ','zh','捷克共和国','捷克共和国','http://termportal.fao.org/faonocs/appl/');
INSERT INTO `country_name` VALUES (315,43,'CZ','ru','Чешская Республика','Чешская Республика','http://termportal.fao.org/faonocs/appl/');
INSERT INTO `country_name` VALUES (316,62,'DE','ar','ألمانيا','الاتحادية ألمانيا جمهورية ','http://termportal.fao.org/faonocs/appl/');
INSERT INTO `country_name` VALUES (317,62,'DE','en','Germany','the Federal Republic of Germany','http://termportal.fao.org/faonocs/appl/');
INSERT INTO `country_name` VALUES (318,62,'DE','es','Alemania','la República Federal de Alemania','http://termportal.fao.org/faonocs/appl/');
INSERT INTO `country_name` VALUES (319,62,'DE','fr','Allemagne','la République fédérale d\'Allemagne','http://termportal.fao.org/faonocs/appl/');
INSERT INTO `country_name` VALUES (320,62,'DE','it','Germania','Repubblica federale di Germania','http://termportal.fao.org/faonocs/appl/');
INSERT INTO `country_name` VALUES (321,62,'DE','zh','德 国','德意志联邦共和国','http://termportal.fao.org/faonocs/appl/');
INSERT INTO `country_name` VALUES (322,62,'DE','ru','Германия','Федеративная Республика Германия','http://termportal.fao.org/faonocs/appl/');
INSERT INTO `country_name` VALUES (323,46,'DJ','ar','جيبوتي','جيبوتي جمهورية ','http://termportal.fao.org/faonocs/appl/');
INSERT INTO `country_name` VALUES (324,46,'DJ','en','Djibouti','the Republic of Djibouti','http://termportal.fao.org/faonocs/appl/');
INSERT INTO `country_name` VALUES (325,46,'DJ','es','Djibouti','la República de Djibouti','http://termportal.fao.org/faonocs/appl/');
INSERT INTO `country_name` VALUES (326,46,'DJ','fr','Djibouti','la République de Djibouti','http://termportal.fao.org/faonocs/appl/');
INSERT INTO `country_name` VALUES (327,46,'DJ','it','Gibuti','Repubblica di Gibuti','http://termportal.fao.org/faonocs/appl/');
INSERT INTO `country_name` VALUES (328,46,'DJ','zh','吉布提','吉布提共和国','http://termportal.fao.org/faonocs/appl/');
INSERT INTO `country_name` VALUES (329,46,'DJ','ru','Джибути','Республика Джибути','http://termportal.fao.org/faonocs/appl/');
INSERT INTO `country_name` VALUES (330,47,'DM','ar','دومينيكا','كمنولث دومينيكا ','http://termportal.fao.org/faonocs/appl/');
INSERT INTO `country_name` VALUES (331,47,'DM','en','Dominica','the Commonwealth of Dominica','http://termportal.fao.org/faonocs/appl/');
INSERT INTO `country_name` VALUES (332,47,'DM','es','Dominica','el Commonwealth de Dominica','http://termportal.fao.org/faonocs/appl/');
INSERT INTO `country_name` VALUES (333,47,'DM','fr','Dominique','le Commonwealth de la Dominique','http://termportal.fao.org/faonocs/appl/');
INSERT INTO `country_name` VALUES (334,47,'DM','it','Dominica','Commonwealth di Dominica','http://termportal.fao.org/faonocs/appl/');
INSERT INTO `country_name` VALUES (335,47,'DM','zh','多米尼克','多米尼克国','http://termportal.fao.org/faonocs/appl/');
INSERT INTO `country_name` VALUES (336,47,'DM','ru','Доминика','Содружество Доминики','http://termportal.fao.org/faonocs/appl/');
INSERT INTO `country_name` VALUES (337,45,'DK','ar','الدانمرك','مملكة الدانمرك ','http://termportal.fao.org/faonocs/appl/');
INSERT INTO `country_name` VALUES (338,45,'DK','en','Denmark','the Kingdom of Denmark','http://termportal.fao.org/faonocs/appl/');
INSERT INTO `country_name` VALUES (339,45,'DK','es','Dinamarca','el Reino de Dinamarca','http://termportal.fao.org/faonocs/appl/');
INSERT INTO `country_name` VALUES (340,45,'DK','fr','Danemark','le Royaume du Danemark','http://termportal.fao.org/faonocs/appl/');
INSERT INTO `country_name` VALUES (341,45,'DK','it','Danimarca','Regno di Danimarca','http://termportal.fao.org/faonocs/appl/');
INSERT INTO `country_name` VALUES (342,45,'DK','zh','丹 麦','丹麦王国','http://termportal.fao.org/faonocs/appl/');
INSERT INTO `country_name` VALUES (343,45,'DK','ru','Дания','Королевство Дания','http://termportal.fao.org/faonocs/appl/');
INSERT INTO `country_name` VALUES (344,48,'DO','ar','الجمهورية الدومينيكية ','الجمهورية الدومينيكية ','http://termportal.fao.org/faonocs/appl/');
INSERT INTO `country_name` VALUES (345,48,'DO','en','Dominican Republic','the Dominican Republic','http://termportal.fao.org/faonocs/appl/');
INSERT INTO `country_name` VALUES (346,48,'DO','es','República Dominicana','la República Dominicana','http://termportal.fao.org/faonocs/appl/');
INSERT INTO `country_name` VALUES (347,48,'DO','fr','République dominicaine','la République dominicaine','http://termportal.fao.org/faonocs/appl/');
INSERT INTO `country_name` VALUES (348,48,'DO','it','Repubblica dominicana','Repubblica dominicana','http://termportal.fao.org/faonocs/appl/');
INSERT INTO `country_name` VALUES (349,48,'DO','zh','多米尼加共和国','多米尼加共和国','http://termportal.fao.org/faonocs/appl/');
INSERT INTO `country_name` VALUES (350,48,'DO','ru','Доминиканская Республика','Доминиканская Республика','http://termportal.fao.org/faonocs/appl/');
INSERT INTO `country_name` VALUES (351,3,'DZ','ar','الجزائر','الجمهورية الجزائرية الديمقراطية الشعبية ','http://termportal.fao.org/faonocs/appl/');
INSERT INTO `country_name` VALUES (352,3,'DZ','en','Algeria','the People\'s Democratic Republic of Algeria','http://termportal.fao.org/faonocs/appl/');
INSERT INTO `country_name` VALUES (353,3,'DZ','es','Argelia','la República Argelina Democrática y Popular','http://termportal.fao.org/faonocs/appl/');
INSERT INTO `country_name` VALUES (354,3,'DZ','fr','Algérie','la République algérienne démocratique et populaire','http://termportal.fao.org/faonocs/appl/');
INSERT INTO `country_name` VALUES (355,3,'DZ','it','Algeria','Repubblica algerina democratica e popolare','http://termportal.fao.org/faonocs/appl/');
INSERT INTO `country_name` VALUES (356,3,'DZ','zh','阿尔及利亚','阿尔及利亚民主人民共和国','http://termportal.fao.org/faonocs/appl/');
INSERT INTO `country_name` VALUES (357,3,'DZ','ru','Алжир','Алжирская Народная Демократическая Республика','http://termportal.fao.org/faonocs/appl/');
INSERT INTO `country_name` VALUES (358,49,'EC','ar','إكوادور','إكوادور جمهورية ','http://termportal.fao.org/faonocs/appl/');
INSERT INTO `country_name` VALUES (359,49,'EC','en','Ecuador','the Republic of Ecuador','http://termportal.fao.org/faonocs/appl/');
INSERT INTO `country_name` VALUES (360,49,'EC','es','Ecuador','la República del Ecuador','http://termportal.fao.org/faonocs/appl/');
INSERT INTO `country_name` VALUES (361,49,'EC','fr','Équateur','la République de l\'Équateur','http://termportal.fao.org/faonocs/appl/');
INSERT INTO `country_name` VALUES (362,49,'EC','it','Ecuador','Repubblica dell\'Ecuador','http://termportal.fao.org/faonocs/appl/');
INSERT INTO `country_name` VALUES (363,49,'EC','zh','厄瓜多尔','厄瓜多尔共和国','http://termportal.fao.org/faonocs/appl/');
INSERT INTO `country_name` VALUES (364,49,'EC','ru','Эквадор','Республика Эквадор','http://termportal.fao.org/faonocs/appl/');
INSERT INTO `country_name` VALUES (365,50,'EG','ar','مصر','العربية مصر جمهورية ','http://termportal.fao.org/faonocs/appl/');
INSERT INTO `country_name` VALUES (366,50,'EG','en','Egypt','the Arab Republic of Egypt','http://termportal.fao.org/faonocs/appl/');
INSERT INTO `country_name` VALUES (367,50,'EG','es','Egipto','la República Árabe de Egipto','http://termportal.fao.org/faonocs/appl/');
INSERT INTO `country_name` VALUES (368,50,'EG','fr','Égypte','la République arabe d\'Égypte','http://termportal.fao.org/faonocs/appl/');
INSERT INTO `country_name` VALUES (369,50,'EG','it','Egitto','Repubblica araba d\'Egitto','http://termportal.fao.org/faonocs/appl/');
INSERT INTO `country_name` VALUES (370,50,'EG','zh','埃 及','阿拉伯埃及共和国','http://termportal.fao.org/faonocs/appl/');
INSERT INTO `country_name` VALUES (371,50,'EG','ru','Египет','Арабская Республика Египет','http://termportal.fao.org/faonocs/appl/');
INSERT INTO `country_name` VALUES (372,53,'ER','ar','إريتريا','إريتريا دولة ','http://termportal.fao.org/faonocs/appl/');
INSERT INTO `country_name` VALUES (373,53,'ER','en','Eritrea','the State of Eritrea','http://termportal.fao.org/faonocs/appl/');
INSERT INTO `country_name` VALUES (374,53,'ER','es','Eritrea','el Estado de Eritrea','http://termportal.fao.org/faonocs/appl/');
INSERT INTO `country_name` VALUES (375,53,'ER','fr','Érythrée','l\'État d\'Érythrée','http://termportal.fao.org/faonocs/appl/');
INSERT INTO `country_name` VALUES (376,53,'ER','it','Eritrea','Stato di Eritrea','http://termportal.fao.org/faonocs/appl/');
INSERT INTO `country_name` VALUES (377,53,'ER','zh','厄立特里亚','厄立特里亚国','http://termportal.fao.org/faonocs/appl/');
INSERT INTO `country_name` VALUES (378,53,'ER','ru','Эритрея','Государство Эритрея','http://termportal.fao.org/faonocs/appl/');
INSERT INTO `country_name` VALUES (379,153,'ES','ar','إسبانيا','إسبانيا مملكة ','http://termportal.fao.org/faonocs/appl/');
INSERT INTO `country_name` VALUES (380,153,'ES','en','Spain','the Kingdom of Spain','http://termportal.fao.org/faonocs/appl/');
INSERT INTO `country_name` VALUES (381,153,'ES','es','España','el Reino de España','http://termportal.fao.org/faonocs/appl/');
INSERT INTO `country_name` VALUES (382,153,'ES','fr','Espagne','le Royaume d\'Espagne','http://termportal.fao.org/faonocs/appl/');
INSERT INTO `country_name` VALUES (383,153,'ES','it','Spagna','Regno di Spagna','http://termportal.fao.org/faonocs/appl/');
INSERT INTO `country_name` VALUES (384,153,'ES','zh','西班牙','西班牙王国','http://termportal.fao.org/faonocs/appl/');
INSERT INTO `country_name` VALUES (385,153,'ES','ru','Испания','Королевство Испания','http://termportal.fao.org/faonocs/appl/');
INSERT INTO `country_name` VALUES (386,54,'EE','ar','إستونيا','جمهورية إستونيا ','http://termportal.fao.org/faonocs/appl/');
INSERT INTO `country_name` VALUES (387,54,'EE','en','Estonia','the Republic of Estonia','http://termportal.fao.org/faonocs/appl/');
INSERT INTO `country_name` VALUES (388,54,'EE','es','Estonia','la República de Estonia','http://termportal.fao.org/faonocs/appl/');
INSERT INTO `country_name` VALUES (389,54,'EE','fr','Estonie','la République d\'Estonie','http://termportal.fao.org/faonocs/appl/');
INSERT INTO `country_name` VALUES (390,54,'EE','it','Estonia','Repubblica di Estonia','http://termportal.fao.org/faonocs/appl/');
INSERT INTO `country_name` VALUES (391,54,'EE','zh','爱沙尼亚','爱沙尼亚共和国','http://termportal.fao.org/faonocs/appl/');
INSERT INTO `country_name` VALUES (392,54,'EE','ru','Эстония','Эстонская Республика','http://termportal.fao.org/faonocs/appl/');
INSERT INTO `country_name` VALUES (393,55,'ET','ar','إثيوبيا','جمهورية إثيوبيا الديمقراطية الاتحادية ','http://termportal.fao.org/faonocs/appl/');
INSERT INTO `country_name` VALUES (394,55,'ET','en','Ethiopia','the Federal Democratic Republic of Ethiopia','http://termportal.fao.org/faonocs/appl/');
INSERT INTO `country_name` VALUES (395,55,'ET','es','Etiopía','la República Democrática Federal de Etiopía','http://termportal.fao.org/faonocs/appl/');
INSERT INTO `country_name` VALUES (396,55,'ET','fr','Éthiopie','la République fédérale démocratique d\'Éthiopie','http://termportal.fao.org/faonocs/appl/');
INSERT INTO `country_name` VALUES (397,55,'ET','it','Etiopia','Repubblica federale democratica di Etiopia','http://termportal.fao.org/faonocs/appl/');
INSERT INTO `country_name` VALUES (398,55,'ET','zh','埃塞俄比亚','埃塞俄比亚联邦民主共和国','http://termportal.fao.org/faonocs/appl/');
INSERT INTO `country_name` VALUES (399,55,'ET','ru','Эфиопия','Федеративная Демократическая Республика Эфиопия','http://termportal.fao.org/faonocs/appl/');
INSERT INTO `country_name` VALUES (400,184,'EU','ar','عضو منظمة - الأوروبي الإتحاد ','عضو منظمة - الأوروبي الإتحاد ','http://termportal.fao.org/faonocs/appl/');
INSERT INTO `country_name` VALUES (401,184,'EU','en','European Union (Member Organization)','European Union (Member Organization)','http://termportal.fao.org/faonocs/appl/');
INSERT INTO `country_name` VALUES (402,184,'EU','es','Unión Europea (Organización Miembro)','Unión Europea (Organización Miembro)','http://termportal.fao.org/faonocs/appl/');
INSERT INTO `country_name` VALUES (403,184,'EU','fr','Union européenne (Organisation membre)','l\'Union européenne (Organisation membre)','http://termportal.fao.org/faonocs/appl/');
INSERT INTO `country_name` VALUES (404,184,'EU','it','Unione europea (Organizzazione membro)','Unione europea (Organizzazione membro)','http://termportal.fao.org/faonocs/appl/');
INSERT INTO `country_name` VALUES (405,184,'EU','zh','欧洲联盟 （成员组织）','欧洲联盟（成员组织）','http://termportal.fao.org/faonocs/appl/');
INSERT INTO `country_name` VALUES (406,184,'EU','ru','Европейский союз (организация-член)','Европейский союз (организация-член)','http://termportal.fao.org/faonocs/appl/');
INSERT INTO `country_name` VALUES (407,57,'FI','ar','فنلندا','فنلندا جمهورية ','http://termportal.fao.org/faonocs/appl/');
INSERT INTO `country_name` VALUES (408,57,'FI','en','Finland','the Republic of Finland','http://termportal.fao.org/faonocs/appl/');
INSERT INTO `country_name` VALUES (409,57,'FI','es','Finlandia','la República de Finlandia','http://termportal.fao.org/faonocs/appl/');
INSERT INTO `country_name` VALUES (410,57,'FI','fr','Finlande','la République de Finlande','http://termportal.fao.org/faonocs/appl/');
INSERT INTO `country_name` VALUES (411,57,'FI','it','Finlandia','Repubblica di Finlandia','http://termportal.fao.org/faonocs/appl/');
INSERT INTO `country_name` VALUES (412,57,'FI','zh','芬 兰','芬兰共和国','http://termportal.fao.org/faonocs/appl/');
INSERT INTO `country_name` VALUES (413,57,'FI','ru','Финляндия','Финляндская Республика','http://termportal.fao.org/faonocs/appl/');
INSERT INTO `country_name` VALUES (414,56,'FJ','ar','فيجي','جمهورية فيجي ','http://termportal.fao.org/faonocs/appl/');
INSERT INTO `country_name` VALUES (415,56,'FJ','en','Fiji','the Republic of Fiji','http://termportal.fao.org/faonocs/appl/');
INSERT INTO `country_name` VALUES (416,56,'FJ','es','Fiji','la República de Fiji','http://termportal.fao.org/faonocs/appl/');
INSERT INTO `country_name` VALUES (417,56,'FJ','fr','Fidji','la République des Fidji','http://termportal.fao.org/faonocs/appl/');
INSERT INTO `country_name` VALUES (418,56,'FJ','it','Figi','Repubblica delle Figi','http://termportal.fao.org/faonocs/appl/');
INSERT INTO `country_name` VALUES (419,56,'FJ','zh','斐济','斐济共和国','http://termportal.fao.org/faonocs/appl/');
INSERT INTO `country_name` VALUES (420,56,'FJ','ru','Фиджи','Республика Фиджи','http://termportal.fao.org/faonocs/appl/');
INSERT INTO `country_name` VALUES (421,58,'FR','ar','فرنسا','الفرنسية الجمهورية ','http://termportal.fao.org/faonocs/appl/');
INSERT INTO `country_name` VALUES (422,58,'FR','en','France','the French Republic','http://termportal.fao.org/faonocs/appl/');
INSERT INTO `country_name` VALUES (423,58,'FR','es','Francia','la República Francesa','http://termportal.fao.org/faonocs/appl/');
INSERT INTO `country_name` VALUES (424,58,'FR','fr','France','la République française','http://termportal.fao.org/faonocs/appl/');
INSERT INTO `country_name` VALUES (425,58,'FR','it','Francia','Repubblica francese','http://termportal.fao.org/faonocs/appl/');
INSERT INTO `country_name` VALUES (426,58,'FR','zh','法  国','法兰西共和国','http://termportal.fao.org/faonocs/appl/');
INSERT INTO `country_name` VALUES (427,58,'FR','ru','Франция','Французская Республика','http://termportal.fao.org/faonocs/appl/');
INSERT INTO `country_name` VALUES (428,209,'FO','ar','جزر فيرويه ','جزر فيرويه ','http://termportal.fao.org/faonocs/appl/');
INSERT INTO `country_name` VALUES (429,209,'FO','en','Faroe Islands (Associate Member)','Faroe Islands','http://termportal.fao.org/faonocs/appl/');
INSERT INTO `country_name` VALUES (430,209,'FO','es','Islas Feroe (Miembro Asociado)','las Islas Feroe','http://termportal.fao.org/faonocs/appl/');
INSERT INTO `country_name` VALUES (431,209,'FO','fr','Îles Féroé (Membre associé)','les Îles Féroé','http://termportal.fao.org/faonocs/appl/');
INSERT INTO `country_name` VALUES (432,209,'FO','it','Isole Faer øer','Isole Faer øer','http://termportal.fao.org/faonocs/appl/');
INSERT INTO `country_name` VALUES (433,209,'FO','zh','法罗群岛 (准成员)','法罗群岛','http://termportal.fao.org/faonocs/appl/');
INSERT INTO `country_name` VALUES (434,209,'FO','ru','Фарерские Острова (ассоциированный член)','Фарерские Острова','http://termportal.fao.org/faonocs/appl/');
INSERT INTO `country_name` VALUES (435,185,'FM','ar','ميكرونيزيا','الموحدة ميكرونيزيا ولايات ','http://termportal.fao.org/faonocs/appl/');
INSERT INTO `country_name` VALUES (436,185,'FM','en','Micronesia (Federated States of)','the Federated States of Micronesia','http://termportal.fao.org/faonocs/appl/');
INSERT INTO `country_name` VALUES (437,185,'FM','es','Micronesia (Estados Federados de)','los Estados Federados de Micronesia','http://termportal.fao.org/faonocs/appl/');
INSERT INTO `country_name` VALUES (438,185,'FM','fr','Micronésie (États fédérés de)','les États fédérés de Micronésie','http://termportal.fao.org/faonocs/appl/');
INSERT INTO `country_name` VALUES (439,185,'FM','it','Micronesia (Stati federati di)','Stati federati di Micronesia','http://termportal.fao.org/faonocs/appl/');
INSERT INTO `country_name` VALUES (440,185,'FM','zh','密克罗尼西亚(联邦)','密克罗尼西亚联邦','http://termportal.fao.org/faonocs/appl/');
INSERT INTO `country_name` VALUES (441,185,'FM','ru','Микронезия (Федеративные Штаты)','Федеративные Штаты Микронезии','http://termportal.fao.org/faonocs/appl/');
INSERT INTO `country_name` VALUES (442,59,'GA','ar','غابون','الجمهورية الغابونية ','http://termportal.fao.org/faonocs/appl/');
INSERT INTO `country_name` VALUES (443,59,'GA','en','Gabon','the Gabonese Republic','http://termportal.fao.org/faonocs/appl/');
INSERT INTO `country_name` VALUES (444,59,'GA','es','Gabón','la República Gabonesa','http://termportal.fao.org/faonocs/appl/');
INSERT INTO `country_name` VALUES (445,59,'GA','fr','Gabon','la République gabonaise','http://termportal.fao.org/faonocs/appl/');
INSERT INTO `country_name` VALUES (446,59,'GA','it','Gabon','Repubblica gabonese','http://termportal.fao.org/faonocs/appl/');
INSERT INTO `country_name` VALUES (447,59,'GA','zh','加 蓬','加蓬共和国','http://termportal.fao.org/faonocs/appl/');
INSERT INTO `country_name` VALUES (448,59,'GA','ru','Габон','Габонская Республика','http://termportal.fao.org/faonocs/appl/');
INSERT INTO `country_name` VALUES (449,186,'GB','ar','المملكة المتحدة ','المملكة المتحدة لبريطانيا العظمى وآيرلندا الشمالية ','http://termportal.fao.org/faonocs/appl/');
INSERT INTO `country_name` VALUES (450,186,'GB','en','United Kingdom','the United Kingdom of Great Britain and Northern Ireland','http://termportal.fao.org/faonocs/appl/');
INSERT INTO `country_name` VALUES (451,186,'GB','es','Reino Unido','el Reino Unido (de Gran Bretaña e Irlanda del Norte)','http://termportal.fao.org/faonocs/appl/');
INSERT INTO `country_name` VALUES (452,186,'GB','fr','Royaume-Uni','le Royaume-Uni (de Grande-Bretagne et d\'Irlande du Nord)','http://termportal.fao.org/faonocs/appl/');
INSERT INTO `country_name` VALUES (453,186,'GB','it','Regno Unito','Regno Unito di Gran Bretagna e Irlanda del nord','http://termportal.fao.org/faonocs/appl/');
INSERT INTO `country_name` VALUES (454,186,'GB','zh','联合王国','大不列颠及北爱尔兰联合王国','http://termportal.fao.org/faonocs/appl/');
INSERT INTO `country_name` VALUES (455,186,'GB','ru','Соединенное Королевство','Соединенное Королевство Великобритании и Северной Ирландии','http://termportal.fao.org/faonocs/appl/');
INSERT INTO `country_name` VALUES (456,61,'GE','ar','جورجيا','جورجيا','http://termportal.fao.org/faonocs/appl/');
INSERT INTO `country_name` VALUES (457,61,'GE','en','Georgia','Georgia','http://termportal.fao.org/faonocs/appl/');
INSERT INTO `country_name` VALUES (458,61,'GE','es','Georgia','Georgia','http://termportal.fao.org/faonocs/appl/');
INSERT INTO `country_name` VALUES (459,61,'GE','fr','Géorgie','la Géorgie','http://termportal.fao.org/faonocs/appl/');
INSERT INTO `country_name` VALUES (460,61,'GE','it','Georgia','Georgia','http://termportal.fao.org/faonocs/appl/');
INSERT INTO `country_name` VALUES (461,61,'GE','zh','格鲁吉亚','格鲁吉亚','http://termportal.fao.org/faonocs/appl/');
INSERT INTO `country_name` VALUES (462,61,'GE','ru','Грузия','Грузия','http://termportal.fao.org/faonocs/appl/');
INSERT INTO `country_name` VALUES (463,63,'GH','ar','غانا','غانا جمهورية ','http://termportal.fao.org/faonocs/appl/');
INSERT INTO `country_name` VALUES (464,63,'GH','en','Ghana','the Republic of Ghana','http://termportal.fao.org/faonocs/appl/');
INSERT INTO `country_name` VALUES (465,63,'GH','es','Ghana','la República de Ghana','http://termportal.fao.org/faonocs/appl/');
INSERT INTO `country_name` VALUES (466,63,'GH','fr','Ghana','la République du Ghana','http://termportal.fao.org/faonocs/appl/');
INSERT INTO `country_name` VALUES (467,63,'GH','it','Ghana','Repubblica del Ghana','http://termportal.fao.org/faonocs/appl/');
INSERT INTO `country_name` VALUES (468,63,'GH','zh','加 纳','加纳共和国','http://termportal.fao.org/faonocs/appl/');
INSERT INTO `country_name` VALUES (469,63,'GH','ru','Гана','Республика Гана','http://termportal.fao.org/faonocs/appl/');
INSERT INTO `country_name` VALUES (470,67,'GN','ar','غينيا','جمهورية غينيا ','http://termportal.fao.org/faonocs/appl/');
INSERT INTO `country_name` VALUES (471,67,'GN','en','Guinea','the Republic of Guinea','http://termportal.fao.org/faonocs/appl/');
INSERT INTO `country_name` VALUES (472,67,'GN','es','Guinea','la República de Guinea','http://termportal.fao.org/faonocs/appl/');
INSERT INTO `country_name` VALUES (473,67,'GN','fr','Guinée','la République de Guinée','http://termportal.fao.org/faonocs/appl/');
INSERT INTO `country_name` VALUES (474,67,'GN','it','Guinea','Repubblica di Guinea','http://termportal.fao.org/faonocs/appl/');
INSERT INTO `country_name` VALUES (475,67,'GN','zh','几内亚','几内亚共和国','http://termportal.fao.org/faonocs/appl/');
INSERT INTO `country_name` VALUES (476,67,'GN','ru','Гвинея','Гвинейская Республика','http://termportal.fao.org/faonocs/appl/');
INSERT INTO `country_name` VALUES (477,60,'GM','ar','غامبيا','الإسلامية غامبيا جمهورية ','http://termportal.fao.org/faonocs/appl/');
INSERT INTO `country_name` VALUES (478,60,'GM','en','Gambia','Islamic Republic of the Gambia','http://termportal.fao.org/faonocs/appl/');
INSERT INTO `country_name` VALUES (479,60,'GM','es','Gambia','República Islámica de Gambia','http://termportal.fao.org/faonocs/appl/');
INSERT INTO `country_name` VALUES (480,60,'GM','fr','Gambie','République islamique de Gambie','http://termportal.fao.org/faonocs/appl/');
INSERT INTO `country_name` VALUES (481,60,'GM','it','Gambia','Repubblica islamica del Gambia','http://termportal.fao.org/faonocs/appl/');
INSERT INTO `country_name` VALUES (482,60,'GM','zh','冈比亚','冈比亚伊斯兰共和国','http://termportal.fao.org/faonocs/appl/');
INSERT INTO `country_name` VALUES (483,60,'GM','ru','Гамбия','Исламская Республика Гамбия','http://termportal.fao.org/faonocs/appl/');
INSERT INTO `country_name` VALUES (484,68,'GW','ar','غينيا - بيساو ','جمهورية غينيا بيساو ','http://termportal.fao.org/faonocs/appl/');
INSERT INTO `country_name` VALUES (485,68,'GW','en','Guinea-Bissau','the Republic of Guinea-Bissau','http://termportal.fao.org/faonocs/appl/');
INSERT INTO `country_name` VALUES (486,68,'GW','es','Guinea-Bissau','la República de Guinea-Bissau','http://termportal.fao.org/faonocs/appl/');
INSERT INTO `country_name` VALUES (487,68,'GW','fr','Guinée-Bissau','la République de Guinée-Bissau','http://termportal.fao.org/faonocs/appl/');
INSERT INTO `country_name` VALUES (488,68,'GW','it','Guinea-Bissau','Repubblica di Guinea-Bissau','http://termportal.fao.org/faonocs/appl/');
INSERT INTO `country_name` VALUES (489,68,'GW','zh','几内亚比绍','几内亚比绍共和国','http://termportal.fao.org/faonocs/appl/');
INSERT INTO `country_name` VALUES (490,68,'GW','ru','Гвинея-Бисау','Республика Гвинея-Бисау','http://termportal.fao.org/faonocs/appl/');
INSERT INTO `country_name` VALUES (491,52,'GQ','ar','الاستوائية غينيا ','الاستوائية غينيا جمهورية ','http://termportal.fao.org/faonocs/appl/');
INSERT INTO `country_name` VALUES (492,52,'GQ','en','Equatorial Guinea','the Republic of Equatorial Guinea','http://termportal.fao.org/faonocs/appl/');
INSERT INTO `country_name` VALUES (493,52,'GQ','es','Guinea Ecuatorial','la República de Guinea Ecuatorial','http://termportal.fao.org/faonocs/appl/');
INSERT INTO `country_name` VALUES (494,52,'GQ','fr','Guinée équatoriale','la République de Guinée équatoriale','http://termportal.fao.org/faonocs/appl/');
INSERT INTO `country_name` VALUES (495,52,'GQ','it','Guinea equatoriale','Repubblica di Guinea equatoriale','http://termportal.fao.org/faonocs/appl/');
INSERT INTO `country_name` VALUES (496,52,'GQ','zh','赤道几内亚','赤道几内亚共和国','http://termportal.fao.org/faonocs/appl/');
INSERT INTO `country_name` VALUES (497,52,'GQ','ru','Экваториальная Гвинея','Республика Экваториальная Гвинея','http://termportal.fao.org/faonocs/appl/');
INSERT INTO `country_name` VALUES (498,64,'GR','ar','اليونان','الهيلانية الجمهورية ','http://termportal.fao.org/faonocs/appl/');
INSERT INTO `country_name` VALUES (499,64,'GR','en','Greece','the Hellenic Republic','http://termportal.fao.org/faonocs/appl/');
INSERT INTO `country_name` VALUES (500,64,'GR','es','Grecia','la República Helénica','http://termportal.fao.org/faonocs/appl/');
INSERT INTO `country_name` VALUES (501,64,'GR','fr','Grèce','la République hellénique','http://termportal.fao.org/faonocs/appl/');
INSERT INTO `country_name` VALUES (502,64,'GR','it','Grecia','Repubblica ellenica','http://termportal.fao.org/faonocs/appl/');
INSERT INTO `country_name` VALUES (503,64,'GR','zh','希 腊','希腊共和国','http://termportal.fao.org/faonocs/appl/');
INSERT INTO `country_name` VALUES (504,64,'GR','ru','Греция','Греческая Республика','http://termportal.fao.org/faonocs/appl/');
INSERT INTO `country_name` VALUES (505,65,'GD','ar','غرينادا','غرينادا','http://termportal.fao.org/faonocs/appl/');
INSERT INTO `country_name` VALUES (506,65,'GD','en','Grenada','Grenada','http://termportal.fao.org/faonocs/appl/');
INSERT INTO `country_name` VALUES (507,65,'GD','es','Granada','Granada','http://termportal.fao.org/faonocs/appl/');
INSERT INTO `country_name` VALUES (508,65,'GD','fr','Grenade','la Grenade','http://termportal.fao.org/faonocs/appl/');
INSERT INTO `country_name` VALUES (509,65,'GD','it','Grenada','Grenada','http://termportal.fao.org/faonocs/appl/');
INSERT INTO `country_name` VALUES (510,65,'GD','zh','格林纳达','格林纳达','http://termportal.fao.org/faonocs/appl/');
INSERT INTO `country_name` VALUES (511,65,'GD','ru','Гренада','Гренада','http://termportal.fao.org/faonocs/appl/');
INSERT INTO `country_name` VALUES (512,66,'GT','ar','غواتيمالا','جمهورية غواتيمالا ','http://termportal.fao.org/faonocs/appl/');
INSERT INTO `country_name` VALUES (513,66,'GT','en','Guatemala','the Republic of Guatemala','http://termportal.fao.org/faonocs/appl/');
INSERT INTO `country_name` VALUES (514,66,'GT','es','Guatemala','la República de Guatemala','http://termportal.fao.org/faonocs/appl/');
INSERT INTO `country_name` VALUES (515,66,'GT','fr','Guatemala','la République du Guatemala','http://termportal.fao.org/faonocs/appl/');
INSERT INTO `country_name` VALUES (516,66,'GT','it','Guatemala','Repubblica del Guatemala','http://termportal.fao.org/faonocs/appl/');
INSERT INTO `country_name` VALUES (517,66,'GT','zh','危地马拉','危地马拉共和国','http://termportal.fao.org/faonocs/appl/');
INSERT INTO `country_name` VALUES (518,66,'GT','ru','Гватемала','Республика Гватемала','http://termportal.fao.org/faonocs/appl/');
INSERT INTO `country_name` VALUES (519,69,'GY','ar','غيانا','جمهورية غيانا ','http://termportal.fao.org/faonocs/appl/');
INSERT INTO `country_name` VALUES (520,69,'GY','en','Guyana','the Republic of Guyana','http://termportal.fao.org/faonocs/appl/');
INSERT INTO `country_name` VALUES (521,69,'GY','es','Guyana','la República de Guyana','http://termportal.fao.org/faonocs/appl/');
INSERT INTO `country_name` VALUES (522,69,'GY','fr','Guyana','la République du Guyana','http://termportal.fao.org/faonocs/appl/');
INSERT INTO `country_name` VALUES (523,69,'GY','it','Guyana','Repubblica della Guyana','http://termportal.fao.org/faonocs/appl/');
INSERT INTO `country_name` VALUES (524,69,'GY','zh','圭亚那','圭亚那共和国','http://termportal.fao.org/faonocs/appl/');
INSERT INTO `country_name` VALUES (525,69,'GY','ru','Гайана','Республика Гайана','http://termportal.fao.org/faonocs/appl/');
INSERT INTO `country_name` VALUES (526,71,'HN','ar','هندوراس','هندوراس جمهورية ','http://termportal.fao.org/faonocs/appl/');
INSERT INTO `country_name` VALUES (527,71,'HN','en','Honduras','the Republic of Honduras','http://termportal.fao.org/faonocs/appl/');
INSERT INTO `country_name` VALUES (528,71,'HN','es','Honduras','la República de Honduras','http://termportal.fao.org/faonocs/appl/');
INSERT INTO `country_name` VALUES (529,71,'HN','fr','Honduras','la République du Honduras','http://termportal.fao.org/faonocs/appl/');
INSERT INTO `country_name` VALUES (530,71,'HN','it','Honduras','Repubblica di Honduras','http://termportal.fao.org/faonocs/appl/');
INSERT INTO `country_name` VALUES (531,71,'HN','zh','洪都拉斯','洪都拉斯共和国','http://termportal.fao.org/faonocs/appl/');
INSERT INTO `country_name` VALUES (532,71,'HN','ru','Гондурас','Республика Гондурас','http://termportal.fao.org/faonocs/appl/');
INSERT INTO `country_name` VALUES (533,40,'HR','ar','كرواتيا','جمهورية كرواتيا ','http://termportal.fao.org/faonocs/appl/');
INSERT INTO `country_name` VALUES (534,40,'HR','en','Croatia','the Republic of Croatia','http://termportal.fao.org/faonocs/appl/');
INSERT INTO `country_name` VALUES (535,40,'HR','es','Croacia','la República de Croacia','http://termportal.fao.org/faonocs/appl/');
INSERT INTO `country_name` VALUES (536,40,'HR','fr','Croatie','la République de Croatie','http://termportal.fao.org/faonocs/appl/');
INSERT INTO `country_name` VALUES (537,40,'HR','it','Croazia','Repubblica di Croazia','http://termportal.fao.org/faonocs/appl/');
INSERT INTO `country_name` VALUES (538,40,'HR','zh','克罗地亚','克罗地亚共和国','http://termportal.fao.org/faonocs/appl/');
INSERT INTO `country_name` VALUES (539,40,'HR','ru','Хорватия','Республика Хорватия','http://termportal.fao.org/faonocs/appl/');
INSERT INTO `country_name` VALUES (540,70,'HT','ar','هايتي','جمهورية هايتي ','http://termportal.fao.org/faonocs/appl/');
INSERT INTO `country_name` VALUES (541,70,'HT','en','Haiti','the Republic of Haiti','http://termportal.fao.org/faonocs/appl/');
INSERT INTO `country_name` VALUES (542,70,'HT','es','Haití','la República de Haití','http://termportal.fao.org/faonocs/appl/');
INSERT INTO `country_name` VALUES (543,70,'HT','fr','Haïti','la République d\'Haïti','http://termportal.fao.org/faonocs/appl/');
INSERT INTO `country_name` VALUES (544,70,'HT','it','Haiti','Repubblica di Haiti','http://termportal.fao.org/faonocs/appl/');
INSERT INTO `country_name` VALUES (545,70,'HT','zh','海 地','海地共和国','http://termportal.fao.org/faonocs/appl/');
INSERT INTO `country_name` VALUES (546,70,'HT','ru','Гаити','Республика Гаити','http://termportal.fao.org/faonocs/appl/');
INSERT INTO `country_name` VALUES (547,72,'HU','ar','هنغاريا','هنغاريا','http://termportal.fao.org/faonocs/appl/');
INSERT INTO `country_name` VALUES (548,72,'HU','en','Hungary','Hungary','http://termportal.fao.org/faonocs/appl/');
INSERT INTO `country_name` VALUES (549,72,'HU','es','Hungría','Hungría','http://termportal.fao.org/faonocs/appl/');
INSERT INTO `country_name` VALUES (550,72,'HU','fr','Hongrie','la Hongrie','http://termportal.fao.org/faonocs/appl/');
INSERT INTO `country_name` VALUES (551,72,'HU','it','Ungheria','Ungheria','http://termportal.fao.org/faonocs/appl/');
INSERT INTO `country_name` VALUES (552,72,'HU','zh','匈牙利','匈牙利','http://termportal.fao.org/faonocs/appl/');
INSERT INTO `country_name` VALUES (553,72,'HU','ru','Венгрия','Венгрия','http://termportal.fao.org/faonocs/appl/');
INSERT INTO `country_name` VALUES (554,75,'ID','ar','إندونيسيا','جمهورية إندونيسيا ','http://termportal.fao.org/faonocs/appl/');
INSERT INTO `country_name` VALUES (555,75,'ID','en','Indonesia','the Republic of Indonesia','http://termportal.fao.org/faonocs/appl/');
INSERT INTO `country_name` VALUES (556,75,'ID','es','Indonesia','la República de Indonesia','http://termportal.fao.org/faonocs/appl/');
INSERT INTO `country_name` VALUES (557,75,'ID','fr','Indonésie','la République d\'Indonésie','http://termportal.fao.org/faonocs/appl/');
INSERT INTO `country_name` VALUES (558,75,'ID','it','Indonesia','Indonesia','http://termportal.fao.org/faonocs/appl/');
INSERT INTO `country_name` VALUES (559,75,'ID','zh','印度尼西亚','印度尼西亚共和国','http://termportal.fao.org/faonocs/appl/');
INSERT INTO `country_name` VALUES (560,75,'ID','ru','Индонезия','Республика Индонезия','http://termportal.fao.org/faonocs/appl/');
INSERT INTO `country_name` VALUES (561,74,'IN','ar','الهند','جمهورية الهند ','http://termportal.fao.org/faonocs/appl/');
INSERT INTO `country_name` VALUES (562,74,'IN','en','India','the Republic of India','http://termportal.fao.org/faonocs/appl/');
INSERT INTO `country_name` VALUES (563,74,'IN','es','India','la República de la India','http://termportal.fao.org/faonocs/appl/');
INSERT INTO `country_name` VALUES (564,74,'IN','fr','Inde','la République de l\'Inde','http://termportal.fao.org/faonocs/appl/');
INSERT INTO `country_name` VALUES (565,74,'IN','it','India','Repubblica dell\'India','http://termportal.fao.org/faonocs/appl/');
INSERT INTO `country_name` VALUES (566,74,'IN','zh','印 度','印度共和国','http://termportal.fao.org/faonocs/appl/');
INSERT INTO `country_name` VALUES (567,74,'IN','ru','Индия','Республика Индия','http://termportal.fao.org/faonocs/appl/');
INSERT INTO `country_name` VALUES (568,77,'IE','ar','آيرلندا','آيرلندا','http://termportal.fao.org/faonocs/appl/');
INSERT INTO `country_name` VALUES (569,77,'IE','en','Ireland','Ireland','http://termportal.fao.org/faonocs/appl/');
INSERT INTO `country_name` VALUES (570,77,'IE','es','Irlanda','Irlanda','http://termportal.fao.org/faonocs/appl/');
INSERT INTO `country_name` VALUES (571,77,'IE','fr','Irlande','l\'Irlande','http://termportal.fao.org/faonocs/appl/');
INSERT INTO `country_name` VALUES (572,77,'IE','it','Irlanda','Irlanda','http://termportal.fao.org/faonocs/appl/');
INSERT INTO `country_name` VALUES (573,77,'IE','zh','爱尔兰','爱尔兰','http://termportal.fao.org/faonocs/appl/');
INSERT INTO `country_name` VALUES (574,77,'IE','ru','Ирландия','Ирландия','http://termportal.fao.org/faonocs/appl/');
INSERT INTO `country_name` VALUES (575,187,'IR','ar','الإسلامية - جمهورية - إيران ','الإسلامية إيران جمهورية ','http://termportal.fao.org/faonocs/appl/');
INSERT INTO `country_name` VALUES (576,187,'IR','en','Iran','the Islamic Republic of Iran','http://termportal.fao.org/faonocs/appl/ FIXED');
INSERT INTO `country_name` VALUES (577,187,'IR','es','Irán','la República Islámica del Irán','http://termportal.fao.org/faonocs/appl/ FIXED');
INSERT INTO `country_name` VALUES (578,187,'IR','fr','Iran','la République islamique d\'Iran','http://termportal.fao.org/faonocs/appl/ FIXED');
INSERT INTO `country_name` VALUES (579,187,'IR','it','Iran','Repubblica islamica dell\'Iran','http://termportal.fao.org/faonocs/appl/ FIXED');
INSERT INTO `country_name` VALUES (580,187,'IR','zh','伊 朗(伊斯兰共和国)','伊朗伊斯兰共和国','http://termportal.fao.org/faonocs/appl/');
INSERT INTO `country_name` VALUES (581,187,'IR','ru','Иран (Исламская Республика)','Исламская Республика Иран','http://termportal.fao.org/faonocs/appl/');
INSERT INTO `country_name` VALUES (582,76,'IQ','ar','العراق','جمهورية العراق ','http://termportal.fao.org/faonocs/appl/');
INSERT INTO `country_name` VALUES (583,76,'IQ','en','Iraq','the Republic of Iraq','http://termportal.fao.org/faonocs/appl/');
INSERT INTO `country_name` VALUES (584,76,'IQ','es','Iraq','la República del Iraq','http://termportal.fao.org/faonocs/appl/');
INSERT INTO `country_name` VALUES (585,76,'IQ','fr','Iraq','la République d\'Iraq','http://termportal.fao.org/faonocs/appl/');
INSERT INTO `country_name` VALUES (586,76,'IQ','it','Iraq','Repubblica dell\'Iraq','http://termportal.fao.org/faonocs/appl/');
INSERT INTO `country_name` VALUES (587,76,'IQ','zh','伊拉克','伊拉克共和国','http://termportal.fao.org/faonocs/appl/');
INSERT INTO `country_name` VALUES (588,76,'IQ','ru','Ирак','Республика Ирак','http://termportal.fao.org/faonocs/appl/');
INSERT INTO `country_name` VALUES (589,73,'IS','ar','آيسلندا','آيسلندا جمهورية ','http://termportal.fao.org/faonocs/appl/');
INSERT INTO `country_name` VALUES (590,73,'IS','en','Iceland','the Republic of Iceland','http://termportal.fao.org/faonocs/appl/');
INSERT INTO `country_name` VALUES (591,73,'IS','es','Islandia','la República de Islandia','http://termportal.fao.org/faonocs/appl/');
INSERT INTO `country_name` VALUES (592,73,'IS','fr','Islande','la République d\'Islande','http://termportal.fao.org/faonocs/appl/');
INSERT INTO `country_name` VALUES (593,73,'IS','it','Islanda','Repubblica d\'Islanda','http://termportal.fao.org/faonocs/appl/');
INSERT INTO `country_name` VALUES (594,73,'IS','zh','冰 岛','冰岛共和国','http://termportal.fao.org/faonocs/appl/');
INSERT INTO `country_name` VALUES (595,73,'IS','ru','Исландия','Республика Исландия','http://termportal.fao.org/faonocs/appl/');
INSERT INTO `country_name` VALUES (596,78,'IL','ar','إسرائيل','إسرائيل دولة ','http://termportal.fao.org/faonocs/appl/');
INSERT INTO `country_name` VALUES (597,78,'IL','en','Israel','the State of Israel','http://termportal.fao.org/faonocs/appl/');
INSERT INTO `country_name` VALUES (598,78,'IL','es','Israel','el Estado de Israel','http://termportal.fao.org/faonocs/appl/');
INSERT INTO `country_name` VALUES (599,78,'IL','fr','Israël','l\'État d\'Israël','http://termportal.fao.org/faonocs/appl/');
INSERT INTO `country_name` VALUES (600,78,'IL','it','Israele','Stato d\'Israele','http://termportal.fao.org/faonocs/appl/');
INSERT INTO `country_name` VALUES (601,78,'IL','zh','以色列','以色列国','http://termportal.fao.org/faonocs/appl/');
INSERT INTO `country_name` VALUES (602,78,'IL','ru','Израиль','Государство Израиль','http://termportal.fao.org/faonocs/appl/');
INSERT INTO `country_name` VALUES (603,79,'IT','ar','إيطاليا','الإيطالية الجمهورية ','http://termportal.fao.org/faonocs/appl/');
INSERT INTO `country_name` VALUES (604,79,'IT','en','Italy','the Republic of Italy','http://termportal.fao.org/faonocs/appl/');
INSERT INTO `country_name` VALUES (605,79,'IT','es','Italia','la República Italiana','http://termportal.fao.org/faonocs/appl/');
INSERT INTO `country_name` VALUES (606,79,'IT','fr','Italie','la République italienne','http://termportal.fao.org/faonocs/appl/');
INSERT INTO `country_name` VALUES (607,79,'IT','it','Italia','Repubblica italiana','http://termportal.fao.org/faonocs/appl/');
INSERT INTO `country_name` VALUES (608,79,'IT','zh','意大利','意大利共和国','http://termportal.fao.org/faonocs/appl/');
INSERT INTO `country_name` VALUES (609,79,'IT','ru','Италия','Итальянская Республика','http://termportal.fao.org/faonocs/appl/');
INSERT INTO `country_name` VALUES (610,80,'JM','ar','جامايكا','جامايكا','http://termportal.fao.org/faonocs/appl/');
INSERT INTO `country_name` VALUES (611,80,'JM','en','Jamaica','Jamaica','http://termportal.fao.org/faonocs/appl/');
INSERT INTO `country_name` VALUES (612,80,'JM','es','Jamaica','Jamaica','http://termportal.fao.org/faonocs/appl/');
INSERT INTO `country_name` VALUES (613,80,'JM','fr','Jamaïque','la Jamaïque','http://termportal.fao.org/faonocs/appl/');
INSERT INTO `country_name` VALUES (614,80,'JM','it','Giamaica','Giamaica','http://termportal.fao.org/faonocs/appl/');
INSERT INTO `country_name` VALUES (615,80,'JM','zh','牙买加','牙买加','http://termportal.fao.org/faonocs/appl/');
INSERT INTO `country_name` VALUES (616,80,'JM','ru','Ямайка','Ямайка','http://termportal.fao.org/faonocs/appl/');
INSERT INTO `country_name` VALUES (617,82,'JO','ar','الأردن','الهاشمية الأردنية المملكة ','http://termportal.fao.org/faonocs/appl/');
INSERT INTO `country_name` VALUES (618,82,'JO','en','Jordan','the Hashemite Kingdom of Jordan','http://termportal.fao.org/faonocs/appl/');
INSERT INTO `country_name` VALUES (619,82,'JO','es','Jordania','el Reino Hachemita de Jordania','http://termportal.fao.org/faonocs/appl/');
INSERT INTO `country_name` VALUES (620,82,'JO','fr','Jordanie','le Royaume hachémite de Jordanie','http://termportal.fao.org/faonocs/appl/');
INSERT INTO `country_name` VALUES (621,82,'JO','it','Giordania','Regno hascemita di Giordania','http://termportal.fao.org/faonocs/appl/');
INSERT INTO `country_name` VALUES (622,82,'JO','zh','约 旦','约旦哈希姆王国','http://termportal.fao.org/faonocs/appl/');
INSERT INTO `country_name` VALUES (623,82,'JO','ru','Иордания','Иорданское Хашимитское Королевство','http://termportal.fao.org/faonocs/appl/');
INSERT INTO `country_name` VALUES (624,81,'JP','ar','اليابان','اليابان','http://termportal.fao.org/faonocs/appl/');
INSERT INTO `country_name` VALUES (625,81,'JP','en','Japan','Japan','http://termportal.fao.org/faonocs/appl/');
INSERT INTO `country_name` VALUES (626,81,'JP','es','Japón','el Japón','http://termportal.fao.org/faonocs/appl/');
INSERT INTO `country_name` VALUES (627,81,'JP','fr','Japon','le Japon','http://termportal.fao.org/faonocs/appl/');
INSERT INTO `country_name` VALUES (628,81,'JP','it','Giappone','Giappone','http://termportal.fao.org/faonocs/appl/');
INSERT INTO `country_name` VALUES (629,81,'JP','zh','日 本','日本国','http://termportal.fao.org/faonocs/appl/');
INSERT INTO `country_name` VALUES (630,81,'JP','ru','Япония','Япония','http://termportal.fao.org/faonocs/appl/');
INSERT INTO `country_name` VALUES (631,83,'KZ','ar','كازاخستان','جمهورية كازاخستان ','http://termportal.fao.org/faonocs/appl/');
INSERT INTO `country_name` VALUES (632,83,'KZ','en','Kazakhstan','the Republic of Kazakhstan','http://termportal.fao.org/faonocs/appl/');
INSERT INTO `country_name` VALUES (633,83,'KZ','es','Kazajstán','la República de Kazajstán','http://termportal.fao.org/faonocs/appl/');
INSERT INTO `country_name` VALUES (634,83,'KZ','fr','Kazakhstan','la République du Kazakhstan','http://termportal.fao.org/faonocs/appl/');
INSERT INTO `country_name` VALUES (635,83,'KZ','it','Kazakistan','Repubblica del Kazakhstan','http://termportal.fao.org/faonocs/appl/');
INSERT INTO `country_name` VALUES (636,83,'KZ','zh','哈萨克斯坦','哈萨克斯坦共和国','http://termportal.fao.org/faonocs/appl/');
INSERT INTO `country_name` VALUES (637,83,'KZ','ru','Казахстан','Республика Казахстан','http://termportal.fao.org/faonocs/appl/');
INSERT INTO `country_name` VALUES (638,84,'KE','ar','كينيا','كينيا جمهورية ','http://termportal.fao.org/faonocs/appl/');
INSERT INTO `country_name` VALUES (639,84,'KE','en','Kenya','the Republic of Kenya','http://termportal.fao.org/faonocs/appl/');
INSERT INTO `country_name` VALUES (640,84,'KE','es','Kenya','la República de Kenya','http://termportal.fao.org/faonocs/appl/');
INSERT INTO `country_name` VALUES (641,84,'KE','fr','Kenya','la République du Kenya','http://termportal.fao.org/faonocs/appl/');
INSERT INTO `country_name` VALUES (642,84,'KE','it','Kenya','Repubblica del Kenya','http://termportal.fao.org/faonocs/appl/');
INSERT INTO `country_name` VALUES (643,84,'KE','zh','肯尼亚','肯尼亚共和国','http://termportal.fao.org/faonocs/appl/');
INSERT INTO `country_name` VALUES (644,84,'KE','ru','Кения','Республика Кения','http://termportal.fao.org/faonocs/appl/');
INSERT INTO `country_name` VALUES (645,87,'KG','ar','قيرغيزستان','جمهورية القيرغيز ','http://termportal.fao.org/faonocs/appl/');
INSERT INTO `country_name` VALUES (646,87,'KG','en','Kyrgyzstan','the Kyrgyz Republic','http://termportal.fao.org/faonocs/appl/');
INSERT INTO `country_name` VALUES (647,87,'KG','es','Kirguistán','la República Kirguisa','http://termportal.fao.org/faonocs/appl/');
INSERT INTO `country_name` VALUES (648,87,'KG','fr','Kirghizistan','la République kirghize','http://termportal.fao.org/faonocs/appl/');
INSERT INTO `country_name` VALUES (649,87,'KG','it','Kirghizistan','Repubblica di Kirghizistan','http://termportal.fao.org/faonocs/appl/');
INSERT INTO `country_name` VALUES (650,87,'KG','zh','吉尔吉斯斯坦','吉尔吉斯共和国','http://termportal.fao.org/faonocs/appl/');
INSERT INTO `country_name` VALUES (651,87,'KG','ru','Кыргызстан','Кыргызская Республика','http://termportal.fao.org/faonocs/appl/');
INSERT INTO `country_name` VALUES (652,28,'KH','ar','كمبوديا','مملكة كمبوديا ','http://termportal.fao.org/faonocs/appl/');
INSERT INTO `country_name` VALUES (653,28,'KH','en','Cambodia','the Kingdom of Cambodia','http://termportal.fao.org/faonocs/appl/');
INSERT INTO `country_name` VALUES (654,28,'KH','es','Camboya','el Reino de Camboya','http://termportal.fao.org/faonocs/appl/');
INSERT INTO `country_name` VALUES (655,28,'KH','fr','Cambodge','le Royaume du Cambodge','http://termportal.fao.org/faonocs/appl/');
INSERT INTO `country_name` VALUES (656,28,'KH','it','Cambogia','Regno di Cambogia','http://termportal.fao.org/faonocs/appl/');
INSERT INTO `country_name` VALUES (657,28,'KH','zh','柬埔寨','柬埔寨王国','http://termportal.fao.org/faonocs/appl/');
INSERT INTO `country_name` VALUES (658,28,'KH','ru','Камбоджа','Королевство Камбоджа','http://termportal.fao.org/faonocs/appl/');
INSERT INTO `country_name` VALUES (659,85,'KI','ar','كيريباس','كيريباس  جمهورية ','http://termportal.fao.org/faonocs/appl/');
INSERT INTO `country_name` VALUES (660,85,'KI','en','Kiribati','the Republic of Kiribati','http://termportal.fao.org/faonocs/appl/');
INSERT INTO `country_name` VALUES (661,85,'KI','es','Kiribati','la República de Kiribati','http://termportal.fao.org/faonocs/appl/');
INSERT INTO `country_name` VALUES (662,85,'KI','fr','Kiribati','la République de Kiribati','http://termportal.fao.org/faonocs/appl/');
INSERT INTO `country_name` VALUES (663,85,'KI','it','Kiribati','Repubblica di Kiribati','http://termportal.fao.org/faonocs/appl/');
INSERT INTO `country_name` VALUES (664,85,'KI','zh','基里巴斯','基里巴斯共和国','http://termportal.fao.org/faonocs/appl/');
INSERT INTO `country_name` VALUES (665,85,'KI','ru','Кирибати','Республика Кирибати','http://termportal.fao.org/faonocs/appl/');
INSERT INTO `country_name` VALUES (666,136,'KN','ar','ونيفيس كيتس سانت ','ونيفيس كيتس سانت ','http://termportal.fao.org/faonocs/appl/');
INSERT INTO `country_name` VALUES (667,136,'KN','en','Saint Kitts and Nevis','Saint Kitts and Nevis','http://termportal.fao.org/faonocs/appl/');
INSERT INTO `country_name` VALUES (668,136,'KN','es','Saint Kitts y Nevis','Saint Kitts y Nevis','http://termportal.fao.org/faonocs/appl/');
INSERT INTO `country_name` VALUES (669,136,'KN','fr','Saint-Kitts-et-Nevis','Saint-Kitts-et-Nevis','http://termportal.fao.org/faonocs/appl/');
INSERT INTO `country_name` VALUES (670,136,'KN','it','Saint Christopher e Nevis','Federazione di Saint Kitts e Nevis','http://termportal.fao.org/faonocs/appl/');
INSERT INTO `country_name` VALUES (671,136,'KN','zh','圣基茨和尼维斯','圣基茨和尼维斯','http://termportal.fao.org/faonocs/appl/');
INSERT INTO `country_name` VALUES (672,136,'KN','ru','Сент-Китс и Невис','Сент-Китс и Невис','http://termportal.fao.org/faonocs/appl/');
INSERT INTO `country_name` VALUES (673,189,'KR','ar','جمهورية كوريا ','جمهورية كوريا ','http://termportal.fao.org/faonocs/appl/');
INSERT INTO `country_name` VALUES (674,189,'KR','en','Republic of Korea','the Republic of Korea','http://termportal.fao.org/faonocs/appl/');
INSERT INTO `country_name` VALUES (675,189,'KR','es','República de Corea','la República de Corea','http://termportal.fao.org/faonocs/appl/');
INSERT INTO `country_name` VALUES (676,189,'KR','fr','République de Corée','la République de Corée','http://termportal.fao.org/faonocs/appl/');
INSERT INTO `country_name` VALUES (677,189,'KR','it','Repubblica di Corea','Repubblica di Corea','http://termportal.fao.org/faonocs/appl/');
INSERT INTO `country_name` VALUES (678,189,'KR','zh','大韩民国','大韩民国','http://termportal.fao.org/faonocs/appl/');
INSERT INTO `country_name` VALUES (679,189,'KR','ru','Республика Корея','Республика Корея','http://termportal.fao.org/faonocs/appl/');
INSERT INTO `country_name` VALUES (680,86,'KW','ar','الكويت','الكويت دولة ','http://termportal.fao.org/faonocs/appl/');
INSERT INTO `country_name` VALUES (681,86,'KW','en','Kuwait','the State of Kuwait','http://termportal.fao.org/faonocs/appl/');
INSERT INTO `country_name` VALUES (682,86,'KW','es','Kuwait','el Estado de Kuwait','http://termportal.fao.org/faonocs/appl/');
INSERT INTO `country_name` VALUES (683,86,'KW','fr','Koweït','l\'État du Koweït','http://termportal.fao.org/faonocs/appl/');
INSERT INTO `country_name` VALUES (684,86,'KW','it','Kuwait','Stato del Kuwait','http://termportal.fao.org/faonocs/appl/');
INSERT INTO `country_name` VALUES (685,86,'KW','zh','科威特','科威特国','http://termportal.fao.org/faonocs/appl/');
INSERT INTO `country_name` VALUES (686,86,'KW','ru','Кувейт','Государство Кувейт','http://termportal.fao.org/faonocs/appl/');
INSERT INTO `country_name` VALUES (687,88,'LA','ar','الشعبية الديمقراطية لاو جمهورية ','الشعبية الديمقراطية لاو جمهورية ','http://termportal.fao.org/faonocs/appl/');
INSERT INTO `country_name` VALUES (688,88,'LA','en','Lao People\'s Democratic Republic','the Lao People\'s Democratic Republic','http://termportal.fao.org/faonocs/appl/');
INSERT INTO `country_name` VALUES (689,88,'LA','es','República Democrática Popular Lao','la República Democrática Popular Lao','http://termportal.fao.org/faonocs/appl/');
INSERT INTO `country_name` VALUES (690,88,'LA','fr','République démocratique populaire lao','la République démocratique populaire lao','http://termportal.fao.org/faonocs/appl/');
INSERT INTO `country_name` VALUES (691,88,'LA','it','Repubblica democratica popolare del Laos','Repubblica democratica popolare del Laos','http://termportal.fao.org/faonocs/appl/');
INSERT INTO `country_name` VALUES (692,88,'LA','zh','老挝人民民主共和国','老挝人民民主共和国','http://termportal.fao.org/faonocs/appl/');
INSERT INTO `country_name` VALUES (693,88,'LA','ru','Лаосская Народно-Демократическая Республика','Лаосская Народно-Демократическая Республика','http://termportal.fao.org/faonocs/appl/');
INSERT INTO `country_name` VALUES (694,90,'LB','ar','لبنان','اللبنانية الجمهورية ','http://termportal.fao.org/faonocs/appl/');
INSERT INTO `country_name` VALUES (695,90,'LB','en','Lebanon','the Lebanese Republic','http://termportal.fao.org/faonocs/appl/');
INSERT INTO `country_name` VALUES (696,90,'LB','es','Líbano','la República libanesa','http://termportal.fao.org/faonocs/appl/');
INSERT INTO `country_name` VALUES (697,90,'LB','fr','Liban','la République libanaise','http://termportal.fao.org/faonocs/appl/');
INSERT INTO `country_name` VALUES (698,90,'LB','it','Libano','Repubblica libanese','http://termportal.fao.org/faonocs/appl/');
INSERT INTO `country_name` VALUES (699,90,'LB','zh','黎巴嫩','黎巴嫩共和国','http://termportal.fao.org/faonocs/appl/');
INSERT INTO `country_name` VALUES (700,90,'LB','ru','Ливан','Ливанская Республика','http://termportal.fao.org/faonocs/appl/');
INSERT INTO `country_name` VALUES (701,92,'LR','ar','ليبريا','جمهورية ليبريا ','http://termportal.fao.org/faonocs/appl/');
INSERT INTO `country_name` VALUES (702,92,'LR','en','Liberia','the Republic of Liberia','http://termportal.fao.org/faonocs/appl/');
INSERT INTO `country_name` VALUES (703,92,'LR','es','Liberia','la República de Liberia','http://termportal.fao.org/faonocs/appl/');
INSERT INTO `country_name` VALUES (704,92,'LR','fr','Libéria','la République du Libéria','http://termportal.fao.org/faonocs/appl/');
INSERT INTO `country_name` VALUES (705,92,'LR','it','Liberia','Repubblica di Liberia','http://termportal.fao.org/faonocs/appl/');
INSERT INTO `country_name` VALUES (706,92,'LR','zh','利比里亚','利比里亚共和国','http://termportal.fao.org/faonocs/appl/');
INSERT INTO `country_name` VALUES (707,92,'LR','ru','Либерия','Республика Либерия','http://termportal.fao.org/faonocs/appl/');
INSERT INTO `country_name` VALUES (708,93,'LY','ar','ليبيا','ليبيا','http://termportal.fao.org/faonocs/appl/');
INSERT INTO `country_name` VALUES (709,93,'LY','en','Libya','Libya','http://termportal.fao.org/faonocs/appl/');
INSERT INTO `country_name` VALUES (710,93,'LY','es','Libia','Libia','http://termportal.fao.org/faonocs/appl/');
INSERT INTO `country_name` VALUES (711,93,'LY','fr','Libye','la Libye','http://termportal.fao.org/faonocs/appl/');
INSERT INTO `country_name` VALUES (712,93,'LY','it','Libia','Libia','http://termportal.fao.org/faonocs/appl/');
INSERT INTO `country_name` VALUES (713,93,'LY','zh','利比亚','利比亚','http://termportal.fao.org/faonocs/appl/');
INSERT INTO `country_name` VALUES (714,93,'LY','ru','Ливия','Ливия','http://termportal.fao.org/faonocs/appl/');
INSERT INTO `country_name` VALUES (715,137,'LC','ar','لوسيا سانت ','لوسيا سانت ','http://termportal.fao.org/faonocs/appl/');
INSERT INTO `country_name` VALUES (716,137,'LC','en','Saint Lucia','Saint Lucia','http://termportal.fao.org/faonocs/appl/');
INSERT INTO `country_name` VALUES (717,137,'LC','es','Santa Lucía','Santa Lucía','http://termportal.fao.org/faonocs/appl/');
INSERT INTO `country_name` VALUES (718,137,'LC','fr','Sainte-Lucie','Sainte-Lucie','http://termportal.fao.org/faonocs/appl/');
INSERT INTO `country_name` VALUES (719,137,'LC','it','Santa Lucia  ','Santa Lucia  ','http://termportal.fao.org/faonocs/appl/');
INSERT INTO `country_name` VALUES (720,137,'LC','zh','圣卢西亚','圣卢西亚','http://termportal.fao.org/faonocs/appl/');
INSERT INTO `country_name` VALUES (721,137,'LC','ru','Сент-Люсия','Сент-Люсия','http://termportal.fao.org/faonocs/appl/');
INSERT INTO `country_name` VALUES (722,94,'LI','ar','لختنشتاين','إمارة لختنشتاين ','http://termportal.fao.org/faonocs/appl/');
INSERT INTO `country_name` VALUES (723,94,'LI','en','Liechtenstein','the Principality of Liechtenstein','http://termportal.fao.org/faonocs/appl/');
INSERT INTO `country_name` VALUES (724,94,'LI','es','Liechtenstein','el Principado de Liechtenstein','http://termportal.fao.org/faonocs/appl/');
INSERT INTO `country_name` VALUES (725,94,'LI','fr','Liechtenstein','la Principauté du Liechtenstein','http://termportal.fao.org/faonocs/appl/');
INSERT INTO `country_name` VALUES (726,94,'LI','it','Liechtenstein','Principato del Liechtenstein','http://termportal.fao.org/faonocs/appl/');
INSERT INTO `country_name` VALUES (727,94,'LI','zh','列支敦士登','列支敦士登公国','http://termportal.fao.org/faonocs/appl/');
INSERT INTO `country_name` VALUES (728,94,'LI','ru','Лихтенштейн','Княжество Лихтенштейн','http://termportal.fao.org/faonocs/appl/');
INSERT INTO `country_name` VALUES (729,154,'LK','ar','سري لانكا ','جمهورية سري لانكا الاشتراكية الديمقراطية ','http://termportal.fao.org/faonocs/appl/');
INSERT INTO `country_name` VALUES (730,154,'LK','en','Sri Lanka','the Democratic Socialist Republic of Sri Lanka','http://termportal.fao.org/faonocs/appl/');
INSERT INTO `country_name` VALUES (731,154,'LK','es','Sri Lanka','la República Socialista Democrática de Sri Lanka','http://termportal.fao.org/faonocs/appl/');
INSERT INTO `country_name` VALUES (732,154,'LK','fr','Sri Lanka','la République socialiste démocratique de Sri Lanka','http://termportal.fao.org/faonocs/appl/');
INSERT INTO `country_name` VALUES (733,154,'LK','it','Sri Lanka','Repubblica democratica socialista di Sri Lanka','http://termportal.fao.org/faonocs/appl/');
INSERT INTO `country_name` VALUES (734,154,'LK','zh','斯里兰卡','斯里兰卡民主社会主义共和国','http://termportal.fao.org/faonocs/appl/');
INSERT INTO `country_name` VALUES (735,154,'LK','ru','Шри-Ланка','Демократическая Социалистическая Республика Шри-Ланка','http://termportal.fao.org/faonocs/appl/');
INSERT INTO `country_name` VALUES (736,91,'LS','ar','ليسوتو','ليسوتو مملكة ','http://termportal.fao.org/faonocs/appl/');
INSERT INTO `country_name` VALUES (737,91,'LS','en','Lesotho','the Kingdom of Lesotho','http://termportal.fao.org/faonocs/appl/');
INSERT INTO `country_name` VALUES (738,91,'LS','es','Lesotho','el Reino de Lesotho','http://termportal.fao.org/faonocs/appl/');
INSERT INTO `country_name` VALUES (739,91,'LS','fr','Lesotho','le Royaume du Lesotho','http://termportal.fao.org/faonocs/appl/');
INSERT INTO `country_name` VALUES (740,91,'LS','it','Lesotho','Regno di Lesotho','http://termportal.fao.org/faonocs/appl/');
INSERT INTO `country_name` VALUES (741,91,'LS','zh','莱索托','莱索托王国','http://termportal.fao.org/faonocs/appl/');
INSERT INTO `country_name` VALUES (742,91,'LS','ru','Лесото','Королевство Лесото','http://termportal.fao.org/faonocs/appl/');
INSERT INTO `country_name` VALUES (743,95,'LT','ar','ليتوانيا','جمهورية ليتوانيا ','http://termportal.fao.org/faonocs/appl/');
INSERT INTO `country_name` VALUES (744,95,'LT','en','Lithuania','the Republic of Lithuania','http://termportal.fao.org/faonocs/appl/');
INSERT INTO `country_name` VALUES (745,95,'LT','es','Lituania','la República de Lituania','http://termportal.fao.org/faonocs/appl/');
INSERT INTO `country_name` VALUES (746,95,'LT','fr','Lituanie','la République de Lituanie','http://termportal.fao.org/faonocs/appl/');
INSERT INTO `country_name` VALUES (747,95,'LT','it','Lituania','Repubblica di Lituania','http://termportal.fao.org/faonocs/appl/');
INSERT INTO `country_name` VALUES (748,95,'LT','zh','立陶宛','立陶宛共和国','http://termportal.fao.org/faonocs/appl/');
INSERT INTO `country_name` VALUES (749,95,'LT','ru','Литва','Литовская Республика','http://termportal.fao.org/faonocs/appl/');
INSERT INTO `country_name` VALUES (750,96,'LU','ar','لكسمبرغ','الكبرى لكسمبرغ دوقية ','http://termportal.fao.org/faonocs/appl/');
INSERT INTO `country_name` VALUES (751,96,'LU','en','Luxembourg','the Grand Duchy of Luxembourg','http://termportal.fao.org/faonocs/appl/');
INSERT INTO `country_name` VALUES (752,96,'LU','es','Luxemburgo','el Gran Ducado de Luxemburgo','http://termportal.fao.org/faonocs/appl/');
INSERT INTO `country_name` VALUES (753,96,'LU','fr','Luxembourg','le Grand-Duché de Luxembourg','http://termportal.fao.org/faonocs/appl/');
INSERT INTO `country_name` VALUES (754,96,'LU','it','Lussemburgo','Granducato di Lussemburgo','http://termportal.fao.org/faonocs/appl/');
INSERT INTO `country_name` VALUES (755,96,'LU','zh','卢森堡','卢森堡大公国','http://termportal.fao.org/faonocs/appl/');
INSERT INTO `country_name` VALUES (756,96,'LU','ru','Люксембург','Великое Герцогство Люксембург','http://termportal.fao.org/faonocs/appl/');
INSERT INTO `country_name` VALUES (757,89,'LV','ar','لاتفيا','جمهورية لاتفيا ','http://termportal.fao.org/faonocs/appl/');
INSERT INTO `country_name` VALUES (758,89,'LV','en','Latvia','the Republic of Latvia','http://termportal.fao.org/faonocs/appl/');
INSERT INTO `country_name` VALUES (759,89,'LV','es','Letonia','la República de Letonia','http://termportal.fao.org/faonocs/appl/');
INSERT INTO `country_name` VALUES (760,89,'LV','fr','Lettonie','la République de Lettonie','http://termportal.fao.org/faonocs/appl/');
INSERT INTO `country_name` VALUES (761,89,'LV','it','Lettonia','Repubblica di Lettonia','http://termportal.fao.org/faonocs/appl/');
INSERT INTO `country_name` VALUES (762,89,'LV','zh','拉脱维亚','拉脱维亚共和国','http://termportal.fao.org/faonocs/appl/');
INSERT INTO `country_name` VALUES (763,89,'LV','ru','Латвия','Латвийская Республика','http://termportal.fao.org/faonocs/appl/');
INSERT INTO `country_name` VALUES (764,110,'MA','ar','المغرب','المملكة المغربية ','http://termportal.fao.org/faonocs/appl/');
INSERT INTO `country_name` VALUES (765,110,'MA','en','Morocco','the Kingdom of Morocco','http://termportal.fao.org/faonocs/appl/');
INSERT INTO `country_name` VALUES (766,110,'MA','es','Marruecos','el Reino de Marruecos','http://termportal.fao.org/faonocs/appl/');
INSERT INTO `country_name` VALUES (767,110,'MA','fr','Maroc','le Royaume du Maroc','http://termportal.fao.org/faonocs/appl/');
INSERT INTO `country_name` VALUES (768,110,'MA','it','Marocco','Regno del Marocco','http://termportal.fao.org/faonocs/appl/');
INSERT INTO `country_name` VALUES (769,110,'MA','zh','摩洛哥','摩洛哥王国','http://termportal.fao.org/faonocs/appl/');
INSERT INTO `country_name` VALUES (770,110,'MA','ru','Марокко','Королевство Марокко','http://termportal.fao.org/faonocs/appl/');
INSERT INTO `country_name` VALUES (771,107,'MC','ar','موناكو','إمارة موناكو ','http://termportal.fao.org/faonocs/appl/');
INSERT INTO `country_name` VALUES (772,107,'MC','en','Monaco','the Principality of Monaco','http://termportal.fao.org/faonocs/appl/');
INSERT INTO `country_name` VALUES (773,107,'MC','es','Mónaco','el Principado de Mónaco','http://termportal.fao.org/faonocs/appl/');
INSERT INTO `country_name` VALUES (774,107,'MC','fr','Monaco','la Principauté de Monaco','http://termportal.fao.org/faonocs/appl/');
INSERT INTO `country_name` VALUES (775,107,'MC','it','Monaco','Principato di Monaco','http://termportal.fao.org/faonocs/appl/');
INSERT INTO `country_name` VALUES (776,107,'MC','zh','摩纳哥','摩纳哥公国','http://termportal.fao.org/faonocs/appl/');
INSERT INTO `country_name` VALUES (777,107,'MC','ru','Монако','Княжество Монако','http://termportal.fao.org/faonocs/appl/');
INSERT INTO `country_name` VALUES (778,190,'MD','ar','جمهورية مولدوفا ','جمهورية مولدوفا ','http://termportal.fao.org/faonocs/appl/');
INSERT INTO `country_name` VALUES (779,190,'MD','en','Republic of Moldova','the Republic of Moldova','http://termportal.fao.org/faonocs/appl/');
INSERT INTO `country_name` VALUES (780,190,'MD','es','República de Moldova','la República de Moldova','http://termportal.fao.org/faonocs/appl/');
INSERT INTO `country_name` VALUES (781,190,'MD','fr','République de Moldova','la République de Moldova','http://termportal.fao.org/faonocs/appl/');
INSERT INTO `country_name` VALUES (782,190,'MD','it','Repubblica di Moldova','Repubblica di Moldova','http://termportal.fao.org/faonocs/appl/');
INSERT INTO `country_name` VALUES (783,190,'MD','zh','摩尔多瓦共和国','摩尔多瓦共和国','http://termportal.fao.org/faonocs/appl/');
INSERT INTO `country_name` VALUES (784,190,'MD','ru','Республика Молдова','Республика Молдова','http://termportal.fao.org/faonocs/appl/');
INSERT INTO `country_name` VALUES (785,97,'MG','ar','مدغشقر','جمهورية مدغشقر ','http://termportal.fao.org/faonocs/appl/');
INSERT INTO `country_name` VALUES (786,97,'MG','en','Madagascar','the Republic of Madagascar','http://termportal.fao.org/faonocs/appl/');
INSERT INTO `country_name` VALUES (787,97,'MG','es','Madagascar','la República de Madagascar','http://termportal.fao.org/faonocs/appl/');
INSERT INTO `country_name` VALUES (788,97,'MG','fr','Madagascar','la République de Madagascar','http://termportal.fao.org/faonocs/appl/');
INSERT INTO `country_name` VALUES (789,97,'MG','it','Madagascar','Repubblica del Madagascar','http://termportal.fao.org/faonocs/appl/');
INSERT INTO `country_name` VALUES (790,97,'MG','zh','马达加斯加','马达加斯加共和国','http://termportal.fao.org/faonocs/appl/');
INSERT INTO `country_name` VALUES (791,97,'MG','ru','Мадагаскар','Республика Мадагаскар','http://termportal.fao.org/faonocs/appl/');
INSERT INTO `country_name` VALUES (792,100,'MV','ar','ملديف','جمهورية ملديف ','http://termportal.fao.org/faonocs/appl/');
INSERT INTO `country_name` VALUES (793,100,'MV','en','Maldives','the Republic of Maldives','http://termportal.fao.org/faonocs/appl/');
INSERT INTO `country_name` VALUES (794,100,'MV','es','Maldivas','la República de Maldivas','http://termportal.fao.org/faonocs/appl/');
INSERT INTO `country_name` VALUES (795,100,'MV','fr','Maldives','la République des Maldives','http://termportal.fao.org/faonocs/appl/');
INSERT INTO `country_name` VALUES (796,100,'MV','it','Maldive','Repubblica delle Maldive','http://termportal.fao.org/faonocs/appl/');
INSERT INTO `country_name` VALUES (797,100,'MV','zh','马尔代夫','马尔代夫共和国','http://termportal.fao.org/faonocs/appl/');
INSERT INTO `country_name` VALUES (798,100,'MV','ru','Мальдивы','Мальдивская Республика','http://termportal.fao.org/faonocs/appl/');
INSERT INTO `country_name` VALUES (799,106,'MX','ar','المكسيك','المكسيكية المتحدة الولايات ','http://termportal.fao.org/faonocs/appl/');
INSERT INTO `country_name` VALUES (800,106,'MX','en','Mexico','the United Mexican States','http://termportal.fao.org/faonocs/appl/');
INSERT INTO `country_name` VALUES (801,106,'MX','es','México','los Estados Unidos Mexicanos','http://termportal.fao.org/faonocs/appl/');
INSERT INTO `country_name` VALUES (802,106,'MX','fr','Mexique','les États-Unis du Mexique','http://termportal.fao.org/faonocs/appl/');
INSERT INTO `country_name` VALUES (803,106,'MX','it','Messico','Stati Uniti messicani','http://termportal.fao.org/faonocs/appl/');
INSERT INTO `country_name` VALUES (804,106,'MX','zh','墨西哥','墨西哥合众国','http://termportal.fao.org/faonocs/appl/');
INSERT INTO `country_name` VALUES (805,106,'MX','ru','Мексика','Мексиканские Соединенные Штаты','http://termportal.fao.org/faonocs/appl/');
INSERT INTO `country_name` VALUES (806,103,'MH','ar','جزر مارشال ','جمهورية جزر مارشال ','http://termportal.fao.org/faonocs/appl/');
INSERT INTO `country_name` VALUES (807,103,'MH','en','Marshall Islands','the Republic of the Marshall Islands','http://termportal.fao.org/faonocs/appl/');
INSERT INTO `country_name` VALUES (808,103,'MH','es','Islas Marshall','la República de las Islas Marshall','http://termportal.fao.org/faonocs/appl/');
INSERT INTO `country_name` VALUES (809,103,'MH','fr','Îles Marshall','la République des Îles Marshall','http://termportal.fao.org/faonocs/appl/');
INSERT INTO `country_name` VALUES (810,103,'MH','it','Isole Marshall','Repubblica delle Isole Marshall','http://termportal.fao.org/faonocs/appl/');
INSERT INTO `country_name` VALUES (811,103,'MH','zh','马绍尔群岛','马绍尔群岛共和国','http://termportal.fao.org/faonocs/appl/');
INSERT INTO `country_name` VALUES (812,103,'MH','ru','Маршалловы Острова','Республика Маршалловы Острова','http://termportal.fao.org/faonocs/appl/');
INSERT INTO `country_name` VALUES (813,191,'MK','ar','جمهورية مقدونيا اليوغوسلافية السابقة ','جمهورية مقدونيا اليوغوسلافية السابقة ','http://termportal.fao.org/faonocs/appl/');
INSERT INTO `country_name` VALUES (814,191,'MK','en','The former Yugoslav Republic of Macedonia','The former Yugoslav Republic of Macedonia','http://termportal.fao.org/faonocs/appl/');
INSERT INTO `country_name` VALUES (815,191,'MK','es','ex República Yugoslava de Macedonia','la ex República Yugoslava de Macedonia','http://termportal.fao.org/faonocs/appl/');
INSERT INTO `country_name` VALUES (816,191,'MK','fr','ex-République yougoslave de Macédoine','l\'ex-République yougoslave de Macédoine','http://termportal.fao.org/faonocs/appl/');
INSERT INTO `country_name` VALUES (817,191,'MK','it','ex Repubblica jugoslava di Macedonia','L\'ex Repubblica jugoslava di Macedonia','http://termportal.fao.org/faonocs/appl/');
INSERT INTO `country_name` VALUES (818,191,'MK','zh','前南斯拉夫的马其顿共和国','前南斯拉夫的马其顿共和国','http://termportal.fao.org/faonocs/appl/');
INSERT INTO `country_name` VALUES (819,191,'MK','ru','бывшая югославская Республика Македония','бывшая югославская Республика Македония','http://termportal.fao.org/faonocs/appl/');
INSERT INTO `country_name` VALUES (820,101,'ML','ar','مالي','مالي جمهورية ','http://termportal.fao.org/faonocs/appl/');
INSERT INTO `country_name` VALUES (821,101,'ML','en','Mali','the Republic of Mali','http://termportal.fao.org/faonocs/appl/');
INSERT INTO `country_name` VALUES (822,101,'ML','es','Malí','la República de Malí','http://termportal.fao.org/faonocs/appl/');
INSERT INTO `country_name` VALUES (823,101,'ML','fr','Mali','la République du Mali','http://termportal.fao.org/faonocs/appl/');
INSERT INTO `country_name` VALUES (824,101,'ML','it','Mali','Repubblica del Mali','http://termportal.fao.org/faonocs/appl/');
INSERT INTO `country_name` VALUES (825,101,'ML','zh','马 里','马里共和国','http://termportal.fao.org/faonocs/appl/');
INSERT INTO `country_name` VALUES (826,101,'ML','ru','Мали','Республика Мали','http://termportal.fao.org/faonocs/appl/');
INSERT INTO `country_name` VALUES (827,102,'MT','ar','مالطة','جمهورية مالطة ','http://termportal.fao.org/faonocs/appl/');
INSERT INTO `country_name` VALUES (828,102,'MT','en','Malta','the Republic of Malta','http://termportal.fao.org/faonocs/appl/');
INSERT INTO `country_name` VALUES (829,102,'MT','es','Malta','la República de Malta','http://termportal.fao.org/faonocs/appl/');
INSERT INTO `country_name` VALUES (830,102,'MT','fr','Malte','la République de Malte','http://termportal.fao.org/faonocs/appl/');
INSERT INTO `country_name` VALUES (831,102,'MT','it','Malta','Repubblica di Malta','http://termportal.fao.org/faonocs/appl/');
INSERT INTO `country_name` VALUES (832,102,'MT','zh','马耳他','马耳他共和国','http://termportal.fao.org/faonocs/appl/');
INSERT INTO `country_name` VALUES (833,102,'MT','ru','Мальта','Республика Мальта','http://termportal.fao.org/faonocs/appl/');
INSERT INTO `country_name` VALUES (834,112,'MM','ar','ميانمار','ميانمار اتحاد جمهورية ','http://termportal.fao.org/faonocs/appl/');
INSERT INTO `country_name` VALUES (835,112,'MM','en','Myanmar','the Republic of the Union of Myanmar','http://termportal.fao.org/faonocs/appl/');
INSERT INTO `country_name` VALUES (836,112,'MM','es','Myanmar','la República de la Unión de Myanmar','http://termportal.fao.org/faonocs/appl/');
INSERT INTO `country_name` VALUES (837,112,'MM','fr','Myanmar','République de l\'Union du Myanmar','http://termportal.fao.org/faonocs/appl/');
INSERT INTO `country_name` VALUES (838,112,'MM','it','Myanmar','Repubblica dell\'Unione di Myanmar','http://termportal.fao.org/faonocs/appl/');
INSERT INTO `country_name` VALUES (839,112,'MM','zh','缅 甸','缅甸联邦共和国','http://termportal.fao.org/faonocs/appl/');
INSERT INTO `country_name` VALUES (840,112,'MM','ru','Мьянма','Республика Союз Мьянма','http://termportal.fao.org/faonocs/appl/');
INSERT INTO `country_name` VALUES (841,109,'ME','ar','الأسود الجبل ','الأسود الجبل ','http://termportal.fao.org/faonocs/appl/');
INSERT INTO `country_name` VALUES (842,109,'ME','en','Montenegro','Montenegro','http://termportal.fao.org/faonocs/appl/');
INSERT INTO `country_name` VALUES (843,109,'ME','es','Montenegro','Montenegro','http://termportal.fao.org/faonocs/appl/');
INSERT INTO `country_name` VALUES (844,109,'ME','fr','Monténégro','le Monténégro','http://termportal.fao.org/faonocs/appl/');
INSERT INTO `country_name` VALUES (845,109,'ME','it','Montenegro','Montenegro','http://termportal.fao.org/faonocs/appl/');
INSERT INTO `country_name` VALUES (846,109,'ME','zh','黑山','黑山','http://termportal.fao.org/faonocs/appl/');
INSERT INTO `country_name` VALUES (847,109,'ME','ru','Черногория','Черногория','http://termportal.fao.org/faonocs/appl/');
INSERT INTO `country_name` VALUES (848,108,'MN','ar','منغوليا','منغوليا','http://termportal.fao.org/faonocs/appl/');
INSERT INTO `country_name` VALUES (849,108,'MN','en','Mongolia','Mongolia','http://termportal.fao.org/faonocs/appl/');
INSERT INTO `country_name` VALUES (850,108,'MN','es','Mongolia','Mongolia','http://termportal.fao.org/faonocs/appl/');
INSERT INTO `country_name` VALUES (851,108,'MN','fr','Mongolie','la Mongolie','http://termportal.fao.org/faonocs/appl/');
INSERT INTO `country_name` VALUES (852,108,'MN','it','Mongolia','Mongolia','http://termportal.fao.org/faonocs/appl/');
INSERT INTO `country_name` VALUES (853,108,'MN','zh','蒙 古','蒙古国','http://termportal.fao.org/faonocs/appl/');
INSERT INTO `country_name` VALUES (854,108,'MN','ru','Монголия','Монголия','http://termportal.fao.org/faonocs/appl/');
INSERT INTO `country_name` VALUES (855,111,'MZ','ar','موزامبيق','جمهورية موزامبيق ','http://termportal.fao.org/faonocs/appl/');
INSERT INTO `country_name` VALUES (856,111,'MZ','en','Mozambique','the Republic of Mozambique','http://termportal.fao.org/faonocs/appl/');
INSERT INTO `country_name` VALUES (857,111,'MZ','es','Mozambique','la República de Mozambique','http://termportal.fao.org/faonocs/appl/');
INSERT INTO `country_name` VALUES (858,111,'MZ','fr','Mozambique','la République du Mozambique','http://termportal.fao.org/faonocs/appl/');
INSERT INTO `country_name` VALUES (859,111,'MZ','it','Mozambico','Repubblica del Mozambico','http://termportal.fao.org/faonocs/appl/');
INSERT INTO `country_name` VALUES (860,111,'MZ','zh','莫桑比克','莫桑比克共和国','http://termportal.fao.org/faonocs/appl/');
INSERT INTO `country_name` VALUES (861,111,'MZ','ru','Мозамбик','Республика Мозамбик','http://termportal.fao.org/faonocs/appl/');
INSERT INTO `country_name` VALUES (862,104,'MR','ar','موريتانيا','الجمهورية الإسلامية الموريتانية ','http://termportal.fao.org/faonocs/appl/');
INSERT INTO `country_name` VALUES (863,104,'MR','en','Mauritania','the Islamic Republic of Mauritania','http://termportal.fao.org/faonocs/appl/');
INSERT INTO `country_name` VALUES (864,104,'MR','es','Mauritania','la República Islámica de Mauritania','http://termportal.fao.org/faonocs/appl/');
INSERT INTO `country_name` VALUES (865,104,'MR','fr','Mauritanie','la République islamique de Mauritanie','http://termportal.fao.org/faonocs/appl/');
INSERT INTO `country_name` VALUES (866,104,'MR','it','Mauritania','Repubblica islamica di Mauritania','http://termportal.fao.org/faonocs/appl/');
INSERT INTO `country_name` VALUES (867,104,'MR','zh','毛里塔尼亚','毛里塔尼亚伊斯兰共和国','http://termportal.fao.org/faonocs/appl/');
INSERT INTO `country_name` VALUES (868,104,'MR','ru','Мавритания','Исламская Республика Мавритания','http://termportal.fao.org/faonocs/appl/');
INSERT INTO `country_name` VALUES (869,105,'MU','ar','موريشيوس','موريشيوس جمهورية ','http://termportal.fao.org/faonocs/appl/');
INSERT INTO `country_name` VALUES (870,105,'MU','en','Mauritius','the Republic of Mauritius','http://termportal.fao.org/faonocs/appl/');
INSERT INTO `country_name` VALUES (871,105,'MU','es','Mauricio','la República de Mauricio','http://termportal.fao.org/faonocs/appl/');
INSERT INTO `country_name` VALUES (872,105,'MU','fr','Maurice','la République de Maurice','http://termportal.fao.org/faonocs/appl/');
INSERT INTO `country_name` VALUES (873,105,'MU','it','Maurizio','Repubblica di Maurizio','http://termportal.fao.org/faonocs/appl/');
INSERT INTO `country_name` VALUES (874,105,'MU','zh','毛里求斯','毛里求斯共和国','http://termportal.fao.org/faonocs/appl/');
INSERT INTO `country_name` VALUES (875,105,'MU','ru','Маврикий','Республика Маврикий','http://termportal.fao.org/faonocs/appl/');
INSERT INTO `country_name` VALUES (876,98,'MW','ar','ملاوي','جمهورية ملاوي ','http://termportal.fao.org/faonocs/appl/');
INSERT INTO `country_name` VALUES (877,98,'MW','en','Malawi','the Republic of Malawi','http://termportal.fao.org/faonocs/appl/');
INSERT INTO `country_name` VALUES (878,98,'MW','es','Malawi','la República de Malawi','http://termportal.fao.org/faonocs/appl/');
INSERT INTO `country_name` VALUES (879,98,'MW','fr','Malawi','la République du Malawi','http://termportal.fao.org/faonocs/appl/');
INSERT INTO `country_name` VALUES (880,98,'MW','it','Malawi','Repubblica del Malawi','http://termportal.fao.org/faonocs/appl/');
INSERT INTO `country_name` VALUES (881,98,'MW','zh','马拉维','马拉维共和国','http://termportal.fao.org/faonocs/appl/');
INSERT INTO `country_name` VALUES (882,98,'MW','ru','Малави','Республика Малави','http://termportal.fao.org/faonocs/appl/');
INSERT INTO `country_name` VALUES (883,99,'MY','ar','ماليزيا','ماليزيا','http://termportal.fao.org/faonocs/appl/');
INSERT INTO `country_name` VALUES (884,99,'MY','en','Malaysia','Malaysia','http://termportal.fao.org/faonocs/appl/');
INSERT INTO `country_name` VALUES (885,99,'MY','es','Malasia','Malasia','http://termportal.fao.org/faonocs/appl/');
INSERT INTO `country_name` VALUES (886,99,'MY','fr','Malaisie','la Malaisie','http://termportal.fao.org/faonocs/appl/');
INSERT INTO `country_name` VALUES (887,99,'MY','it','Malaysia','Malaysia','http://termportal.fao.org/faonocs/appl/');
INSERT INTO `country_name` VALUES (888,99,'MY','zh','马来西亚','马来西亚','http://termportal.fao.org/faonocs/appl/');
INSERT INTO `country_name` VALUES (889,99,'MY','ru','Малайзия','Малайзия','http://termportal.fao.org/faonocs/appl/');
INSERT INTO `country_name` VALUES (890,113,'NA','ar','ناميبيا','جمهورية ناميبيا ','http://termportal.fao.org/faonocs/appl/');
INSERT INTO `country_name` VALUES (891,113,'NA','en','Namibia','the Republic of Namibia','http://termportal.fao.org/faonocs/appl/');
INSERT INTO `country_name` VALUES (892,113,'NA','es','Namibia','la República de Namibia','http://termportal.fao.org/faonocs/appl/');
INSERT INTO `country_name` VALUES (893,113,'NA','fr','Namibie','la République de Namibie','http://termportal.fao.org/faonocs/appl/');
INSERT INTO `country_name` VALUES (894,113,'NA','it','Namibia','Repubblica di Namibia','http://termportal.fao.org/faonocs/appl/');
INSERT INTO `country_name` VALUES (895,113,'NA','zh','纳米比亚','纳米比亚共和国','http://termportal.fao.org/faonocs/appl/');
INSERT INTO `country_name` VALUES (896,113,'NA','ru','Намибия','Республика Намибия','http://termportal.fao.org/faonocs/appl/');
INSERT INTO `country_name` VALUES (897,119,'NE','ar','النيجر','جمهورية النيجر ','http://termportal.fao.org/faonocs/appl/');
INSERT INTO `country_name` VALUES (898,119,'NE','en','Niger','the Republic of the Niger','http://termportal.fao.org/faonocs/appl/');
INSERT INTO `country_name` VALUES (899,119,'NE','es','Níger','la República del Níger','http://termportal.fao.org/faonocs/appl/');
INSERT INTO `country_name` VALUES (900,119,'NE','fr','Niger','la République du Niger','http://termportal.fao.org/faonocs/appl/');
INSERT INTO `country_name` VALUES (901,119,'NE','it','Niger','Repubblica del Niger','http://termportal.fao.org/faonocs/appl/');
INSERT INTO `country_name` VALUES (902,119,'NE','zh','尼日尔','尼日尔共和国','http://termportal.fao.org/faonocs/appl/');
INSERT INTO `country_name` VALUES (903,119,'NE','ru','Нигер','Республика Нигер','http://termportal.fao.org/faonocs/appl/');
INSERT INTO `country_name` VALUES (904,120,'NG','ar','نيجيريا','الاتحادية نيجيريا جمهورية ','http://termportal.fao.org/faonocs/appl/');
INSERT INTO `country_name` VALUES (905,120,'NG','en','Nigeria','the Federal Republic of Nigeria','http://termportal.fao.org/faonocs/appl/');
INSERT INTO `country_name` VALUES (906,120,'NG','es','Nigeria','la República Federal de Nigeria','http://termportal.fao.org/faonocs/appl/');
INSERT INTO `country_name` VALUES (907,120,'NG','fr','Nigéria','la République fédérale du Nigéria','http://termportal.fao.org/faonocs/appl/');
INSERT INTO `country_name` VALUES (908,120,'NG','it','Nigeria','Repubblica federale della Nigeria','http://termportal.fao.org/faonocs/appl/');
INSERT INTO `country_name` VALUES (909,120,'NG','zh','尼日利亚','尼日利亚联邦共和国','http://termportal.fao.org/faonocs/appl/');
INSERT INTO `country_name` VALUES (910,120,'NG','ru','Нигерия','Федеративная Республика Нигерия','http://termportal.fao.org/faonocs/appl/');
INSERT INTO `country_name` VALUES (911,118,'NI','ar','نيكاراغوا','جمهورية  نيكاراغوا ','http://termportal.fao.org/faonocs/appl/');
INSERT INTO `country_name` VALUES (912,118,'NI','en','Nicaragua','the Republic of Nicaragua','http://termportal.fao.org/faonocs/appl/');
INSERT INTO `country_name` VALUES (913,118,'NI','es','Nicaragua','la República de Nicaragua','http://termportal.fao.org/faonocs/appl/');
INSERT INTO `country_name` VALUES (914,118,'NI','fr','Nicaragua','la République du Nicaragua','http://termportal.fao.org/faonocs/appl/');
INSERT INTO `country_name` VALUES (915,118,'NI','it','Nicaragua','Repubblica di Nicaragua','http://termportal.fao.org/faonocs/appl/');
INSERT INTO `country_name` VALUES (916,118,'NI','zh','尼加拉瓜','尼加拉瓜共和国','http://termportal.fao.org/faonocs/appl/');
INSERT INTO `country_name` VALUES (917,118,'NI','ru','Никарагуа','Республика Никарагуа','http://termportal.fao.org/faonocs/appl/');
INSERT INTO `country_name` VALUES (918,192,'NU','ar','نيوى','نيوى','http://termportal.fao.org/faonocs/appl/');
INSERT INTO `country_name` VALUES (919,192,'NU','en','Niue','Niue','http://termportal.fao.org/faonocs/appl/');
INSERT INTO `country_name` VALUES (920,192,'NU','es','Niue','Niue','http://termportal.fao.org/faonocs/appl/');
INSERT INTO `country_name` VALUES (921,192,'NU','fr','Nioué','Nioué','http://termportal.fao.org/faonocs/appl/');
INSERT INTO `country_name` VALUES (922,192,'NU','it','Niue','Niue','http://termportal.fao.org/faonocs/appl/');
INSERT INTO `country_name` VALUES (923,192,'NU','zh','纽 埃','纽埃共和国','http://termportal.fao.org/faonocs/appl/');
INSERT INTO `country_name` VALUES (924,192,'NU','ru','Ниуэ','Ниуэ','http://termportal.fao.org/faonocs/appl/');
INSERT INTO `country_name` VALUES (925,116,'NL','ar','هولندا','هولندا مملكة ','http://termportal.fao.org/faonocs/appl/');
INSERT INTO `country_name` VALUES (926,116,'NL','en','Netherlands','the Kingdom of the Netherlands','http://termportal.fao.org/faonocs/appl/');
INSERT INTO `country_name` VALUES (927,116,'NL','es','Países Bajos','el Reino de los Países Bajos','http://termportal.fao.org/faonocs/appl/');
INSERT INTO `country_name` VALUES (928,116,'NL','fr','Pays-Bas','le Royaume des Pays-Bas','http://termportal.fao.org/faonocs/appl/');
INSERT INTO `country_name` VALUES (929,116,'NL','it','Paesi Bassi','Regno dei Paesi Bassi','http://termportal.fao.org/faonocs/appl/');
INSERT INTO `country_name` VALUES (930,116,'NL','zh','荷 兰','荷兰王国','http://termportal.fao.org/faonocs/appl/');
INSERT INTO `country_name` VALUES (931,116,'NL','ru','Нидерланды','Королевство Нидерландов','http://termportal.fao.org/faonocs/appl/');
INSERT INTO `country_name` VALUES (932,121,'NO','ar','النرويج','النرويج مملكة ','http://termportal.fao.org/faonocs/appl/');
INSERT INTO `country_name` VALUES (933,121,'NO','en','Norway','the Kingdom of Norway','http://termportal.fao.org/faonocs/appl/');
INSERT INTO `country_name` VALUES (934,121,'NO','es','Noruega','el Reino de Noruega','http://termportal.fao.org/faonocs/appl/');
INSERT INTO `country_name` VALUES (935,121,'NO','fr','Norvège','le Royaume de Norvège','http://termportal.fao.org/faonocs/appl/');
INSERT INTO `country_name` VALUES (936,121,'NO','it','Norvegia','Regno di Norvegia','http://termportal.fao.org/faonocs/appl/');
INSERT INTO `country_name` VALUES (937,121,'NO','zh','挪 威','挪威王国','http://termportal.fao.org/faonocs/appl/');
INSERT INTO `country_name` VALUES (938,121,'NO','ru','Норвегия','Королевство Норвегия','http://termportal.fao.org/faonocs/appl/');
INSERT INTO `country_name` VALUES (939,115,'NP','ar','نيبال','الاتحادية الديمقراطية نيبال جمهورية ','http://termportal.fao.org/faonocs/appl/');
INSERT INTO `country_name` VALUES (940,115,'NP','en','Nepal','the Federal Democratic Republic of Nepal','http://termportal.fao.org/faonocs/appl/');
INSERT INTO `country_name` VALUES (941,115,'NP','es','Nepal','la República Democrática Federal de Nepal','http://termportal.fao.org/faonocs/appl/');
INSERT INTO `country_name` VALUES (942,115,'NP','fr','Népal','la République fédérale démocratique du Nepal','http://termportal.fao.org/faonocs/appl/');
INSERT INTO `country_name` VALUES (943,115,'NP','it','Nepal','Repubblica Democratica Federale di Nepal','http://termportal.fao.org/faonocs/appl/');
INSERT INTO `country_name` VALUES (944,115,'NP','zh','尼泊尔','尼泊尔联邦民主共和国','http://termportal.fao.org/faonocs/appl/');
INSERT INTO `country_name` VALUES (945,115,'NP','ru','Непал','Федеративная Демократическая Республика Непал','http://termportal.fao.org/faonocs/appl/');
INSERT INTO `country_name` VALUES (946,114,'NR','ar','ناورو','ناورو جمهورية ','http://termportal.fao.org/faonocs/appl/');
INSERT INTO `country_name` VALUES (947,114,'NR','en','Nauru','the Republic of Nauru','http://termportal.fao.org/faonocs/appl/');
INSERT INTO `country_name` VALUES (948,114,'NR','es','Nauru','la República de Nauru','http://termportal.fao.org/faonocs/appl/');
INSERT INTO `country_name` VALUES (949,114,'NR','fr','Nauru','la République de Nauru','http://termportal.fao.org/faonocs/appl/');
INSERT INTO `country_name` VALUES (950,114,'NR','it','Nauru','Repubblica di Nauru','http://termportal.fao.org/faonocs/appl/');
INSERT INTO `country_name` VALUES (951,114,'NR','zh','瑙 鲁','瑙鲁共和国','http://termportal.fao.org/faonocs/appl/');
INSERT INTO `country_name` VALUES (952,114,'NR','ru','Науру','Республика Науру','http://termportal.fao.org/faonocs/appl/');
INSERT INTO `country_name` VALUES (953,117,'NZ','ar','نيوزيلندا','نيوزيلندا','http://termportal.fao.org/faonocs/appl/');
INSERT INTO `country_name` VALUES (954,117,'NZ','en','New Zealand','New Zealand','http://termportal.fao.org/faonocs/appl/');
INSERT INTO `country_name` VALUES (955,117,'NZ','es','Nueva Zelandia','Nueva Zelandia','http://termportal.fao.org/faonocs/appl/');
INSERT INTO `country_name` VALUES (956,117,'NZ','fr','Nouvelle-Zélande','la Nouvelle-Zélande','http://termportal.fao.org/faonocs/appl/');
INSERT INTO `country_name` VALUES (957,117,'NZ','it','Nuova Zelanda','Nuova Zelanda','http://termportal.fao.org/faonocs/appl/');
INSERT INTO `country_name` VALUES (958,117,'NZ','zh','新西兰','新西兰','http://termportal.fao.org/faonocs/appl/');
INSERT INTO `country_name` VALUES (959,117,'NZ','ru','Новая Зеландия','Новая Зеландия','http://termportal.fao.org/faonocs/appl/');
INSERT INTO `country_name` VALUES (960,122,'OM','ar','عمان','سلطنة عمان ','http://termportal.fao.org/faonocs/appl/');
INSERT INTO `country_name` VALUES (961,122,'OM','en','Oman','the Sultanate of Oman','http://termportal.fao.org/faonocs/appl/');
INSERT INTO `country_name` VALUES (962,122,'OM','es','Omán','la Sultanía de Omán','http://termportal.fao.org/faonocs/appl/');
INSERT INTO `country_name` VALUES (963,122,'OM','fr','Oman','le Sultanat d\'Oman','http://termportal.fao.org/faonocs/appl/');
INSERT INTO `country_name` VALUES (964,122,'OM','it','Oman','Sultanato dell\'Oman','http://termportal.fao.org/faonocs/appl/');
INSERT INTO `country_name` VALUES (965,122,'OM','zh','阿 曼','阿曼苏丹国','http://termportal.fao.org/faonocs/appl/');
INSERT INTO `country_name` VALUES (966,122,'OM','ru','Оман','Султанат Оман','http://termportal.fao.org/faonocs/appl/');
INSERT INTO `country_name` VALUES (967,123,'PK','ar','باكستان','الإسلامية باكستان جمهورية ','http://termportal.fao.org/faonocs/appl/');
INSERT INTO `country_name` VALUES (968,123,'PK','en','Pakistan','the Islamic Republic of Pakistan','http://termportal.fao.org/faonocs/appl/');
INSERT INTO `country_name` VALUES (969,123,'PK','es','Pakistán','la República Islámica del Pakistán','http://termportal.fao.org/faonocs/appl/');
INSERT INTO `country_name` VALUES (970,123,'PK','fr','Pakistan','la République islamique du Pakistan','http://termportal.fao.org/faonocs/appl/');
INSERT INTO `country_name` VALUES (971,123,'PK','it','Pakistan','Repubblica islamica del Pakistan','http://termportal.fao.org/faonocs/appl/');
INSERT INTO `country_name` VALUES (972,123,'PK','zh','巴基斯坦','巴基斯坦伊斯兰共和国','http://termportal.fao.org/faonocs/appl/');
INSERT INTO `country_name` VALUES (973,123,'PK','ru','Пакистан','Исламская Республика Пакистан','http://termportal.fao.org/faonocs/appl/');
INSERT INTO `country_name` VALUES (974,125,'PA','ar','بنما','بنما جمهورية ','http://termportal.fao.org/faonocs/appl/');
INSERT INTO `country_name` VALUES (975,125,'PA','en','Panama','the Republic of Panama','http://termportal.fao.org/faonocs/appl/');
INSERT INTO `country_name` VALUES (976,125,'PA','es','Panamá','la República de Panamá','http://termportal.fao.org/faonocs/appl/');
INSERT INTO `country_name` VALUES (977,125,'PA','fr','Panama','la République du Panama','http://termportal.fao.org/faonocs/appl/');
INSERT INTO `country_name` VALUES (978,125,'PA','it','Panama','Repubblica di Panama','http://termportal.fao.org/faonocs/appl/');
INSERT INTO `country_name` VALUES (979,125,'PA','zh','巴拿马','巴拿马共和国','http://termportal.fao.org/faonocs/appl/');
INSERT INTO `country_name` VALUES (980,125,'PA','ru','Панама','Республика Панама','http://termportal.fao.org/faonocs/appl/');
INSERT INTO `country_name` VALUES (981,128,'PE','ar','بيرو','بيرو جمهورية ','http://termportal.fao.org/faonocs/appl/');
INSERT INTO `country_name` VALUES (982,128,'PE','en','Peru','the Republic of Peru','http://termportal.fao.org/faonocs/appl/');
INSERT INTO `country_name` VALUES (983,128,'PE','es','Perú','la República del Perú','http://termportal.fao.org/faonocs/appl/');
INSERT INTO `country_name` VALUES (984,128,'PE','fr','Pérou','la République du Pérou','http://termportal.fao.org/faonocs/appl/');
INSERT INTO `country_name` VALUES (985,128,'PE','it','Perù','Repubblica del Perù','http://termportal.fao.org/faonocs/appl/');
INSERT INTO `country_name` VALUES (986,128,'PE','zh','秘 鲁','秘鲁共和国','http://termportal.fao.org/faonocs/appl/');
INSERT INTO `country_name` VALUES (987,128,'PE','ru','Перу','Республика Перу','http://termportal.fao.org/faonocs/appl/');
INSERT INTO `country_name` VALUES (988,129,'PH','ar','الفلبين','الفلبين جمهورية ','http://termportal.fao.org/faonocs/appl/');
INSERT INTO `country_name` VALUES (989,129,'PH','en','Philippines','the Republic of the Philippines','http://termportal.fao.org/faonocs/appl/');
INSERT INTO `country_name` VALUES (990,129,'PH','es','Filipinas','la República de Filipinas','http://termportal.fao.org/faonocs/appl/');
INSERT INTO `country_name` VALUES (991,129,'PH','fr','Philippines','la République des Philippines','http://termportal.fao.org/faonocs/appl/');
INSERT INTO `country_name` VALUES (992,129,'PH','it','Filippine','Repubblica delle Filippine','http://termportal.fao.org/faonocs/appl/');
INSERT INTO `country_name` VALUES (993,129,'PH','zh','菲律宾','菲律宾共和国','http://termportal.fao.org/faonocs/appl/');
INSERT INTO `country_name` VALUES (994,129,'PH','ru','Филиппины','Республика Филиппины','http://termportal.fao.org/faonocs/appl/');
INSERT INTO `country_name` VALUES (995,124,'PW','ar','بالاو','جمهورية بالاو ','http://termportal.fao.org/faonocs/appl/');
INSERT INTO `country_name` VALUES (996,124,'PW','en','Palau','the Republic of Palau','http://termportal.fao.org/faonocs/appl/');
INSERT INTO `country_name` VALUES (997,124,'PW','es','Palau','la República de Palau','http://termportal.fao.org/faonocs/appl/');
INSERT INTO `country_name` VALUES (998,124,'PW','fr','Palaos','la République des Palaos','http://termportal.fao.org/faonocs/appl/');
INSERT INTO `country_name` VALUES (999,124,'PW','it','Palau','Repubblica di Palau','http://termportal.fao.org/faonocs/appl/');
INSERT INTO `country_name` VALUES (1000,124,'PW','zh','帕劳','帕劳共和国','http://termportal.fao.org/faonocs/appl/');
INSERT INTO `country_name` VALUES (1001,124,'PW','ru','Палау','Республика Палау','http://termportal.fao.org/faonocs/appl/');
INSERT INTO `country_name` VALUES (1002,126,'PG','ar','الجديدة غينيا بابوا ','المستقلة الجديدة غينيا بابوا دولة ','http://termportal.fao.org/faonocs/appl/');
INSERT INTO `country_name` VALUES (1003,126,'PG','en','Papua New Guinea','Independent State of Papua New Guinea','http://termportal.fao.org/faonocs/appl/');
INSERT INTO `country_name` VALUES (1004,126,'PG','es','Papua Nueva Guinea','Estado Independiente de Papua Nueva Guinea','http://termportal.fao.org/faonocs/appl/');
INSERT INTO `country_name` VALUES (1005,126,'PG','fr','Papouasie-Nouvelle-Guinée','État indépendant de Papouasie-Nouvelle-Guinée','http://termportal.fao.org/faonocs/appl/');
INSERT INTO `country_name` VALUES (1006,126,'PG','it','Papua Nuova Guinea','Stato indipendente di Papua Nuova Guinea','http://termportal.fao.org/faonocs/appl/');
INSERT INTO `country_name` VALUES (1007,126,'PG','zh','巴布亚新几内亚','巴布亚新几内亚独立国','http://termportal.fao.org/faonocs/appl/');
INSERT INTO `country_name` VALUES (1008,126,'PG','ru','Папуа-Новая Гвинея','Независимое государство Папуа-Новая Гвинея','http://termportal.fao.org/faonocs/appl/');
INSERT INTO `country_name` VALUES (1009,130,'PL','ar','بولندا','جمهورية بولندا ','http://termportal.fao.org/faonocs/appl/');
INSERT INTO `country_name` VALUES (1010,130,'PL','en','Poland','the Republic of Poland','http://termportal.fao.org/faonocs/appl/');
INSERT INTO `country_name` VALUES (1011,130,'PL','es','Polonia','la República de Polonia','http://termportal.fao.org/faonocs/appl/');
INSERT INTO `country_name` VALUES (1012,130,'PL','fr','Pologne','la République de Pologne','http://termportal.fao.org/faonocs/appl/');
INSERT INTO `country_name` VALUES (1013,130,'PL','it','Polonia','Repubblica di Polonia','http://termportal.fao.org/faonocs/appl/');
INSERT INTO `country_name` VALUES (1014,130,'PL','zh','波 兰','波兰共和国','http://termportal.fao.org/faonocs/appl/');
INSERT INTO `country_name` VALUES (1015,130,'PL','ru','Польша','Республика Польша','http://termportal.fao.org/faonocs/appl/');
INSERT INTO `country_name` VALUES (1016,188,'KP','ar','الديمقراطية الشعبية كوريا جمهورية ','الديمقراطية الشعبية كوريا جمهورية ','http://termportal.fao.org/faonocs/appl/');
INSERT INTO `country_name` VALUES (1017,188,'KP','en','Democratic People\'s Republic of Korea','the Democratic People\'s Republic of Korea','http://termportal.fao.org/faonocs/appl/');
INSERT INTO `country_name` VALUES (1018,188,'KP','es','República Popular Democrática de Corea','la República Popular Democrática de Corea','http://termportal.fao.org/faonocs/appl/');
INSERT INTO `country_name` VALUES (1019,188,'KP','fr','République populaire démocratique de Corée','la République populaire démocratique de Corée','http://termportal.fao.org/faonocs/appl/');
INSERT INTO `country_name` VALUES (1020,188,'KP','it','Repubblica popolare democratica di Corea','Repubblica popolare democratica di Corea','http://termportal.fao.org/faonocs/appl/');
INSERT INTO `country_name` VALUES (1021,188,'KP','zh','朝鲜民主主义人民共和国','朝鲜民主主义人民共和国','http://termportal.fao.org/faonocs/appl/');
INSERT INTO `country_name` VALUES (1022,188,'KP','ru','Корейская Народно-Демократическая Республика','Корейская Народно-Демократическая Республика','http://termportal.fao.org/faonocs/appl/');
INSERT INTO `country_name` VALUES (1023,131,'PT','ar','البرتغال','البرتغال جمهورية ','http://termportal.fao.org/faonocs/appl/');
INSERT INTO `country_name` VALUES (1024,131,'PT','en','Portugal','the Portuguese Republic','http://termportal.fao.org/faonocs/appl/');
INSERT INTO `country_name` VALUES (1025,131,'PT','es','Portugal','la República Portuguesa','http://termportal.fao.org/faonocs/appl/');
INSERT INTO `country_name` VALUES (1026,131,'PT','fr','Portugal','la République portugaise','http://termportal.fao.org/faonocs/appl/');
INSERT INTO `country_name` VALUES (1027,131,'PT','it','Portogallo','Repubblica portoghese','http://termportal.fao.org/faonocs/appl/');
INSERT INTO `country_name` VALUES (1028,131,'PT','zh','葡萄牙','葡萄牙共和国','http://termportal.fao.org/faonocs/appl/');
INSERT INTO `country_name` VALUES (1029,131,'PT','ru','Португалия','Португальская Республика','http://termportal.fao.org/faonocs/appl/');
INSERT INTO `country_name` VALUES (1030,127,'PY','ar','باراغواي','باراغواي جمهورية ','http://termportal.fao.org/faonocs/appl/');
INSERT INTO `country_name` VALUES (1031,127,'PY','en','Paraguay','the Republic of Paraguay','http://termportal.fao.org/faonocs/appl/');
INSERT INTO `country_name` VALUES (1032,127,'PY','es','Paraguay','la República del Paraguay','http://termportal.fao.org/faonocs/appl/');
INSERT INTO `country_name` VALUES (1033,127,'PY','fr','Paraguay','la République du Paraguay','http://termportal.fao.org/faonocs/appl/');
INSERT INTO `country_name` VALUES (1034,127,'PY','it','Paraguay','Repubblica del Paraguay','http://termportal.fao.org/faonocs/appl/');
INSERT INTO `country_name` VALUES (1035,127,'PY','zh','巴拉圭','巴拉圭共和国','http://termportal.fao.org/faonocs/appl/');
INSERT INTO `country_name` VALUES (1036,127,'PY','ru','Парагвай','Республика Парагвай','http://termportal.fao.org/faonocs/appl/');
INSERT INTO `country_name` VALUES (1037,132,'QA','ar','قطر','قطر دولة ','http://termportal.fao.org/faonocs/appl/');
INSERT INTO `country_name` VALUES (1038,132,'QA','en','Qatar','the State of Qatar','http://termportal.fao.org/faonocs/appl/');
INSERT INTO `country_name` VALUES (1039,132,'QA','es','Qatar','el Estado de Qatar','http://termportal.fao.org/faonocs/appl/');
INSERT INTO `country_name` VALUES (1040,132,'QA','fr','Qatar','l\'État du Qatar','http://termportal.fao.org/faonocs/appl/');
INSERT INTO `country_name` VALUES (1041,132,'QA','it','Qatar','Stato del Qatar','http://termportal.fao.org/faonocs/appl/');
INSERT INTO `country_name` VALUES (1042,132,'QA','zh','卡塔尔','卡塔尔国','http://termportal.fao.org/faonocs/appl/');
INSERT INTO `country_name` VALUES (1043,132,'QA','ru','Катар','Государство Катар','http://termportal.fao.org/faonocs/appl/');
INSERT INTO `country_name` VALUES (1044,133,'RO','ar','رومانيا','رومانيا','http://termportal.fao.org/faonocs/appl/');
INSERT INTO `country_name` VALUES (1045,133,'RO','en','Romania','Romania','http://termportal.fao.org/faonocs/appl/');
INSERT INTO `country_name` VALUES (1046,133,'RO','es','Rumania','Rumania','http://termportal.fao.org/faonocs/appl/');
INSERT INTO `country_name` VALUES (1047,133,'RO','fr','Roumanie','la Roumanie','http://termportal.fao.org/faonocs/appl/');
INSERT INTO `country_name` VALUES (1048,133,'RO','it','Romania','Romania','http://termportal.fao.org/faonocs/appl/');
INSERT INTO `country_name` VALUES (1049,133,'RO','zh','罗马尼亚','罗马尼亚','http://termportal.fao.org/faonocs/appl/');
INSERT INTO `country_name` VALUES (1050,133,'RO','ru','Румыния','Румыния','http://termportal.fao.org/faonocs/appl/');
INSERT INTO `country_name` VALUES (1051,134,'RU','ar','الاتحاد الروسي ','الاتحاد الروسي ','http://termportal.fao.org/faonocs/appl/');
INSERT INTO `country_name` VALUES (1052,134,'RU','en','Russian Federation','the Russian Federation','http://termportal.fao.org/faonocs/appl/');
INSERT INTO `country_name` VALUES (1053,134,'RU','es','Federación de Rusia','la Federación de Rusia','http://termportal.fao.org/faonocs/appl/');
INSERT INTO `country_name` VALUES (1054,134,'RU','fr','Fédération de Russie','la Fédération de Russie','http://termportal.fao.org/faonocs/appl/');
INSERT INTO `country_name` VALUES (1055,134,'RU','it','Russia','Federazione russa','http://termportal.fao.org/faonocs/appl/');
INSERT INTO `country_name` VALUES (1056,134,'RU','zh','俄罗斯联邦','俄罗斯联邦','http://termportal.fao.org/faonocs/appl/');
INSERT INTO `country_name` VALUES (1057,134,'RU','ru','Российская Федерация','Российская Федерация','http://termportal.fao.org/faonocs/appl/');
INSERT INTO `country_name` VALUES (1058,135,'RW','ar','رواندا','رواندا  جمهورية ','http://termportal.fao.org/faonocs/appl/');
INSERT INTO `country_name` VALUES (1059,135,'RW','en','Rwanda','the Republic of Rwanda','http://termportal.fao.org/faonocs/appl/');
INSERT INTO `country_name` VALUES (1060,135,'RW','es','Rwanda','la República de Rwanda','http://termportal.fao.org/faonocs/appl/');
INSERT INTO `country_name` VALUES (1061,135,'RW','fr','Rwanda','la République du Rwanda','http://termportal.fao.org/faonocs/appl/');
INSERT INTO `country_name` VALUES (1062,135,'RW','it','Ruanda','Repubblica del Ruanda','http://termportal.fao.org/faonocs/appl/');
INSERT INTO `country_name` VALUES (1063,135,'RW','zh','卢旺达','卢旺达共和国','http://termportal.fao.org/faonocs/appl/');
INSERT INTO `country_name` VALUES (1064,135,'RW','ru','Руанда','Республика Руанда','http://termportal.fao.org/faonocs/appl/');
INSERT INTO `country_name` VALUES (1065,142,'SA','ar','السعودية العربية المملكة ','السعودية العربية المملكة ','http://termportal.fao.org/faonocs/appl/');
INSERT INTO `country_name` VALUES (1066,142,'SA','en','Saudi Arabia','the Kingdom of Saudi Arabia','http://termportal.fao.org/faonocs/appl/');
INSERT INTO `country_name` VALUES (1067,142,'SA','es','Arabia Saudita','el Reino de la Arabia Saudita','http://termportal.fao.org/faonocs/appl/');
INSERT INTO `country_name` VALUES (1068,142,'SA','fr','Arabie saoudite','le Royaume d\'Arabie saoudite','http://termportal.fao.org/faonocs/appl/');
INSERT INTO `country_name` VALUES (1069,142,'SA','it','Arabia Saudita','Regno dell\'Arabia Saudita','http://termportal.fao.org/faonocs/appl/');
INSERT INTO `country_name` VALUES (1070,142,'SA','zh','沙特阿拉伯','沙特阿拉伯王国','http://termportal.fao.org/faonocs/appl/');
INSERT INTO `country_name` VALUES (1071,142,'SA','ru','Саудовская Аравия','Королевство Саудовская Аравия','http://termportal.fao.org/faonocs/appl/');
INSERT INTO `country_name` VALUES (1072,155,'SD','ar','السودان','السودان جمهورية ','http://termportal.fao.org/faonocs/appl/');
INSERT INTO `country_name` VALUES (1073,155,'SD','en','Sudan','the Republic of the Sudan','http://termportal.fao.org/faonocs/appl/');
INSERT INTO `country_name` VALUES (1074,155,'SD','es','Sudán','la República del Sudán','http://termportal.fao.org/faonocs/appl/');
INSERT INTO `country_name` VALUES (1075,155,'SD','fr','Soudan','la République du Soudan','http://termportal.fao.org/faonocs/appl/');
INSERT INTO `country_name` VALUES (1076,155,'SD','it','Sudan','Repubblica del Sudan','http://termportal.fao.org/faonocs/appl/');
INSERT INTO `country_name` VALUES (1077,155,'SD','zh','苏 丹','苏丹共和国','http://termportal.fao.org/faonocs/appl/');
INSERT INTO `country_name` VALUES (1078,155,'SD','ru','Судан','Республика Судан','http://termportal.fao.org/faonocs/appl/');
INSERT INTO `country_name` VALUES (1079,143,'SN','ar','السنغال','السنغال جمهورية ','http://termportal.fao.org/faonocs/appl/');
INSERT INTO `country_name` VALUES (1080,143,'SN','en','Senegal','the Republic of Senegal','http://termportal.fao.org/faonocs/appl/');
INSERT INTO `country_name` VALUES (1081,143,'SN','es','Senegal','la República del Senegal','http://termportal.fao.org/faonocs/appl/');
INSERT INTO `country_name` VALUES (1082,143,'SN','fr','Sénégal','la République du Sénégal','http://termportal.fao.org/faonocs/appl/');
INSERT INTO `country_name` VALUES (1083,143,'SN','it','Senegal','Repubblica del Senegal','http://termportal.fao.org/faonocs/appl/');
INSERT INTO `country_name` VALUES (1084,143,'SN','zh','塞内加尔','塞内加尔共和国','http://termportal.fao.org/faonocs/appl/');
INSERT INTO `country_name` VALUES (1085,143,'SN','ru','Сенегал','Республика Сенегал','http://termportal.fao.org/faonocs/appl/');
INSERT INTO `country_name` VALUES (1086,147,'SG','ar','سنغافورة','جمهورية سنغافورة ','http://termportal.fao.org/faonocs/appl/');
INSERT INTO `country_name` VALUES (1087,147,'SG','en','Singapore','the Republic of Singapore','http://termportal.fao.org/faonocs/appl/');
INSERT INTO `country_name` VALUES (1088,147,'SG','es','Singapur','la República de Singapur','http://termportal.fao.org/faonocs/appl/');
INSERT INTO `country_name` VALUES (1089,147,'SG','fr','Singapour','la République de Singapour','http://termportal.fao.org/faonocs/appl/');
INSERT INTO `country_name` VALUES (1090,147,'SG','it','Singapore','Repubblica di Singapore','http://termportal.fao.org/faonocs/appl/');
INSERT INTO `country_name` VALUES (1091,147,'SG','zh','新加坡','新加坡共和国','http://termportal.fao.org/faonocs/appl/');
INSERT INTO `country_name` VALUES (1092,147,'SG','ru','Сингапур','Республика Сингапур','http://termportal.fao.org/faonocs/appl/');
INSERT INTO `country_name` VALUES (1093,150,'SB','ar','جزر سليمان ','جزر سليمان ','http://termportal.fao.org/faonocs/appl/');
INSERT INTO `country_name` VALUES (1094,150,'SB','en','Solomon Islands','Solomon Islands','http://termportal.fao.org/faonocs/appl/');
INSERT INTO `country_name` VALUES (1095,150,'SB','es','Islas Salomón','las Islas Salomón','http://termportal.fao.org/faonocs/appl/');
INSERT INTO `country_name` VALUES (1096,150,'SB','fr','Îles Salomon','les Îles Salomon','http://termportal.fao.org/faonocs/appl/');
INSERT INTO `country_name` VALUES (1097,150,'SB','it','Isole Salomone','Isole Salomone','http://termportal.fao.org/faonocs/appl/');
INSERT INTO `country_name` VALUES (1098,150,'SB','zh','所罗门群岛','所罗门群岛','http://termportal.fao.org/faonocs/appl/');
INSERT INTO `country_name` VALUES (1099,150,'SB','ru','Соломоновы Острова','Соломоновы Острова','http://termportal.fao.org/faonocs/appl/');
INSERT INTO `country_name` VALUES (1100,146,'SL','ar','سيراليون','جمهورية سيراليون ','http://termportal.fao.org/faonocs/appl/');
INSERT INTO `country_name` VALUES (1101,146,'SL','en','Sierra Leone','the Republic of Sierra Leone','http://termportal.fao.org/faonocs/appl/');
INSERT INTO `country_name` VALUES (1102,146,'SL','es','Sierra Leona','la República de Sierra Leona','http://termportal.fao.org/faonocs/appl/');
INSERT INTO `country_name` VALUES (1103,146,'SL','fr','Sierra Leone','la République de Sierra Leone','http://termportal.fao.org/faonocs/appl/');
INSERT INTO `country_name` VALUES (1104,146,'SL','it','Sierra Leone','Repubblica di Sierra Leone','http://termportal.fao.org/faonocs/appl/');
INSERT INTO `country_name` VALUES (1105,146,'SL','zh','塞拉利昂','塞拉利昂共和国','http://termportal.fao.org/faonocs/appl/');
INSERT INTO `country_name` VALUES (1106,146,'SL','ru','Сьерра-Леоне','Республика Сьерра-Леоне','http://termportal.fao.org/faonocs/appl/');
INSERT INTO `country_name` VALUES (1107,51,'SV','ar','السلفادور','السلفادور جمهورية ','http://termportal.fao.org/faonocs/appl/');
INSERT INTO `country_name` VALUES (1108,51,'SV','en','El Salvador','the Republic of El Salvador','http://termportal.fao.org/faonocs/appl/');
INSERT INTO `country_name` VALUES (1109,51,'SV','es','El Salvador','la República de El Salvador','http://termportal.fao.org/faonocs/appl/');
INSERT INTO `country_name` VALUES (1110,51,'SV','fr','El Salvador','la République d\'El Salvador','http://termportal.fao.org/faonocs/appl/');
INSERT INTO `country_name` VALUES (1111,51,'SV','it','El Salvador','Repubblica di El Salvador','http://termportal.fao.org/faonocs/appl/');
INSERT INTO `country_name` VALUES (1112,51,'SV','zh','萨尔瓦多','萨尔瓦多共和国','http://termportal.fao.org/faonocs/appl/');
INSERT INTO `country_name` VALUES (1113,51,'SV','ru','Сальвадор','Республика Эль-Сальвадор','http://termportal.fao.org/faonocs/appl/');
INSERT INTO `country_name` VALUES (1114,140,'SM','ar','مارينو سان ','مارينو سان جمهورية ','http://termportal.fao.org/faonocs/appl/');
INSERT INTO `country_name` VALUES (1115,140,'SM','en','San Marino','the Republic of San Marino','http://termportal.fao.org/faonocs/appl/');
INSERT INTO `country_name` VALUES (1116,140,'SM','es','San Marino','la República de San Marino','http://termportal.fao.org/faonocs/appl/');
INSERT INTO `country_name` VALUES (1117,140,'SM','fr','Saint-Marin','la République de Saint-Marin','http://termportal.fao.org/faonocs/appl/');
INSERT INTO `country_name` VALUES (1118,140,'SM','it','San Marino','Repubblica di San Marino','http://termportal.fao.org/faonocs/appl/');
INSERT INTO `country_name` VALUES (1119,140,'SM','zh','圣马力诺','圣马力诺共和国','http://termportal.fao.org/faonocs/appl/');
INSERT INTO `country_name` VALUES (1120,140,'SM','ru','Сан-Марино','Республика Сан-Марино','http://termportal.fao.org/faonocs/appl/');
INSERT INTO `country_name` VALUES (1121,151,'SO','ar','الصومال','جمهورية الصومال الإتحادية ','http://termportal.fao.org/faonocs/appl/');
INSERT INTO `country_name` VALUES (1122,151,'SO','en','Somalia','the Federal Republic of Somalia','http://termportal.fao.org/faonocs/appl/');
INSERT INTO `country_name` VALUES (1123,151,'SO','es','Somalia','la República Federal de Somalia','http://termportal.fao.org/faonocs/appl/');
INSERT INTO `country_name` VALUES (1124,151,'SO','fr','Somalie','la République fédérale de Somalie','http://termportal.fao.org/faonocs/appl/');
INSERT INTO `country_name` VALUES (1125,151,'SO','it','Somalia','Repubblica Federale di Somalia','http://termportal.fao.org/faonocs/appl/');
INSERT INTO `country_name` VALUES (1126,151,'SO','zh','索马里','索马里联邦共和国','http://termportal.fao.org/faonocs/appl/');
INSERT INTO `country_name` VALUES (1127,151,'SO','ru','Сомали','Федеративная Республика Сомали','http://termportal.fao.org/faonocs/appl/');
INSERT INTO `country_name` VALUES (1128,144,'RS','ar','صربيا','جمهورية صربيا ','http://termportal.fao.org/faonocs/appl/');
INSERT INTO `country_name` VALUES (1129,144,'RS','en','Serbia','the Republic of Serbia','http://termportal.fao.org/faonocs/appl/');
INSERT INTO `country_name` VALUES (1130,144,'RS','es','Serbia','la República de Serbia','http://termportal.fao.org/faonocs/appl/');
INSERT INTO `country_name` VALUES (1131,144,'RS','fr','Serbie','la République de Serbie','http://termportal.fao.org/faonocs/appl/');
INSERT INTO `country_name` VALUES (1132,144,'RS','it','Serbia','la Repubblica di Serbia','http://termportal.fao.org/faonocs/appl/');
INSERT INTO `country_name` VALUES (1133,144,'RS','zh','塞尔维亚','塞尔维亚共和国','http://termportal.fao.org/faonocs/appl/');
INSERT INTO `country_name` VALUES (1134,144,'RS','ru','Сербия','Республика Сербия','http://termportal.fao.org/faonocs/appl/');
INSERT INTO `country_name` VALUES (1135,250,'SS','ar','السودان جنوب ','السودان جنوب جمهورية ','http://termportal.fao.org/faonocs/appl/');
INSERT INTO `country_name` VALUES (1136,250,'SS','en','South Sudan','the Republic of South Sudan','http://termportal.fao.org/faonocs/appl/');
INSERT INTO `country_name` VALUES (1137,250,'SS','es','Sudán del Sur','la República de Sudán del Sur','http://termportal.fao.org/faonocs/appl/');
INSERT INTO `country_name` VALUES (1138,250,'SS','fr','Soudan du Sud','République du Soudan du Sud','http://termportal.fao.org/faonocs/appl/');
INSERT INTO `country_name` VALUES (1139,250,'SS','it','Sud Sudan','Repubblica del Sud Sudan','http://termportal.fao.org/faonocs/appl/');
INSERT INTO `country_name` VALUES (1140,250,'SS','zh','南苏丹','南苏丹共和国','http://termportal.fao.org/faonocs/appl/');
INSERT INTO `country_name` VALUES (1141,250,'SS','ru','Южный Судан','Республика Южный Судан','http://termportal.fao.org/faonocs/appl/');
INSERT INTO `country_name` VALUES (1142,141,'ST','ar','وبرنسيبي تومي سان ','الديمقراطية وبرنسيبي تومي سان جمهورية ','http://termportal.fao.org/faonocs/appl/');
INSERT INTO `country_name` VALUES (1143,141,'ST','en','Sao Tome and Principe','the Democratic Republic of Sao Tome and Principe','http://termportal.fao.org/faonocs/appl/');
INSERT INTO `country_name` VALUES (1144,141,'ST','es','Santo Tomé y Príncipe','la República Democrática de Santo Tomé y Príncipe','http://termportal.fao.org/faonocs/appl/');
INSERT INTO `country_name` VALUES (1145,141,'ST','fr','Sao Tomé-et-Principe','la République démocratique de Sao Tomé-et-Principe','http://termportal.fao.org/faonocs/appl/');
INSERT INTO `country_name` VALUES (1146,141,'ST','it','São Tomé e Príncipe','Repubblica democratica di São Tomé e Príncipe','http://termportal.fao.org/faonocs/appl/');
INSERT INTO `country_name` VALUES (1147,141,'ST','zh','圣多美和普林西比','圣多美和普林西比民主共和国','http://termportal.fao.org/faonocs/appl/');
INSERT INTO `country_name` VALUES (1148,141,'ST','ru','Сан-Томе и Принсипи','Демократическая Республика Сан-Томе и Принсипи','http://termportal.fao.org/faonocs/appl/');
INSERT INTO `country_name` VALUES (1149,156,'SR','ar','سورينام','جمهورية سورينام ','http://termportal.fao.org/faonocs/appl/');
INSERT INTO `country_name` VALUES (1150,156,'SR','en','Suriname','the Republic of Suriname','http://termportal.fao.org/faonocs/appl/');
INSERT INTO `country_name` VALUES (1151,156,'SR','es','Suriname','la República de Suriname','http://termportal.fao.org/faonocs/appl/');
INSERT INTO `country_name` VALUES (1152,156,'SR','fr','Suriname','la République du Suriname','http://termportal.fao.org/faonocs/appl/');
INSERT INTO `country_name` VALUES (1153,156,'SR','it','Suriname','Repubblica di Suriname','http://termportal.fao.org/faonocs/appl/');
INSERT INTO `country_name` VALUES (1154,156,'SR','zh','苏里南','苏里南共和国','http://termportal.fao.org/faonocs/appl/');
INSERT INTO `country_name` VALUES (1155,156,'SR','ru','Суринам','Республика Суринам','http://termportal.fao.org/faonocs/appl/');
INSERT INTO `country_name` VALUES (1156,148,'SK','ar','سلوفاكيا','السلوفاكية الجمهورية ','http://termportal.fao.org/faonocs/appl/');
INSERT INTO `country_name` VALUES (1157,148,'SK','en','Slovakia','the Slovak Republic','http://termportal.fao.org/faonocs/appl/');
INSERT INTO `country_name` VALUES (1158,148,'SK','es','Eslovaquia','la República Eslovaca','http://termportal.fao.org/faonocs/appl/');
INSERT INTO `country_name` VALUES (1159,148,'SK','fr','Slovaquie','la République slovaque','http://termportal.fao.org/faonocs/appl/');
INSERT INTO `country_name` VALUES (1160,148,'SK','it','Slovacchia','Repubblica slovacca','http://termportal.fao.org/faonocs/appl/');
INSERT INTO `country_name` VALUES (1161,148,'SK','zh','斯洛伐克','斯洛伐克共和国','http://termportal.fao.org/faonocs/appl/');
INSERT INTO `country_name` VALUES (1162,148,'SK','ru','Словакия','Словацкая Республика','http://termportal.fao.org/faonocs/appl/');
INSERT INTO `country_name` VALUES (1163,149,'SI','ar','سلوفينيا','جمهورية سلوفينيا ','http://termportal.fao.org/faonocs/appl/');
INSERT INTO `country_name` VALUES (1164,149,'SI','en','Slovenia','the Republic of Slovenia','http://termportal.fao.org/faonocs/appl/');
INSERT INTO `country_name` VALUES (1165,149,'SI','es','Eslovenia','la República de Eslovenia','http://termportal.fao.org/faonocs/appl/');
INSERT INTO `country_name` VALUES (1166,149,'SI','fr','Slovénie','la République de Slovénie','http://termportal.fao.org/faonocs/appl/');
INSERT INTO `country_name` VALUES (1167,149,'SI','it','Slovenia','Repubblica di Slovenia','http://termportal.fao.org/faonocs/appl/');
INSERT INTO `country_name` VALUES (1168,149,'SI','zh','斯洛文尼亚','斯洛文尼亚共和国','http://termportal.fao.org/faonocs/appl/');
INSERT INTO `country_name` VALUES (1169,149,'SI','ru','Словения','Республика Словения','http://termportal.fao.org/faonocs/appl/');
INSERT INTO `country_name` VALUES (1170,158,'SE','ar','السويد','مملكة السويد ','http://termportal.fao.org/faonocs/appl/');
INSERT INTO `country_name` VALUES (1171,158,'SE','en','Sweden','the Kingdom of Sweden','http://termportal.fao.org/faonocs/appl/');
INSERT INTO `country_name` VALUES (1172,158,'SE','es','Suecia','el Reino de Suecia','http://termportal.fao.org/faonocs/appl/');
INSERT INTO `country_name` VALUES (1173,158,'SE','fr','Suède','le Royaume de Suède','http://termportal.fao.org/faonocs/appl/');
INSERT INTO `country_name` VALUES (1174,158,'SE','it','Svezia','Regno di Svezia','http://termportal.fao.org/faonocs/appl/');
INSERT INTO `country_name` VALUES (1175,158,'SE','zh','瑞 典','瑞典王国','http://termportal.fao.org/faonocs/appl/');
INSERT INTO `country_name` VALUES (1176,158,'SE','ru','Швеция','Королевство Швеция','http://termportal.fao.org/faonocs/appl/');
INSERT INTO `country_name` VALUES (1177,157,'SZ','ar','إسواتيني','مملكة إسواتيني','https://unterm.un.org/unterm/display/record/unhq/na/01b637e1-1497-4825-b73d-e0114a7f4d22');
INSERT INTO `country_name` VALUES (1178,157,'SZ','en','Eswatini','the Kingdom of Eswatini','https://unterm.un.org/unterm/display/record/unhq/na/01b637e1-1497-4825-b73d-e0114a7f4d22');
INSERT INTO `country_name` VALUES (1179,157,'SZ','es','Eswatini','el Reino de Eswatini','https://unterm.un.org/unterm/display/record/unhq/na/01b637e1-1497-4825-b73d-e0114a7f4d22');
INSERT INTO `country_name` VALUES (1180,157,'SZ','fr','Eswatini (l\')','le Royaume d’Eswatini','https://unterm.un.org/unterm/display/record/unhq/na/01b637e1-1497-4825-b73d-e0114a7f4d22');
INSERT INTO `country_name` VALUES (1181,157,'SZ','it','Eswatini','il Regno di Eswatini','https://nocs.fao.org/multilingualView?id=15492&language=en');
INSERT INTO `country_name` VALUES (1182,157,'SZ','zh','斯威士兰','斯威士兰王国','https://unterm.un.org/unterm/display/record/unhq/na/01b637e1-1497-4825-b73d-e0114a7f4d22');
INSERT INTO `country_name` VALUES (1183,157,'SZ','ru','Эсватини','Королевство Эсватини','https://unterm.un.org/unterm/display/record/unhq/na/01b637e1-1497-4825-b73d-e0114a7f4d22');
INSERT INTO `country_name` VALUES (1184,145,'SC','ar','سيشيل','جمهورية سيشيل ','http://termportal.fao.org/faonocs/appl/');
INSERT INTO `country_name` VALUES (1185,145,'SC','en','Seychelles','the Republic of Seychelles','http://termportal.fao.org/faonocs/appl/');
INSERT INTO `country_name` VALUES (1186,145,'SC','es','Seychelles','la República de Seychelles','http://termportal.fao.org/faonocs/appl/');
INSERT INTO `country_name` VALUES (1187,145,'SC','fr','Seychelles','la République des Seychelles','http://termportal.fao.org/faonocs/appl/');
INSERT INTO `country_name` VALUES (1188,145,'SC','it','Seychelles','Repubblica delle Seychelles  ','http://termportal.fao.org/faonocs/appl/');
INSERT INTO `country_name` VALUES (1189,145,'SC','zh','塞舌尔','塞舌尔共和国','http://termportal.fao.org/faonocs/appl/');
INSERT INTO `country_name` VALUES (1190,145,'SC','ru','Сейшельские Острова','Республика Сейшельские Острова','http://termportal.fao.org/faonocs/appl/');
INSERT INTO `country_name` VALUES (1191,160,'SY','ar','الجمهورية العربية السورية ','الجمهورية العربية السورية ','http://termportal.fao.org/faonocs/appl/');
INSERT INTO `country_name` VALUES (1192,160,'SY','en','Syrian Arab Republic','the Syrian Arab Republic','http://termportal.fao.org/faonocs/appl/');
INSERT INTO `country_name` VALUES (1193,160,'SY','es','República Árabe Siria','la República Árabe Siria','http://termportal.fao.org/faonocs/appl/');
INSERT INTO `country_name` VALUES (1194,160,'SY','fr','République arabe syrienne','la République arabe syrienne','http://termportal.fao.org/faonocs/appl/');
INSERT INTO `country_name` VALUES (1195,160,'SY','it','Siria','Repubblica araba siriana','http://termportal.fao.org/faonocs/appl/');
INSERT INTO `country_name` VALUES (1196,160,'SY','zh','阿拉伯叙利亚共和国','阿拉伯叙利亚共和国','http://termportal.fao.org/faonocs/appl/');
INSERT INTO `country_name` VALUES (1197,160,'SY','ru','Сирийская Арабская Республика','Сирийская Арабская Республика','http://termportal.fao.org/faonocs/appl/');
INSERT INTO `country_name` VALUES (1198,33,'TD','ar','تشاد','تشاد جمهورية ','http://termportal.fao.org/faonocs/appl/');
INSERT INTO `country_name` VALUES (1199,33,'TD','en','Chad','the Republic of Chad','http://termportal.fao.org/faonocs/appl/');
INSERT INTO `country_name` VALUES (1200,33,'TD','es','Chad','la República del Chad','http://termportal.fao.org/faonocs/appl/');
INSERT INTO `country_name` VALUES (1201,33,'TD','fr','Tchad','la République du Tchad','http://termportal.fao.org/faonocs/appl/');
INSERT INTO `country_name` VALUES (1202,33,'TD','it','Ciad','Repubblica del Ciad','http://termportal.fao.org/faonocs/appl/');
INSERT INTO `country_name` VALUES (1203,33,'TD','zh','乍 得','乍得共和国','http://termportal.fao.org/faonocs/appl/');
INSERT INTO `country_name` VALUES (1204,33,'TD','ru','Чад','Республика Чад','http://termportal.fao.org/faonocs/appl/');
INSERT INTO `country_name` VALUES (1205,164,'TG','ar','توغو','توغو جمهورية ','http://termportal.fao.org/faonocs/appl/');
INSERT INTO `country_name` VALUES (1206,164,'TG','en','Togo','the Togolese Republic','http://termportal.fao.org/faonocs/appl/');
INSERT INTO `country_name` VALUES (1207,164,'TG','es','Togo','la República Togolesa','http://termportal.fao.org/faonocs/appl/');
INSERT INTO `country_name` VALUES (1208,164,'TG','fr','Togo','la République togolaise','http://termportal.fao.org/faonocs/appl/');
INSERT INTO `country_name` VALUES (1209,164,'TG','it','Togo','Repubblica del Togo','http://termportal.fao.org/faonocs/appl/');
INSERT INTO `country_name` VALUES (1210,164,'TG','zh','多 哥','多哥共和国','http://termportal.fao.org/faonocs/appl/');
INSERT INTO `country_name` VALUES (1211,164,'TG','ru','Того','Тоголезская Республика','http://termportal.fao.org/faonocs/appl/');
INSERT INTO `country_name` VALUES (1212,162,'TH','ar','تايلند','تايلند مملكة ','http://termportal.fao.org/faonocs/appl/');
INSERT INTO `country_name` VALUES (1213,162,'TH','en','Thailand','the Kingdom of Thailand','http://termportal.fao.org/faonocs/appl/');
INSERT INTO `country_name` VALUES (1214,162,'TH','es','Tailandia','el Reino de Tailandia','http://termportal.fao.org/faonocs/appl/');
INSERT INTO `country_name` VALUES (1215,162,'TH','fr','Thaïlande','le Royaume de Thaïlande','http://termportal.fao.org/faonocs/appl/');
INSERT INTO `country_name` VALUES (1216,162,'TH','it','Thailandia','Regno di Thailandia','http://termportal.fao.org/faonocs/appl/');
INSERT INTO `country_name` VALUES (1217,162,'TH','zh','泰 国','泰王国','http://termportal.fao.org/faonocs/appl/');
INSERT INTO `country_name` VALUES (1218,162,'TH','ru','Таиланд','Королевство Таиланд','http://termportal.fao.org/faonocs/appl/');
INSERT INTO `country_name` VALUES (1219,161,'TJ','ar','طاجيكستان','جمهورية طاجيكستان ','http://termportal.fao.org/faonocs/appl/');
INSERT INTO `country_name` VALUES (1220,161,'TJ','en','Tajikistan','the Republic of Tajikistan','http://termportal.fao.org/faonocs/appl/');
INSERT INTO `country_name` VALUES (1221,161,'TJ','es','Tayikistán','la República de Tayikistán','http://termportal.fao.org/faonocs/appl/');
INSERT INTO `country_name` VALUES (1222,161,'TJ','fr','Tadjikistan','la République du Tadjikistan','http://termportal.fao.org/faonocs/appl/');
INSERT INTO `country_name` VALUES (1223,161,'TJ','it','Tagikistan','Repubblica del Tagikistan','http://termportal.fao.org/faonocs/appl/');
INSERT INTO `country_name` VALUES (1224,161,'TJ','zh','塔吉克斯坦','塔吉克斯坦共和国','http://termportal.fao.org/faonocs/appl/');
INSERT INTO `country_name` VALUES (1225,161,'TJ','ru','Таджикистан','Республика Таджикистан','http://termportal.fao.org/faonocs/appl/');
INSERT INTO `country_name` VALUES (1226,241,'TK','ar','منتسب عضو - توكيلاو ','توكيلاو','http://termportal.fao.org/faonocs/appl/');
INSERT INTO `country_name` VALUES (1227,241,'TK','en','Tokelau (Associate Member)','Tokelau','http://termportal.fao.org/faonocs/appl/');
INSERT INTO `country_name` VALUES (1228,241,'TK','es','Tokelau (Miembro Asociado)','Tokelau','http://termportal.fao.org/faonocs/appl/');
INSERT INTO `country_name` VALUES (1229,241,'TK','fr','Tokélaou (Membre associé)','les Tokélaou','http://termportal.fao.org/faonocs/appl/');
INSERT INTO `country_name` VALUES (1230,241,'TK','it','Tokelau (Membro associato)','Tokelau','http://termportal.fao.org/faonocs/appl/');
INSERT INTO `country_name` VALUES (1231,241,'TK','zh','托克劳（准成员）','托克劳','http://termportal.fao.org/faonocs/appl/');
INSERT INTO `country_name` VALUES (1232,241,'TK','ru','Токелау (ассоциированный член)','Токелау','http://termportal.fao.org/faonocs/appl/');
INSERT INTO `country_name` VALUES (1233,169,'TM','ar','تركمانستان','تركمانستان','http://termportal.fao.org/faonocs/appl/');
INSERT INTO `country_name` VALUES (1234,169,'TM','en','Turkmenistan','Turkmenistan','http://termportal.fao.org/faonocs/appl/');
INSERT INTO `country_name` VALUES (1235,169,'TM','es','Turkmenistán','Turkmenistán','http://termportal.fao.org/faonocs/appl/');
INSERT INTO `country_name` VALUES (1236,169,'TM','fr','Turkménistan','le Turkménistan','http://termportal.fao.org/faonocs/appl/');
INSERT INTO `country_name` VALUES (1237,169,'TM','it','Turkmenistan','Repubblica di Turkmenistan','http://termportal.fao.org/faonocs/appl/');
INSERT INTO `country_name` VALUES (1238,169,'TM','zh','土库曼斯坦','土库曼斯坦','http://termportal.fao.org/faonocs/appl/');
INSERT INTO `country_name` VALUES (1239,169,'TM','ru','Туркменистан','Туркменистан','http://termportal.fao.org/faonocs/appl/');
INSERT INTO `country_name` VALUES (1240,163,'TL','ar','ليشتى تيمور- ','الديمقراطية ليشتى تيمور- جمهورية ','http://termportal.fao.org/faonocs/appl/');
INSERT INTO `country_name` VALUES (1241,163,'TL','en','Timor-Leste','the Democratic Republic of Timor-Leste','http://termportal.fao.org/faonocs/appl/');
INSERT INTO `country_name` VALUES (1242,163,'TL','es','Timor-Leste','la República Democrática de Timor-Leste','http://termportal.fao.org/faonocs/appl/');
INSERT INTO `country_name` VALUES (1243,163,'TL','fr','Timor-Leste','la République démocratique du Timor-Leste','http://termportal.fao.org/faonocs/appl/');
INSERT INTO `country_name` VALUES (1244,163,'TL','it','Timor-Leste','Repubblica democratica di Timor-Leste','http://termportal.fao.org/faonocs/appl/');
INSERT INTO `country_name` VALUES (1245,163,'TL','zh','东帝汶','东帝汶民主共和国','http://termportal.fao.org/faonocs/appl/');
INSERT INTO `country_name` VALUES (1246,163,'TL','ru','Тимор-Лешти','Демократическая Республика Тимор-Лешти','http://termportal.fao.org/faonocs/appl/');
INSERT INTO `country_name` VALUES (1247,165,'TO','ar','تونغا','تونغا مملكة ','http://termportal.fao.org/faonocs/appl/');
INSERT INTO `country_name` VALUES (1248,165,'TO','en','Tonga','the Kingdom of Tonga','http://termportal.fao.org/faonocs/appl/');
INSERT INTO `country_name` VALUES (1249,165,'TO','es','Tonga','el Reino de Tonga','http://termportal.fao.org/faonocs/appl/');
INSERT INTO `country_name` VALUES (1250,165,'TO','fr','Tonga','le Royaume des Tonga','http://termportal.fao.org/faonocs/appl/');
INSERT INTO `country_name` VALUES (1251,165,'TO','it','Tonga','Regno di Tonga','http://termportal.fao.org/faonocs/appl/');
INSERT INTO `country_name` VALUES (1252,165,'TO','zh','汤 加','汤加王国','http://termportal.fao.org/faonocs/appl/');
INSERT INTO `country_name` VALUES (1253,165,'TO','ru','Тонга','Королевство Тонга','http://termportal.fao.org/faonocs/appl/');
INSERT INTO `country_name` VALUES (1254,166,'TT','ar','وتوباغو ترينيداد ','وتوباغو ترينيداد جمهورية ','http://termportal.fao.org/faonocs/appl/');
INSERT INTO `country_name` VALUES (1255,166,'TT','en','Trinidad and Tobago','the Republic of Trinidad and Tobago','http://termportal.fao.org/faonocs/appl/');
INSERT INTO `country_name` VALUES (1256,166,'TT','es','Trinidad y Tabago','la República de Trinidad y Tabago','http://termportal.fao.org/faonocs/appl/');
INSERT INTO `country_name` VALUES (1257,166,'TT','fr','Trinité-et-Tobago','la République de Trinité-et-Tobago','http://termportal.fao.org/faonocs/appl/');
INSERT INTO `country_name` VALUES (1258,166,'TT','it','Trinidad e Tobago','Repubblica di Trinidad e Tobago','http://termportal.fao.org/faonocs/appl/');
INSERT INTO `country_name` VALUES (1259,166,'TT','zh','特立尼达和多巴哥','特立尼达和多巴哥共和国','http://termportal.fao.org/faonocs/appl/');
INSERT INTO `country_name` VALUES (1260,166,'TT','ru','Тринидад и Тобаго','Республика Тринидад и Тобаго','http://termportal.fao.org/faonocs/appl/');
INSERT INTO `country_name` VALUES (1261,167,'TN','ar','تونس','الجمهورية التونسية ','http://termportal.fao.org/faonocs/appl/');
INSERT INTO `country_name` VALUES (1262,167,'TN','en','Tunisia','the Republic of Tunisia','http://termportal.fao.org/faonocs/appl/');
INSERT INTO `country_name` VALUES (1263,167,'TN','es','Túnez','la República de Túnez','http://termportal.fao.org/faonocs/appl/');
INSERT INTO `country_name` VALUES (1264,167,'TN','fr','Tunisie','la République tunisienne','http://termportal.fao.org/faonocs/appl/');
INSERT INTO `country_name` VALUES (1265,167,'TN','it','Tunisia','Repubblica tunisina','http://termportal.fao.org/faonocs/appl/');
INSERT INTO `country_name` VALUES (1266,167,'TN','zh','突尼斯','突尼斯共和国','http://termportal.fao.org/faonocs/appl/');
INSERT INTO `country_name` VALUES (1267,167,'TN','ru','Тунис','Тунисская Республика','http://termportal.fao.org/faonocs/appl/');
INSERT INTO `country_name` VALUES (1268,168,'TR','ar','تركيا','الجمهورية التركية ','http://termportal.fao.org/faonocs/appl/');
INSERT INTO `country_name` VALUES (1269,168,'TR','en','Turkey','the Republic of Turkey','http://termportal.fao.org/faonocs/appl/');
INSERT INTO `country_name` VALUES (1270,168,'TR','es','Turquía','la República de Turquía','http://termportal.fao.org/faonocs/appl/');
INSERT INTO `country_name` VALUES (1271,168,'TR','fr','Turquie','la République turque','http://termportal.fao.org/faonocs/appl/');
INSERT INTO `country_name` VALUES (1272,168,'TR','it','Turchia','Repubblica di Turchia','http://termportal.fao.org/faonocs/appl/');
INSERT INTO `country_name` VALUES (1273,168,'TR','zh','土耳其','土耳其共和国','http://termportal.fao.org/faonocs/appl/');
INSERT INTO `country_name` VALUES (1274,168,'TR','ru','Турция','Турецкая Республика','http://termportal.fao.org/faonocs/appl/');
INSERT INTO `country_name` VALUES (1275,170,'TV','ar','توفالو','توفالو','http://termportal.fao.org/faonocs/appl/');
INSERT INTO `country_name` VALUES (1276,170,'TV','en','Tuvalu','Tuvalu','http://termportal.fao.org/faonocs/appl/');
INSERT INTO `country_name` VALUES (1277,170,'TV','es','Tuvalu','Tuvalu','http://termportal.fao.org/faonocs/appl/');
INSERT INTO `country_name` VALUES (1278,170,'TV','fr','Tuvalu','les Tuvalu','http://termportal.fao.org/faonocs/appl/');
INSERT INTO `country_name` VALUES (1279,170,'TV','it','Tuvalu','Tuvalu','http://termportal.fao.org/faonocs/appl/');
INSERT INTO `country_name` VALUES (1280,170,'TV','zh','图瓦卢','图瓦卢','http://termportal.fao.org/faonocs/appl/');
INSERT INTO `country_name` VALUES (1281,170,'TV','ru','Тувалу','Тувалу','http://termportal.fao.org/faonocs/appl/');
INSERT INTO `country_name` VALUES (1282,193,'TZ','ar','جمهورية تنزانيا المتحدة ','جمهورية تنزانيا المتحدة ','http://termportal.fao.org/faonocs/appl/');
INSERT INTO `country_name` VALUES (1283,193,'TZ','en','United Republic of Tanzania','the United Republic of Tanzania','http://termportal.fao.org/faonocs/appl/');
INSERT INTO `country_name` VALUES (1284,193,'TZ','es','República Unida de Tanzanía','la República Unida de Tanzanía','http://termportal.fao.org/faonocs/appl/');
INSERT INTO `country_name` VALUES (1285,193,'TZ','fr','République-Unie de Tanzanie','la République-Unie de Tanzanie','http://termportal.fao.org/faonocs/appl/');
INSERT INTO `country_name` VALUES (1286,193,'TZ','it','Repubblica unita di Tanzania','Repubblica unita di Tanzania','http://termportal.fao.org/faonocs/appl/');
INSERT INTO `country_name` VALUES (1287,193,'TZ','zh','坦桑尼亚联合共和国','坦桑尼亚联合共和国','http://termportal.fao.org/faonocs/appl/');
INSERT INTO `country_name` VALUES (1288,193,'TZ','ru','Объединенная Республика Танзания','Объединенная Республика Танзания','http://termportal.fao.org/faonocs/appl/');
INSERT INTO `country_name` VALUES (1289,171,'UG','ar','أوغندا','جمهورية أوغندا ','http://termportal.fao.org/faonocs/appl/');
INSERT INTO `country_name` VALUES (1290,171,'UG','en','Uganda','the Republic of Uganda','http://termportal.fao.org/faonocs/appl/');
INSERT INTO `country_name` VALUES (1291,171,'UG','es','Uganda','la República de Uganda','http://termportal.fao.org/faonocs/appl/');
INSERT INTO `country_name` VALUES (1292,171,'UG','fr','Ouganda','la République de l\'Ouganda','http://termportal.fao.org/faonocs/appl/');
INSERT INTO `country_name` VALUES (1293,171,'UG','it','Uganda','Repubblica dell\'Uganda','http://termportal.fao.org/faonocs/appl/');
INSERT INTO `country_name` VALUES (1294,171,'UG','zh','乌干达','乌干达共和国','http://termportal.fao.org/faonocs/appl/');
INSERT INTO `country_name` VALUES (1295,171,'UG','ru','Уганда','Республика Уганда','http://termportal.fao.org/faonocs/appl/');
INSERT INTO `country_name` VALUES (1296,172,'UA','ar','أوكرانيا','أوكرانيا','http://termportal.fao.org/faonocs/appl/');
INSERT INTO `country_name` VALUES (1297,172,'UA','en','Ukraine','Ukraine','http://termportal.fao.org/faonocs/appl/');
INSERT INTO `country_name` VALUES (1298,172,'UA','es','Ucrania','Ucrania','http://termportal.fao.org/faonocs/appl/');
INSERT INTO `country_name` VALUES (1299,172,'UA','fr','Ukraine','l\'Ukraine','http://termportal.fao.org/faonocs/appl/');
INSERT INTO `country_name` VALUES (1300,172,'UA','it','Ucraina','Ucraina','http://termportal.fao.org/faonocs/appl/');
INSERT INTO `country_name` VALUES (1301,172,'UA','zh','乌克兰','乌克兰','http://termportal.fao.org/faonocs/appl/');
INSERT INTO `country_name` VALUES (1302,172,'UA','ru','Украина','Украина','http://termportal.fao.org/faonocs/appl/');
INSERT INTO `country_name` VALUES (1303,174,'UY','ar','أوروغواي','الشرقية أوروغواي جمهورية ','http://termportal.fao.org/faonocs/appl/');
INSERT INTO `country_name` VALUES (1304,174,'UY','en','Uruguay','the Eastern Republic of Uruguay','http://termportal.fao.org/faonocs/appl/');
INSERT INTO `country_name` VALUES (1305,174,'UY','es','Uruguay','la República Oriental del Uruguay','http://termportal.fao.org/faonocs/appl/');
INSERT INTO `country_name` VALUES (1306,174,'UY','fr','Uruguay','la République orientale de l\'Uruguay','http://termportal.fao.org/faonocs/appl/');
INSERT INTO `country_name` VALUES (1307,174,'UY','it','Uruguay','Repubblica orientale dell\'Uruguay','http://termportal.fao.org/faonocs/appl/');
INSERT INTO `country_name` VALUES (1308,174,'UY','zh','乌拉圭','乌拉圭东岸共和国','http://termportal.fao.org/faonocs/appl/');
INSERT INTO `country_name` VALUES (1309,174,'UY','ru','Уругвай','Восточная Республика Уругвай','http://termportal.fao.org/faonocs/appl/');
INSERT INTO `country_name` VALUES (1310,244,'US','ar','الأمريكية المتحدة الولايات ','الأمريكية المتحدة الولايات ','http://termportal.fao.org/faonocs/appl/');
INSERT INTO `country_name` VALUES (1311,244,'US','en','United States of America','the United States of America','http://termportal.fao.org/faonocs/appl/');
INSERT INTO `country_name` VALUES (1312,244,'US','es','Estados Unidos de América','los Estados Unidos de América','http://termportal.fao.org/faonocs/appl/');
INSERT INTO `country_name` VALUES (1313,244,'US','fr','États-Unis d\'Amérique','les États-Unis d\'Amérique','http://termportal.fao.org/faonocs/appl/');
INSERT INTO `country_name` VALUES (1314,244,'US','it','Stati Uniti d`America','Stati Uniti d\'America','http://termportal.fao.org/faonocs/appl/');
INSERT INTO `country_name` VALUES (1315,244,'US','zh','美 国','美利坚合众国','http://termportal.fao.org/faonocs/appl/');
INSERT INTO `country_name` VALUES (1316,244,'US','ru','Соединенные Штаты Америки','Соединенные Штаты Америки','http://termportal.fao.org/faonocs/appl/');
INSERT INTO `country_name` VALUES (1317,175,'UZ','ar','أوزبكستان','جمهورية أوزبكستان ','http://termportal.fao.org/faonocs/appl/');
INSERT INTO `country_name` VALUES (1318,175,'UZ','en','Uzbekistan','the Republic of Uzbekistan','http://termportal.fao.org/faonocs/appl/');
INSERT INTO `country_name` VALUES (1319,175,'UZ','es','Uzbekistán','la República de Uzbekistán','http://termportal.fao.org/faonocs/appl/');
INSERT INTO `country_name` VALUES (1320,175,'UZ','fr','Ouzbékistan','la République d\'Ouzbékistan','http://termportal.fao.org/faonocs/appl/');
INSERT INTO `country_name` VALUES (1321,175,'UZ','it','Uzbekistan','Repubblica dell\'Uzbekistan','http://termportal.fao.org/faonocs/appl/');
INSERT INTO `country_name` VALUES (1322,175,'UZ','zh','乌兹别克斯坦','乌兹别克斯坦共和国','http://termportal.fao.org/faonocs/appl/');
INSERT INTO `country_name` VALUES (1323,175,'UZ','ru','Узбекистан','Республика Узбекистан','http://termportal.fao.org/faonocs/appl/');
INSERT INTO `country_name` VALUES (1324,245,'VA','ar','الكرسي الرسولي ','الكرسي الرسولي ','http://termportal.fao.org/faonocs/appl/');
INSERT INTO `country_name` VALUES (1325,245,'VA','en','Holy See','Holy see','http://termportal.fao.org/faonocs/appl/');
INSERT INTO `country_name` VALUES (1326,245,'VA','es','Santa Sede','la Santa Sede','http://termportal.fao.org/faonocs/appl/');
INSERT INTO `country_name` VALUES (1327,245,'VA','fr','Saint-Siège','le Saint-Siège','http://termportal.fao.org/faonocs/appl/');
INSERT INTO `country_name` VALUES (1328,245,'VA','it','Santa Sede','Santa Sede','http://termportal.fao.org/faonocs/appl/');
INSERT INTO `country_name` VALUES (1329,245,'VA','zh','教廷','教廷','http://termportal.fao.org/faonocs/appl/');
INSERT INTO `country_name` VALUES (1330,245,'VA','ru','Святой Престол','Святой Престол','http://termportal.fao.org/faonocs/appl/');
INSERT INTO `country_name` VALUES (1331,138,'VC','ar','سانت فنسنت وجزر غرينادين ','سانت فنسنت وجزر غرينادين ','http://termportal.fao.org/faonocs/appl/');
INSERT INTO `country_name` VALUES (1332,138,'VC','en','Saint Vincent and the Grenadines','Saint Vincent and the Grenadines','http://termportal.fao.org/faonocs/appl/');
INSERT INTO `country_name` VALUES (1333,138,'VC','es','San Vicente y las Granadinas','San Vicente y las Granadinas','http://termportal.fao.org/faonocs/appl/');
INSERT INTO `country_name` VALUES (1334,138,'VC','fr','Saint-Vincent-et-les Grenadines','Saint-Vincent-et-les Grenadines','http://termportal.fao.org/faonocs/appl/');
INSERT INTO `country_name` VALUES (1335,138,'VC','it','Saint Vincent e Grenadine','Saint Vincent e Grenadine','http://termportal.fao.org/faonocs/appl/');
INSERT INTO `country_name` VALUES (1336,138,'VC','zh','圣文森特和格林纳丁斯','圣文森特和格林纳丁斯','http://termportal.fao.org/faonocs/appl/');
INSERT INTO `country_name` VALUES (1337,138,'VC','ru','Сент-Винсент и Гренадины','Сент-Винсент и Гренадины','http://termportal.fao.org/faonocs/appl/');
INSERT INTO `country_name` VALUES (1338,194,'VE','ar','البوليفارية - جمهورية - فنزويلا ','البوليفارية فنزويلا جمهورية ','http://termportal.fao.org/faonocs/appl/');
INSERT INTO `country_name` VALUES (1339,194,'VE','en','Venezuela (Bolivarian Republic of)','the Bolivarian Republic of Venezuela','http://termportal.fao.org/faonocs/appl/');
INSERT INTO `country_name` VALUES (1340,194,'VE','es','Venezuela (República Bolivariana de)','la República Bolivariana de Venezuela','http://termportal.fao.org/faonocs/appl/');
INSERT INTO `country_name` VALUES (1341,194,'VE','fr','Venezuela (République bolivarienne du)','la République bolivarienne du Venezuela','http://termportal.fao.org/faonocs/appl/');
INSERT INTO `country_name` VALUES (1342,194,'VE','it','Venezuela (Repubblica bolivariana di)','Repubblica bolivariana di Venezuela','http://termportal.fao.org/faonocs/appl/');
INSERT INTO `country_name` VALUES (1343,194,'VE','zh','委内瑞拉 (玻利瓦尔共和国)','委内瑞拉玻利瓦尔共和国','http://termportal.fao.org/faonocs/appl/');
INSERT INTO `country_name` VALUES (1344,194,'VE','ru','Венесуэла (Боливарианская Республика)','Боливарианская Республика Венесуэла','http://termportal.fao.org/faonocs/appl/');
INSERT INTO `country_name` VALUES (1345,177,'VN','ar','فييت نام ','جمهورية فييت نام الاشتراكية ','http://termportal.fao.org/faonocs/appl/');
INSERT INTO `country_name` VALUES (1346,177,'VN','en','Viet Nam','the Socialist Republic of Viet Nam','http://termportal.fao.org/faonocs/appl/');
INSERT INTO `country_name` VALUES (1347,177,'VN','es','Viet Nam','la República Socialista de Viet Nam','http://termportal.fao.org/faonocs/appl/');
INSERT INTO `country_name` VALUES (1348,177,'VN','fr','Viet Nam','la République socialiste du Viet Nam','http://termportal.fao.org/faonocs/appl/');
INSERT INTO `country_name` VALUES (1349,177,'VN','it','Vietnam','Repubblica socialista del Vietnam','http://termportal.fao.org/faonocs/appl/');
INSERT INTO `country_name` VALUES (1350,177,'VN','zh','越 南','越南社会主义共和国','http://termportal.fao.org/faonocs/appl/');
INSERT INTO `country_name` VALUES (1351,177,'VN','ru','Вьетнам','Социалистическая Республика Вьетнам','http://termportal.fao.org/faonocs/appl/');
INSERT INTO `country_name` VALUES (1352,176,'VU','ar','فانواتو','جمهورية فانواتو ','http://termportal.fao.org/faonocs/appl/');
INSERT INTO `country_name` VALUES (1353,176,'VU','en','Vanuatu','the Republic of Vanuatu','http://termportal.fao.org/faonocs/appl/');
INSERT INTO `country_name` VALUES (1354,176,'VU','es','Vanuatu','la República de Vanuatu','http://termportal.fao.org/faonocs/appl/');
INSERT INTO `country_name` VALUES (1355,176,'VU','fr','Vanuatu','la République de Vanuatu','http://termportal.fao.org/faonocs/appl/');
INSERT INTO `country_name` VALUES (1356,176,'VU','it','Vanuatu','Repubblica di Vanuatu','http://termportal.fao.org/faonocs/appl/');
INSERT INTO `country_name` VALUES (1357,176,'VU','zh','瓦努阿图','瓦努阿图共和国','http://termportal.fao.org/faonocs/appl/');
INSERT INTO `country_name` VALUES (1358,176,'VU','ru','Вануату','Республика Вануату','http://termportal.fao.org/faonocs/appl/');
INSERT INTO `country_name` VALUES (1359,139,'WS','ar','ساموا','المستقلة ساموا دولة ','http://termportal.fao.org/faonocs/appl/');
INSERT INTO `country_name` VALUES (1360,139,'WS','en','Samoa','the Independent State of Samoa','http://termportal.fao.org/faonocs/appl/');
INSERT INTO `country_name` VALUES (1361,139,'WS','es','Samoa','el Estado Independiente de Samoa','http://termportal.fao.org/faonocs/appl/');
INSERT INTO `country_name` VALUES (1362,139,'WS','fr','Samoa','l\'État indépendant du Samoa','http://termportal.fao.org/faonocs/appl/');
INSERT INTO `country_name` VALUES (1363,139,'WS','it','Samoa','Stato indipendente di Samoa','http://termportal.fao.org/faonocs/appl/');
INSERT INTO `country_name` VALUES (1364,139,'WS','zh','萨摩亚','萨摩亚独立国','http://termportal.fao.org/faonocs/appl/');
INSERT INTO `country_name` VALUES (1365,139,'WS','ru','Самоа','Независимое Государство Самоа','http://termportal.fao.org/faonocs/appl/');
INSERT INTO `country_name` VALUES (1366,178,'YE','ar','اليمن','الجمهورية اليمنية ','http://termportal.fao.org/faonocs/appl/');
INSERT INTO `country_name` VALUES (1367,178,'YE','en','Yemen','the Republic of Yemen','http://termportal.fao.org/faonocs/appl/');
INSERT INTO `country_name` VALUES (1368,178,'YE','es','Yemen','la República del Yemen','http://termportal.fao.org/faonocs/appl/');
INSERT INTO `country_name` VALUES (1369,178,'YE','fr','Yémen','la République du Yémen','http://termportal.fao.org/faonocs/appl/');
INSERT INTO `country_name` VALUES (1370,178,'YE','it','Yemen','Repubblica dello Yemen','http://termportal.fao.org/faonocs/appl/');
INSERT INTO `country_name` VALUES (1371,178,'YE','zh','也 门','也门共和国','http://termportal.fao.org/faonocs/appl/');
INSERT INTO `country_name` VALUES (1372,178,'YE','ru','Йемен','Йеменская Республика','http://termportal.fao.org/faonocs/appl/');
INSERT INTO `country_name` VALUES (1373,152,'ZA','ar','أفريقيا جنوب ','أفريقيا جنوب جمهورية ','http://termportal.fao.org/faonocs/appl/');
INSERT INTO `country_name` VALUES (1374,152,'ZA','en','South Africa','the Republic of South Africa','http://termportal.fao.org/faonocs/appl/');
INSERT INTO `country_name` VALUES (1375,152,'ZA','es','Sudáfrica','la República de Sudáfrica','http://termportal.fao.org/faonocs/appl/');
INSERT INTO `country_name` VALUES (1376,152,'ZA','fr','Afrique du Sud','la République sud-africaine','http://termportal.fao.org/faonocs/appl/');
INSERT INTO `country_name` VALUES (1377,152,'ZA','it','Sudafrica','Repubblica del Sudafrica','http://termportal.fao.org/faonocs/appl/');
INSERT INTO `country_name` VALUES (1378,152,'ZA','zh','南 非','南非共和国','http://termportal.fao.org/faonocs/appl/');
INSERT INTO `country_name` VALUES (1379,152,'ZA','ru','Южная Африка','Южно-Африканская Республика','http://termportal.fao.org/faonocs/appl/');
INSERT INTO `country_name` VALUES (1380,179,'ZM','ar','زامبيا','جمهورية زامبيا ','http://termportal.fao.org/faonocs/appl/');
INSERT INTO `country_name` VALUES (1381,179,'ZM','en','Zambia','the Republic of Zambia','http://termportal.fao.org/faonocs/appl/');
INSERT INTO `country_name` VALUES (1382,179,'ZM','es','Zambia','la República de Zambia','http://termportal.fao.org/faonocs/appl/');
INSERT INTO `country_name` VALUES (1383,179,'ZM','fr','Zambie','la République de Zambie','http://termportal.fao.org/faonocs/appl/');
INSERT INTO `country_name` VALUES (1384,179,'ZM','it','Zambia','Repubblica dello Zambia','http://termportal.fao.org/faonocs/appl/');
INSERT INTO `country_name` VALUES (1385,179,'ZM','zh','赞比亚','赞比亚共和国','http://termportal.fao.org/faonocs/appl/');
INSERT INTO `country_name` VALUES (1386,179,'ZM','ru','Замбия','Республика Замбия','http://termportal.fao.org/faonocs/appl/');
INSERT INTO `country_name` VALUES (1387,180,'ZW','ar','زمبابوي','جمهورية زمبابوي ','http://termportal.fao.org/faonocs/appl/');
INSERT INTO `country_name` VALUES (1388,180,'ZW','en','Zimbabwe','the Republic of Zimbabwe','http://termportal.fao.org/faonocs/appl/');
INSERT INTO `country_name` VALUES (1389,180,'ZW','es','Zimbabwe','la República de Zimbabwe','http://termportal.fao.org/faonocs/appl/');
INSERT INTO `country_name` VALUES (1390,180,'ZW','fr','Zimbabwe','la République du Zimbabwe','http://termportal.fao.org/faonocs/appl/');
INSERT INTO `country_name` VALUES (1391,180,'ZW','it','Zimbabwe','Repubblica dello Zimbabwe','http://termportal.fao.org/faonocs/appl/');
INSERT INTO `country_name` VALUES (1392,180,'ZW','zh','津巴布韦','津巴布韦共和国','http://termportal.fao.org/faonocs/appl/');
INSERT INTO `country_name` VALUES (1393,180,'ZW','ru','Зимбабве','Республика Зимбабве','http://termportal.fao.org/faonocs/appl/');
/*!40000 ALTER TABLE `country_name` ENABLE KEYS */;
UNLOCK TABLES;

--
-- Table structure for table `country_region`
--

DROP TABLE IF EXISTS `country_region`;
/*!40101 SET @saved_cs_client     = @@character_set_client */;
/*!40101 SET character_set_client = utf8 */;
CREATE TABLE `country_region` (
  `id` int(11) unsigned NOT NULL AUTO_INCREMENT,
  `country_id` int(11) unsigned NOT NULL,
  `region_id` int(11) unsigned NOT NULL,
  PRIMARY KEY (`id`),
  UNIQUE KEY `country_id` (`country_id`,`region_id`),
  KEY `fk_country_region__region_idx` (`region_id`),
  CONSTRAINT `fk_country_region__country` FOREIGN KEY (`country_id`) REFERENCES `country` (`id`) ON DELETE NO ACTION ON UPDATE NO ACTION,
  CONSTRAINT `fk_country_region__region` FOREIGN KEY (`region_id`) REFERENCES `region` (`id`) ON DELETE NO ACTION ON UPDATE NO ACTION
) ENGINE=InnoDB AUTO_INCREMENT=260 DEFAULT CHARSET=utf8mb4;
/*!40101 SET character_set_client = @saved_cs_client */;

--
-- Dumping data for table `country_region`
--

LOCK TABLES `country_region` WRITE;
/*!40000 ALTER TABLE `country_region` DISABLE KEYS */;
INSERT INTO `country_region` VALUES (2,1,2);
INSERT INTO `country_region` VALUES (4,2,3);
INSERT INTO `country_region` VALUES (5,3,1);
INSERT INTO `country_region` VALUES (7,4,3);
INSERT INTO `country_region` VALUES (8,5,1);
INSERT INTO `country_region` VALUES (11,6,4);
INSERT INTO `country_region` VALUES (12,7,4);
INSERT INTO `country_region` VALUES (13,8,3);
INSERT INTO `country_region` VALUES (15,9,2);
INSERT INTO `country_region` VALUES (16,10,3);
INSERT INTO `country_region` VALUES (17,11,3);
INSERT INTO `country_region` VALUES (18,12,4);
INSERT INTO `country_region` VALUES (19,13,7);
INSERT INTO `country_region` VALUES (20,14,2);
INSERT INTO `country_region` VALUES (21,15,4);
INSERT INTO `country_region` VALUES (22,16,3);
INSERT INTO `country_region` VALUES (23,17,3);
INSERT INTO `country_region` VALUES (24,18,4);
INSERT INTO `country_region` VALUES (25,19,1);
INSERT INTO `country_region` VALUES (27,20,2);
INSERT INTO `country_region` VALUES (30,21,3);
INSERT INTO `country_region` VALUES (31,22,1);
INSERT INTO `country_region` VALUES (33,23,4);
INSERT INTO `country_region` VALUES (35,24,2);
INSERT INTO `country_region` VALUES (36,25,3);
INSERT INTO `country_region` VALUES (37,26,1);
INSERT INTO `country_region` VALUES (38,27,1);
INSERT INTO `country_region` VALUES (39,28,2);
INSERT INTO `country_region` VALUES (40,29,1);
INSERT INTO `country_region` VALUES (41,30,5);
INSERT INTO `country_region` VALUES (252,30,6);
INSERT INTO `country_region` VALUES (42,31,1);
INSERT INTO `country_region` VALUES (44,32,1);
INSERT INTO `country_region` VALUES (45,33,1);
INSERT INTO `country_region` VALUES (46,34,4);
INSERT INTO `country_region` VALUES (47,35,2);
INSERT INTO `country_region` VALUES (50,36,4);
INSERT INTO `country_region` VALUES (51,37,1);
INSERT INTO `country_region` VALUES (52,38,1);
INSERT INTO `country_region` VALUES (54,39,4);
INSERT INTO `country_region` VALUES (56,40,3);
INSERT INTO `country_region` VALUES (57,41,4);
INSERT INTO `country_region` VALUES (59,42,3);
INSERT INTO `country_region` VALUES (60,43,3);
INSERT INTO `country_region` VALUES (55,44,1);
INSERT INTO `country_region` VALUES (254,45,3);
INSERT INTO `country_region` VALUES (62,45,6);
INSERT INTO `country_region` VALUES (63,46,1);
INSERT INTO `country_region` VALUES (64,47,4);
INSERT INTO `country_region` VALUES (65,48,4);
INSERT INTO `country_region` VALUES (66,49,4);
INSERT INTO `country_region` VALUES (67,50,1);
INSERT INTO `country_region` VALUES (68,51,4);
INSERT INTO `country_region` VALUES (69,52,1);
INSERT INTO `country_region` VALUES (70,53,1);
INSERT INTO `country_region` VALUES (71,54,3);
INSERT INTO `country_region` VALUES (72,55,1);
INSERT INTO `country_region` VALUES (76,56,2);
INSERT INTO `country_region` VALUES (255,57,3);
INSERT INTO `country_region` VALUES (77,57,6);
INSERT INTO `country_region` VALUES (78,58,3);
INSERT INTO `country_region` VALUES (82,59,1);
INSERT INTO `country_region` VALUES (222,60,1);
INSERT INTO `country_region` VALUES (83,61,3);
INSERT INTO `country_region` VALUES (84,62,3);
INSERT INTO `country_region` VALUES (85,63,1);
INSERT INTO `country_region` VALUES (87,64,3);
INSERT INTO `country_region` VALUES (89,65,4);
INSERT INTO `country_region` VALUES (92,66,4);
INSERT INTO `country_region` VALUES (94,67,1);
INSERT INTO `country_region` VALUES (95,68,1);
INSERT INTO `country_region` VALUES (96,69,4);
INSERT INTO `country_region` VALUES (97,70,4);
INSERT INTO `country_region` VALUES (99,71,4);
INSERT INTO `country_region` VALUES (101,72,3);
INSERT INTO `country_region` VALUES (256,73,3);
INSERT INTO `country_region` VALUES (102,73,6);
INSERT INTO `country_region` VALUES (103,74,2);
INSERT INTO `country_region` VALUES (104,75,2);
INSERT INTO `country_region` VALUES (106,76,7);
INSERT INTO `country_region` VALUES (107,77,3);
INSERT INTO `country_region` VALUES (109,78,3);
INSERT INTO `country_region` VALUES (110,79,3);
INSERT INTO `country_region` VALUES (111,80,4);
INSERT INTO `country_region` VALUES (112,81,2);
INSERT INTO `country_region` VALUES (114,82,7);
INSERT INTO `country_region` VALUES (115,83,3);
INSERT INTO `country_region` VALUES (116,84,1);
INSERT INTO `country_region` VALUES (117,85,2);
INSERT INTO `country_region` VALUES (118,86,7);
INSERT INTO `country_region` VALUES (119,87,3);
INSERT INTO `country_region` VALUES (120,88,2);
INSERT INTO `country_region` VALUES (121,89,3);
INSERT INTO `country_region` VALUES (122,90,7);
INSERT INTO `country_region` VALUES (123,91,1);
INSERT INTO `country_region` VALUES (124,92,1);
INSERT INTO `country_region` VALUES (125,93,1);
INSERT INTO `country_region` VALUES (126,94,3);
INSERT INTO `country_region` VALUES (127,95,3);
INSERT INTO `country_region` VALUES (128,96,3);
INSERT INTO `country_region` VALUES (131,97,1);
INSERT INTO `country_region` VALUES (132,98,1);
INSERT INTO `country_region` VALUES (133,99,2);
INSERT INTO `country_region` VALUES (134,100,2);
INSERT INTO `country_region` VALUES (135,101,1);
INSERT INTO `country_region` VALUES (136,102,3);
INSERT INTO `country_region` VALUES (137,103,2);
INSERT INTO `country_region` VALUES (139,104,1);
INSERT INTO `country_region` VALUES (140,105,1);
INSERT INTO `country_region` VALUES (142,106,4);
INSERT INTO `country_region` VALUES (145,107,3);
INSERT INTO `country_region` VALUES (146,108,2);
INSERT INTO `country_region` VALUES (147,109,3);
INSERT INTO `country_region` VALUES (149,110,1);
INSERT INTO `country_region` VALUES (150,111,1);
INSERT INTO `country_region` VALUES (151,112,2);
INSERT INTO `country_region` VALUES (152,113,1);
INSERT INTO `country_region` VALUES (153,114,2);
INSERT INTO `country_region` VALUES (154,115,2);
INSERT INTO `country_region` VALUES (155,116,3);
INSERT INTO `country_region` VALUES (157,117,2);
INSERT INTO `country_region` VALUES (158,118,4);
INSERT INTO `country_region` VALUES (159,119,1);
INSERT INTO `country_region` VALUES (160,120,1);
INSERT INTO `country_region` VALUES (257,121,3);
INSERT INTO `country_region` VALUES (165,121,6);
INSERT INTO `country_region` VALUES (166,122,7);
INSERT INTO `country_region` VALUES (167,123,2);
INSERT INTO `country_region` VALUES (168,124,2);
INSERT INTO `country_region` VALUES (170,125,4);
INSERT INTO `country_region` VALUES (171,126,2);
INSERT INTO `country_region` VALUES (172,127,4);
INSERT INTO `country_region` VALUES (173,128,4);
INSERT INTO `country_region` VALUES (174,129,2);
INSERT INTO `country_region` VALUES (176,130,3);
INSERT INTO `country_region` VALUES (177,131,3);
INSERT INTO `country_region` VALUES (179,132,7);
INSERT INTO `country_region` VALUES (181,133,3);
INSERT INTO `country_region` VALUES (258,134,3);
INSERT INTO `country_region` VALUES (182,134,6);
INSERT INTO `country_region` VALUES (183,135,1);
INSERT INTO `country_region` VALUES (186,136,4);
INSERT INTO `country_region` VALUES (187,137,4);
INSERT INTO `country_region` VALUES (190,138,4);
INSERT INTO `country_region` VALUES (191,139,2);
INSERT INTO `country_region` VALUES (192,140,3);
INSERT INTO `country_region` VALUES (193,141,1);
INSERT INTO `country_region` VALUES (194,142,7);
INSERT INTO `country_region` VALUES (195,143,1);
INSERT INTO `country_region` VALUES (196,144,3);
INSERT INTO `country_region` VALUES (197,145,1);
INSERT INTO `country_region` VALUES (198,146,1);
INSERT INTO `country_region` VALUES (199,147,2);
INSERT INTO `country_region` VALUES (201,148,3);
INSERT INTO `country_region` VALUES (202,149,3);
INSERT INTO `country_region` VALUES (203,150,2);
INSERT INTO `country_region` VALUES (204,151,1);
INSERT INTO `country_region` VALUES (205,152,1);
INSERT INTO `country_region` VALUES (209,153,3);
INSERT INTO `country_region` VALUES (210,154,2);
INSERT INTO `country_region` VALUES (211,155,1);
INSERT INTO `country_region` VALUES (212,156,4);
INSERT INTO `country_region` VALUES (214,157,1);
INSERT INTO `country_region` VALUES (259,158,3);
INSERT INTO `country_region` VALUES (215,158,6);
INSERT INTO `country_region` VALUES (216,159,3);
INSERT INTO `country_region` VALUES (217,160,7);
INSERT INTO `country_region` VALUES (219,161,3);
INSERT INTO `country_region` VALUES (221,162,2);
INSERT INTO `country_region` VALUES (223,163,2);
INSERT INTO `country_region` VALUES (224,164,1);
INSERT INTO `country_region` VALUES (226,165,2);
INSERT INTO `country_region` VALUES (227,166,4);
INSERT INTO `country_region` VALUES (228,167,1);
INSERT INTO `country_region` VALUES (229,168,3);
INSERT INTO `country_region` VALUES (230,169,3);
INSERT INTO `country_region` VALUES (232,170,2);
INSERT INTO `country_region` VALUES (233,171,1);
INSERT INTO `country_region` VALUES (234,172,3);
INSERT INTO `country_region` VALUES (235,173,7);
INSERT INTO `country_region` VALUES (240,174,4);
INSERT INTO `country_region` VALUES (241,175,3);
INSERT INTO `country_region` VALUES (242,176,2);
INSERT INTO `country_region` VALUES (245,177,2);
INSERT INTO `country_region` VALUES (249,178,7);
INSERT INTO `country_region` VALUES (250,179,1);
INSERT INTO `country_region` VALUES (251,180,1);
INSERT INTO `country_region` VALUES (53,181,2);
INSERT INTO `country_region` VALUES (28,182,4);
INSERT INTO `country_region` VALUES (61,183,1);
INSERT INTO `country_region` VALUES (73,184,3);
INSERT INTO `country_region` VALUES (143,185,2);
INSERT INTO `country_region` VALUES (236,186,3);
INSERT INTO `country_region` VALUES (105,187,2);
INSERT INTO `country_region` VALUES (163,188,2);
INSERT INTO `country_region` VALUES (207,189,2);
INSERT INTO `country_region` VALUES (144,190,3);
INSERT INTO `country_region` VALUES (130,191,3);
INSERT INTO `country_region` VALUES (161,192,2);
INSERT INTO `country_region` VALUES (220,193,1);
INSERT INTO `country_region` VALUES (244,194,4);
INSERT INTO `country_region` VALUES (9,195,4);
INSERT INTO `country_region` VALUES (6,197,2);
INSERT INTO `country_region` VALUES (14,198,4);
INSERT INTO `country_region` VALUES (3,199,3);
INSERT INTO `country_region` VALUES (184,200,4);
INSERT INTO `country_region` VALUES (26,201,5);
INSERT INTO `country_region` VALUES (29,202,4);
INSERT INTO `country_region` VALUES (58,205,4);
INSERT INTO `country_region` VALUES (248,207,1);
INSERT INTO `country_region` VALUES (74,208,4);
INSERT INTO `country_region` VALUES (75,209,6);
INSERT INTO `country_region` VALUES (79,210,3);
INSERT INTO `country_region` VALUES (93,211,3);
INSERT INTO `country_region` VALUES (86,212,3);
INSERT INTO `country_region` VALUES (88,213,6);
INSERT INTO `country_region` VALUES (90,214,4);
INSERT INTO `country_region` VALUES (91,216,2);
INSERT INTO `country_region` VALUES (100,217,2);
INSERT INTO `country_region` VALUES (108,219,3);
INSERT INTO `country_region` VALUES (113,221,1);
INSERT INTO `country_region` VALUES (43,222,4);
INSERT INTO `country_region` VALUES (188,223,4);
INSERT INTO `country_region` VALUES (129,224,2);
INSERT INTO `country_region` VALUES (164,225,2);
INSERT INTO `country_region` VALUES (138,226,4);
INSERT INTO `country_region` VALUES (148,227,4);
INSERT INTO `country_region` VALUES (156,228,2);
INSERT INTO `country_region` VALUES (162,229,2);
INSERT INTO `country_region` VALUES (80,230,2);
INSERT INTO `country_region` VALUES (189,231,5);
INSERT INTO `country_region` VALUES (175,232,2);
INSERT INTO `country_region` VALUES (178,233,4);
INSERT INTO `country_region` VALUES (169,234,7);
INSERT INTO `country_region` VALUES (180,235,1);
INSERT INTO `country_region` VALUES (185,236,1);
INSERT INTO `country_region` VALUES (213,237,3);
INSERT INTO `country_region` VALUES (200,238,4);
INSERT INTO `country_region` VALUES (231,239,4);
INSERT INTO `country_region` VALUES (225,241,2);
INSERT INTO `country_region` VALUES (237,244,5);
INSERT INTO `country_region` VALUES (253,244,6);
INSERT INTO `country_region` VALUES (243,245,1);
INSERT INTO `country_region` VALUES (246,246,4);
INSERT INTO `country_region` VALUES (239,247,4);
INSERT INTO `country_region` VALUES (247,248,2);
INSERT INTO `country_region` VALUES (141,249,1);
INSERT INTO `country_region` VALUES (208,250,1);
/*!40000 ALTER TABLE `country_region` ENABLE KEYS */;
UNLOCK TABLES;

--
-- Table structure for table `region`
--

DROP TABLE IF EXISTS `region`;
/*!40101 SET @saved_cs_client     = @@character_set_client */;
/*!40101 SET character_set_client = utf8 */;
CREATE TABLE `region` (
  `id` int(11) unsigned NOT NULL AUTO_INCREMENT,
  `name` varchar(32) DEFAULT NULL,
  `is_unep` tinyint(4) NOT NULL DEFAULT 0,
  PRIMARY KEY (`id`)
) ENGINE=InnoDB AUTO_INCREMENT=8 DEFAULT CHARSET=utf8mb4;
/*!40101 SET character_set_client = @saved_cs_client */;

--
-- Dumping data for table `region`
--

LOCK TABLES `region` WRITE;
/*!40000 ALTER TABLE `region` DISABLE KEYS */;
INSERT INTO `region` VALUES (1,'Africa',1);
INSERT INTO `region` VALUES (2,'Asia and the Pacific',1);
INSERT INTO `region` VALUES (3,'Europe',1);
INSERT INTO `region` VALUES (4,'Latin America and the Caribbean',1);
INSERT INTO `region` VALUES (5,'North America',1);
INSERT INTO `region` VALUES (6,'Polar: Arctic',0);
INSERT INTO `region` VALUES (7,'West Asia',1);
/*!40000 ALTER TABLE `region` ENABLE KEYS */;
UNLOCK TABLES;
/*!40103 SET TIME_ZONE=@OLD_TIME_ZONE */;

/*!40101 SET SQL_MODE=@OLD_SQL_MODE */;
/*!40014 SET FOREIGN_KEY_CHECKS=@OLD_FOREIGN_KEY_CHECKS */;
/*!40014 SET UNIQUE_CHECKS=@OLD_UNIQUE_CHECKS */;
/*!40101 SET CHARACTER_SET_CLIENT=@OLD_CHARACTER_SET_CLIENT */;
/*!40101 SET CHARACTER_SET_RESULTS=@OLD_CHARACTER_SET_RESULTS */;
/*!40101 SET COLLATION_CONNECTION=@OLD_COLLATION_CONNECTION */;
/*!40111 SET SQL_NOTES=@OLD_SQL_NOTES */;

-- Dump completed on 2022-04-06 14:26:35
