-- MySQL dump 10.13  Distrib 5.5.49, for debian-linux-gnu (x86_64)
--
-- Host: 127.0.0.1    Database: randomwork
-- ------------------------------------------------------
-- Server version	5.5.49-0ubuntu0.14.04.1

/*!40101 SET @OLD_CHARACTER_SET_CLIENT=@@CHARACTER_SET_CLIENT */;
/*!40101 SET @OLD_CHARACTER_SET_RESULTS=@@CHARACTER_SET_RESULTS */;
/*!40101 SET @OLD_COLLATION_CONNECTION=@@COLLATION_CONNECTION */;
/*!40101 SET NAMES utf8 */;
/*!40103 SET @OLD_TIME_ZONE=@@TIME_ZONE */;
/*!40103 SET TIME_ZONE='+00:00' */;
/*!40014 SET @OLD_UNIQUE_CHECKS=@@UNIQUE_CHECKS, UNIQUE_CHECKS=0 */;
/*!40014 SET @OLD_FOREIGN_KEY_CHECKS=@@FOREIGN_KEY_CHECKS, FOREIGN_KEY_CHECKS=0 */;
/*!40101 SET @OLD_SQL_MODE=@@SQL_MODE, SQL_MODE='NO_AUTO_VALUE_ON_ZERO' */;
/*!40111 SET @OLD_SQL_NOTES=@@SQL_NOTES, SQL_NOTES=0 */;

--
-- Table structure for table `country`
--

DROP TABLE IF EXISTS `country`;
/*!40101 SET @saved_cs_client     = @@character_set_client */;
/*!40101 SET character_set_client = utf8 */;
CREATE TABLE `country` (
  `id` int(11) unsigned NOT NULL AUTO_INCREMENT,
  `enabled` tinyint(1) unsigned NOT NULL DEFAULT '1' COMMENT 'Use this country in applications',
  `code3l` varchar(3) NOT NULL COMMENT 'ISO 3166-1 alpha-3 three-letter code',
  `code2l` varchar(2) NOT NULL COMMENT 'ISO 3166-1 alpha-2 two-letter code',
  `name` varchar(64) NOT NULL COMMENT 'Name of the country in English',
  `name_official` varchar(128) DEFAULT NULL,
  `flag_32` varchar(255) DEFAULT NULL,
  `flag_128` varchar(255) DEFAULT NULL,
  `latitude` decimal(10,8) DEFAULT NULL,
  `longitude` decimal(11,8) DEFAULT NULL,
  `zoom` tinyint(1) DEFAULT NULL COMMENT 'Optimal zoom when showing country on map',
  PRIMARY KEY (`id`),
  UNIQUE KEY `idx_countries_name` (`name`),
  UNIQUE KEY `idx_countries_code3l` (`code3l`),
  UNIQUE KEY `idx_countries_code2l` (`code2l`)
) ENGINE=InnoDB AUTO_INCREMENT=251 DEFAULT CHARSET=utf8 AVG_ROW_LENGTH=434 COMMENT='Hold the list of countries. Each country is a row';
/*!40101 SET character_set_client = @saved_cs_client */;

--
-- Dumping data for table `country`
--

LOCK TABLES `country` WRITE;
/*!40000 ALTER TABLE `country` DISABLE KEYS */;
INSERT INTO `country` VALUES (1,1,'AFG','AF','Afghanistan','The Islamic Republic of Afghanistan','AF-32.png','AF-128.png',33.98299275,66.39159363,6),(2,1,'ALB','AL','Albania','the Republic of Albania','AL-32.png','AL-128.png',41.00017358,19.87170014,7),(3,1,'DZA','DZ','Algeria','the People\'s Democratic Republic of Algeria','DZ-32.png','DZ-128.png',27.89861690,3.19771194,5),(4,1,'AND','AD','Andorra','the Principality of Andorra','AD-32.png','AD-128.png',42.54057088,1.55201340,11),(5,1,'AGO','AO','Angola','the Republic of Angola','AO-32.png','AO-128.png',-12.16469683,16.70933622,6),(6,1,'ATG','AG','Antigua and Barbuda','Antigua and Barbuda','AG-32.png','AG-128.png',17.48060423,-61.42014426,9),(7,1,'ARG','AR','Argentina','the Argentine Republic','AR-32.png','AR-128.png',-38.01529308,-64.97897469,4),(8,1,'ARM','AM','Armenia','the Republic of Armenia','AM-32.png','AM-128.png',40.13475528,45.01072318,7),(9,1,'AUS','AU','Australia','Australia','AU-32.png','AU-128.png',-26.29594646,133.55540944,4),(10,1,'AUT','AT','Austria','the Republic of Austria','AT-32.png','AT-128.png',47.63125476,13.18776731,7),(11,1,'AZE','AZ','Azerbaijan','the Republic of Azerbaijan','AZ-32.png','AZ-128.png',40.35321757,47.46706372,7),(12,1,'BHS','BS','Bahamas','the Commonwealth of the Bahamas','BS-32.png','BS-128.png',24.45991732,-77.68192453,7),(13,1,'BHR','BH','Bahrain','the Kingdom of Bahrain','BH-32.png','BH-128.png',25.90740996,50.65932354,9),(14,1,'BGD','BD','Bangladesh','the People\'s Republic of Bangladesh','BD-32.png','BD-128.png',24.08273251,90.49915527,7),(15,1,'BRB','BB','Barbados','Barbados','BB-32.png','BB-128.png',13.19383077,-59.54319600,11),(16,1,'BLR','BY','Belarus','the Republic of Belarus','BY-32.png','BY-128.png',53.58628747,27.95338900,6),(17,1,'BEL','BE','Belgium','the Kingdom of Belgium','BE-32.png','BE-128.png',50.49593874,4.46993600,8),(18,1,'BLZ','BZ','Belize','Belize','BZ-32.png','BZ-128.png',17.21153631,-88.01424956,8),(19,1,'BEN','BJ','Benin','the Republic of Benin','BJ-32.png','BJ-128.png',9.37180859,2.29386134,7),(20,1,'BTN','BT','Bhutan','the Kingdom of Bhutan','BT-32.png','BT-128.png',27.50752756,90.43360300,8),(21,1,'BIH','BA','Bosnia and Herzegovina','Bosnia and Herzegovina','BA-32.png','BA-128.png',44.00040856,17.81640910,7),(22,1,'BWA','BW','Botswana','the Republic of Botswana','BW-32.png','BW-128.png',-22.18279485,24.22344422,6),(23,1,'BRA','BR','Brazil','the Federative Republic of Brazil','BR-32.png','BR-128.png',-11.80965046,-53.33152600,4),(24,1,'BRN','BN','Brunei Darussalam','Brunei Darussalam','BN-32.png','BN-128.png',4.54189364,114.60132823,9),(25,1,'BGR','BG','Bulgaria','the Republic of Bulgaria','BG-32.png','BG-128.png',42.70160678,25.48583200,7),(26,1,'BFA','BF','Burkina Faso','Burkina Faso','BF-32.png','BF-128.png',12.22492458,-1.56159100,7),(27,1,'BDI','BI','Burundi','the Republic of Burundi','BI-32.png','BI-128.png',-3.40499707,29.88592902,8),(28,1,'KHM','KH','Cambodia','the Kingdom of Cambodia','KH-32.png','KH-128.png',12.83288883,104.84814273,7),(29,1,'CMR','CM','Cameroon','the Republic of Cameroon','CM-32.png','CM-128.png',7.38622543,12.72825915,6),(30,1,'CAN','CA','Canada','Canada','CA-32.png','CA-128.png',60.36196817,-106.69833150,4),(31,1,'CPV','CV','Cabo Verde','Republic of Cabo Verde','CV-32.png','CV-128.png',15.11988711,-23.60517010,10),(32,1,'CAF','CF','Central African Republic','the Central African Republic','CF-32.png','CF-128.png',6.82541830,20.64281514,6),(33,1,'TCD','TD','Chad','the Republic of Chad','TD-32.png','TD-128.png',14.80342407,18.78714064,5),(34,1,'CHL','CL','Chile','the Republic of Chile','CL-32.png','CL-128.png',-38.01760790,-71.40014474,4),(35,1,'CHN','CN','China','the People\'s Republic of China','CN-32.png','CN-128.png',36.71457440,103.55819197,4),(36,1,'COL','CO','Colombia','the Republic of Colombia','CO-32.png','CO-128.png',3.68182320,-73.53927436,5),(37,1,'COM','KM','Comoros','the Union of the Comoros','KM-32.png','KM-128.png',-11.64529989,43.33330200,10),(38,1,'COG','CG','Congo','the Republic of the Congo','CG-32.png','CG-128.png',-0.68967806,15.69033190,6),(39,1,'CRI','CR','Costa Rica','the Republic of Costa Rica','CR-32.png','CR-128.png',9.98427463,-84.09949534,8),(40,1,'HRV','HR','Croatia','the Republic of Croatia','HR-32.png','HR-128.png',44.81372482,16.29039507,7),(41,1,'CUB','CU','Cuba','the Republic of Cuba','CU-32.png','CU-128.png',21.54513189,-79.00064743,6),(42,1,'CYP','CY','Cyprus','the Republic of Cyprus','CY-32.png','CY-128.png',35.12450768,33.42986100,9),(43,1,'CZE','CZ','Czech Republic','the Czech Republic','CZ-32.png','CZ-128.png',49.76026136,15.53888197,7),(44,1,'CIV','CI','Côte d\'Ivoire','the Republic of Côte d\'Ivoire','CI-32.png','CI-128.png',7.59684148,-5.49214636,7),(45,1,'DNK','DK','Denmark','the Kingdom of Denmark','DK-32.png','DK-128.png',54.71794021,9.41938953,6),(46,1,'DJI','DJ','Djibouti','the Republic of Djibouti','DJ-32.png','DJ-128.png',11.75959257,42.65344839,8),(47,1,'DMA','DM','Dominica','the Commonwealth of Dominica','DM-32.png','DM-128.png',15.41473963,-61.37097400,10),(48,1,'DOM','DO','Dominican Republic','the Dominican Republic','DO-32.png','DO-128.png',18.73076761,-70.16264900,8),(49,1,'ECU','EC','Ecuador','the Republic of Ecuador','EC-32.png','EC-128.png',-1.22919037,-78.55693916,6),(50,1,'EGY','EG','Egypt','the Arab Republic of Egypt','EG-32.png','EG-128.png',26.71650873,30.80250000,6),(51,1,'SLV','SV','El Salvador','the Republic of El Salvador','SV-32.png','SV-128.png',13.79043561,-88.89652800,8),(52,1,'GNQ','GQ','Equatorial Guinea','the Republic of Equatorial Guinea','GQ-32.png','GQ-128.png',1.65068442,10.26789700,9),(53,1,'ERI','ER','Eritrea','the State of Eritrea','ER-32.png','ER-128.png',15.21227764,39.61204792,7),(54,1,'EST','EE','Estonia','the Republic of Estonia','EE-32.png','EE-128.png',58.74041141,25.38165099,7),(55,1,'ETH','ET','Ethiopia','the Federal Democratic Republic of Ethiopia','ET-32.png','ET-128.png',9.10727589,39.84148164,6),(56,1,'FJI','FJ','Fiji','the Republic of Fiji','FJ-32.png','FJ-128.png',-17.71219757,178.06503600,9),(57,1,'FIN','FI','Finland','the Republic of Finland','FI-32.png','FI-128.png',64.69610892,26.36339137,5),(58,1,'FRA','FR','France','the French Republic','FR-32.png','FR-128.png',46.48372145,2.60926281,6),(59,1,'GAB','GA','Gabon','the Gabonese Republic','GA-32.png','GA-128.png',-0.43426435,11.43916591,7),(60,1,'GMB','GM','Gambia','Islamic Republic of the Gambia','GM-32.png','GM-128.png',13.15921146,-15.35956748,8),(61,1,'GEO','GE','Georgia','Georgia','GE-32.png','GE-128.png',41.82754301,44.17329916,7),(62,1,'DEU','DE','Germany','the Federal Republic of Germany','DE-32.png','DE-128.png',50.82871201,10.97887975,6),(63,1,'GHA','GH','Ghana','the Republic of Ghana','GH-32.png','GH-128.png',7.69154199,-1.29234904,7),(64,1,'GRC','GR','Greece','the Hellenic Republic','GR-32.png','GR-128.png',38.52254746,24.53794505,6),(65,1,'GRD','GD','Grenada','Grenada','GD-32.png','GD-128.png',12.11644807,-61.67899400,11),(66,1,'GTM','GT','Guatemala','the Republic of Guatemala','GT-32.png','GT-128.png',15.72598421,-89.96707712,7),(67,1,'GIN','GN','Guinea','the Republic of Guinea','GN-32.png','GN-128.png',9.94301472,-11.31711839,7),(68,1,'GNB','GW','Guinea-Bissau','the Republic of Guinea-Bissau','GW-32.png','GW-128.png',11.80050682,-15.18040700,8),(69,1,'GUY','GY','Guyana','the Republic of Guyana','GY-32.png','GY-128.png',4.47957059,-58.72692293,6),(70,1,'HTI','HT','Haiti','the Republic of Haiti','HT-32.png','HT-128.png',19.07430861,-72.79607526,8),(71,1,'HND','HN','Honduras','the Republic of Honduras','HN-32.png','HN-128.png',14.64994423,-87.01643713,7),(72,1,'HUN','HU','Hungary','Hungary','HU-32.png','HU-128.png',46.97670384,19.35499657,7),(73,1,'ISL','IS','Iceland','the Republic of Iceland','IS-32.png','IS-128.png',64.99294495,-18.57038755,6),(74,1,'IND','IN','India','the Republic of India','IN-32.png','IN-128.png',20.46549519,78.50146222,4),(75,1,'IDN','ID','Indonesia','the Republic of Indonesia','ID-32.png','ID-128.png',-2.46229680,121.18329789,4),(76,1,'IRQ','IQ','Iraq','the Republic of Iraq','IQ-32.png','IQ-128.png',32.90170182,43.19590056,6),(77,1,'IRL','IE','Ireland','Ireland','IE-32.png','IE-128.png',53.10101628,-8.21092302,6),(78,1,'ISR','IL','Israel','the State of Israel','IL-32.png','IL-128.png',30.85883075,34.91753797,7),(79,1,'ITA','IT','Italy','the Republic of Italy','IT-32.png','IT-128.png',41.77810840,12.67725128,5),(80,1,'JAM','JM','Jamaica','Jamaica','JM-32.png','JM-128.png',18.10838487,-77.29750600,9),(81,1,'JPN','JP','Japan','Japan','JP-32.png','JP-128.png',37.51848822,137.67066061,5),(82,1,'JOR','JO','Jordan','the Hashemite Kingdom of Jordan','JO-32.png','JO-128.png',31.31616588,36.37575510,7),(83,1,'KAZ','KZ','Kazakhstan','the Republic of Kazakhstan','KZ-32.png','KZ-128.png',45.38592596,68.81334444,4),(84,1,'KEN','KE','Kenya','the Republic of Kenya','KE-32.png','KE-128.png',0.19582452,37.97212297,6),(85,1,'KIR','KI','Kiribati','the Republic of Kiribati','KI-32.png','KI-128.png',1.87085244,-157.36259310,10),(86,1,'KWT','KW','Kuwait','the State of Kuwait','KW-32.png','KW-128.png',29.43253341,47.71798405,8),(87,1,'KGZ','KG','Kyrgyzstan','the Kyrgyz Republic','KG-32.png','KG-128.png',41.11509878,74.25524574,6),(88,1,'LAO','LA','Lao People\'s Democratic Republic','the Lao People\'s Democratic Republic','LA-32.png','LA-128.png',17.76075593,103.61611347,6),(89,1,'LVA','LV','Latvia','the Republic of Latvia','LV-32.png','LV-128.png',56.86697515,24.54826936,7),(90,1,'LBN','LB','Lebanon','the Lebanese Republic','LB-32.png','LB-128.png',34.08249284,35.66454309,8),(91,1,'LSO','LS','Lesotho','the Kingdom of Lesotho','LS-32.png','LS-128.png',-29.60303205,28.23361200,8),(92,1,'LBR','LR','Liberia','the Republic of Liberia','LR-32.png','LR-128.png',6.44154681,-9.39103485,7),(93,1,'LBY','LY','Libya','Libya','LY-32.png','LY-128.png',27.06902914,18.19513987,5),(94,1,'LIE','LI','Liechtenstein','the Principality of Liechtenstein','LI-32.png','LI-128.png',47.16587383,9.55537700,11),(95,1,'LTU','LT','Lithuania','the Republic of Lithuania','LT-32.png','LT-128.png',55.25095948,23.80987587,7),(96,1,'LUX','LU','Luxembourg','the Grand Duchy of Luxembourg','LU-32.png','LU-128.png',49.81327712,6.12958700,9),(97,1,'MDG','MG','Madagascar','the Republic of Madagascar','MG-32.png','MG-128.png',-19.79858543,46.97898228,5),(98,1,'MWI','MW','Malawi','the Republic of Malawi','MW-32.png','MW-128.png',-12.48684092,34.14223524,6),(99,1,'MYS','MY','Malaysia','Malaysia','MY-32.png','MY-128.png',4.97345793,106.54609050,5),(100,1,'MDV','MV','Maldives','the Republic of Maldives','MV-32.png','MV-128.png',-0.64224221,73.13373313,12),(101,1,'MLI','ML','Mali','the Republic of Mali','ML-32.png','ML-128.png',17.69385811,-1.96368730,5),(102,1,'MLT','MT','Malta','the Republic of Malta','MT-32.png','MT-128.png',35.89706403,14.43687877,11),(103,1,'MHL','MH','Marshall Islands','the Republic of the Marshall Islands','MH-32.png','MH-128.png',7.30130732,168.75512619,10),(104,1,'MRT','MR','Mauritania','the Islamic Republic of Mauritania','MR-32.png','MR-128.png',20.28331239,-10.21573334,5),(105,1,'MUS','MU','Mauritius','the Republic of Mauritius','MU-32.png','MU-128.png',-20.28368188,57.56588291,10),(106,1,'MEX','MX','Mexico','the United Mexican States','MX-32.png','MX-128.png',22.92036676,-102.33305344,5),(107,1,'MCO','MC','Monaco','the Principality of Monaco','MC-32.png','MC-128.png',43.70463620,6.75444978,9),(108,1,'MNG','MN','Mongolia','Mongolia','MN-32.png','MN-128.png',46.80556270,104.30808978,5),(109,1,'MNE','ME','Montenegro','Montenegro','ME-32.png','ME-128.png',42.71699590,19.09699321,8),(110,1,'MAR','MA','Morocco','the Kingdom of Morocco','MA-32.png','MA-128.png',31.95441758,-7.26839325,6),(111,1,'MOZ','MZ','Mozambique','the Republic of Mozambique','MZ-32.png','MZ-128.png',-19.07617816,33.81570282,5),(112,1,'MMR','MM','Myanmar','the Republic of the Union of Myanmar','MM-32.png','MM-128.png',19.20985380,96.54949272,5),(113,1,'NAM','NA','Namibia','the Republic of Namibia','NA-32.png','NA-128.png',-22.70965620,16.72161918,6),(114,1,'NRU','NR','Nauru','the Republic of Nauru','NR-32.png','NR-128.png',-0.52586763,166.93270463,13),(115,1,'NPL','NP','Nepal','the Federal Democratic Republic of Nepal','NP-32.png','NP-128.png',28.28430770,83.98119373,7),(116,1,'NLD','NL','Netherlands','the Kingdom of the Netherlands','NL-32.png','NL-128.png',52.33939951,4.98914998,7),(117,1,'NZL','NZ','New Zealand','New Zealand','NZ-32.png','NZ-128.png',-40.95025298,171.76586181,5),(118,1,'NIC','NI','Nicaragua','the Republic of Nicaragua','NI-32.png','NI-128.png',12.91806226,-84.82270352,7),(119,1,'NER','NE','Niger','the Republic of the Niger','NE-32.png','NE-128.png',17.23446679,8.23547860,6),(120,1,'NGA','NG','Nigeria','the Federal Republic of Nigeria','NG-32.png','NG-128.png',9.02165273,7.82933373,6),(121,1,'NOR','NO','Norway','the Kingdom of Norway','NO-32.png','NO-128.png',65.04680297,13.50069228,4),(122,1,'OMN','OM','Oman','the Sultanate of Oman','OM-32.png','OM-128.png',20.69906846,56.69230596,6),(123,1,'PAK','PK','Pakistan','the Islamic Republic of Pakistan','PK-32.png','PK-128.png',29.90335974,70.34487986,5),(124,1,'PLW','PW','Palau','the Republic of Palau','PW-32.png','PW-128.png',7.49856307,134.57291496,10),(125,1,'PAN','PA','Panama','the Republic of Panama','PA-32.png','PA-128.png',8.52135102,-80.04603702,7),(126,1,'PNG','PG','Papua New Guinea','Independent State of Papua New Guinea','PG-32.png','PG-128.png',-6.62414046,144.44993477,7),(127,1,'PRY','PY','Paraguay','the Republic of Paraguay','PY-32.png','PY-128.png',-23.38564782,-58.29551057,6),(128,1,'PER','PE','Peru','the Republic of Peru','PE-32.png','PE-128.png',-8.50205247,-76.15772412,5),(129,1,'PHL','PH','Philippines','the Republic of the Philippines','PH-32.png','PH-128.png',12.82361200,121.77401700,6),(130,1,'POL','PL','Poland','the Republic of Poland','PL-32.png','PL-128.png',52.10117636,19.33190957,6),(131,1,'PRT','PT','Portugal','the Portuguese Republic','PT-32.png','PT-128.png',39.44879136,-8.03768042,6),(132,1,'QAT','QA','Qatar','the State of Qatar','QA-32.png','QA-128.png',25.24551555,51.24431480,8),(133,1,'ROU','RO','Romania','Romania','RO-32.png','RO-128.png',45.56450023,25.21945155,6),(134,1,'RUS','RU','Russian Federation','the Russian Federation','RU-32.png','RU-128.png',57.96812298,102.41837137,3),(135,1,'RWA','RW','Rwanda','the Republic of Rwanda','RW-32.png','RW-128.png',-1.98589079,29.94255855,8),(136,1,'KNA','KN','Saint Kitts and Nevis','Saint Kitts and Nevis','KN-32.png','KN-128.png',17.33453669,-62.76411725,12),(137,1,'LCA','LC','Saint Lucia','Saint Lucia','LC-32.png','LC-128.png',13.90938495,-60.97889500,11),(138,1,'VCT','VC','Saint Vincent and the Grenadines','Saint Vincent and the Grenadines','VC-32.png','VC-128.png',13.25276143,-61.19709800,11),(139,1,'WSM','WS','Samoa','the Independent State of Samoa','WS-32.png','WS-128.png',-13.57998954,-172.45207363,10),(140,1,'SMR','SM','San Marino','the Republic of San Marino','SM-32.png','SM-128.png',43.94223356,12.45777700,11),(141,1,'STP','ST','Sao Tome and Principe','the Democratic Republic of Sao Tome and Principe','ST-32.png','ST-128.png',0.23381910,6.59935809,10),(142,1,'SAU','SA','Saudi Arabia','the Kingdom of Saudi Arabia','SA-32.png','SA-128.png',24.16687314,42.88190638,5),(143,1,'SEN','SN','Senegal','the Republic of Senegal','SN-32.png','SN-128.png',14.43579003,-14.68306489,7),(144,1,'SRB','RS','Serbia','the Republic of Serbia','RS-32.png','RS-128.png',44.06736041,20.29725084,7),(145,1,'SYC','SC','Seychelles','the Republic of Seychelles','SC-32.png','SC-128.png',-4.68053204,55.49061371,11),(146,1,'SLE','SL','Sierra Leone','the Republic of Sierra Leone','SL-32.png','SL-128.png',8.45575589,-11.93368759,8),(147,1,'SGP','SG','Singapore','the Republic of Singapore','SG-32.png','SG-128.png',1.33873261,103.83323559,11),(148,1,'SVK','SK','Slovakia','the Slovak Republic','SK-32.png','SK-128.png',48.66923253,19.75396564,7),(149,1,'SVN','SI','Slovenia','the Republic of Slovenia','SI-32.png','SI-128.png',46.14315048,14.99546300,8),(150,1,'SLB','SB','Solomon Islands','Solomon Islands','SB-32.png','SB-128.png',-9.64554280,160.15619400,10),(151,1,'SOM','SO','Somalia','the Federal Republic of Somalia','SO-32.png','SO-128.png',2.87224619,45.27676444,7),(152,1,'ZAF','ZA','South Africa','the Republic of South Africa','ZA-32.png','ZA-128.png',-27.17706863,24.50856092,5),(153,1,'ESP','ES','Spain','the Kingdom of Spain','ES-32.png','ES-128.png',39.87299401,-3.67089492,6),(154,1,'LKA','LK','Sri Lanka','the Democratic Socialist Republic of Sri Lanka','LK-32.png','LK-128.png',7.61264985,80.83772497,7),(155,1,'SDN','SD','Sudan','the Republic of the Sudan','SD-32.png','SD-128.png',15.96646839,30.37145459,5),(156,1,'SUR','SR','Suriname','the Republic of Suriname','SR-32.png','SR-128.png',4.26470865,-55.93988238,7),(157,1,'SWZ','SZ','Swaziland','the Kingdom of Swaziland','SZ-32.png','SZ-128.png',-26.53892570,31.47960891,9),(158,1,'SWE','SE','Sweden','the Kingdom of Sweden','SE-32.png','SE-128.png',61.42370427,16.73188991,4),(159,1,'CHE','CH','Switzerland','the Swiss Confederation','CH-32.png','CH-128.png',46.81010721,8.22751200,8),(160,1,'SYR','SY','Syrian Arab Republic','the Syrian Arab Republic','SY-32.png','SY-128.png',34.71097430,38.66723516,6),(161,1,'TJK','TJ','Tajikistan','the Republic of Tajikistan','TJ-32.png','TJ-128.png',38.68075124,71.23215769,7),(162,1,'THA','TH','Thailand','the Kingdom of Thailand','TH-32.png','TH-128.png',14.60009810,101.38805881,5),(163,1,'TLS','TL','Timor-Leste','the Democratic Republic of Timor-Leste','TL-32.png','TL-128.png',-8.88926365,125.99671404,9),(164,1,'TGO','TG','Togo','the Togolese Republic','TG-32.png','TG-128.png',8.68089206,0.86049757,7),(165,1,'TON','TO','Tonga','the Kingdom of Tonga','TO-32.png','TO-128.png',-21.17890075,-175.19824200,11),(166,1,'TTO','TT','Trinidad and Tobago','the Republic of Trinidad and Tobago','TT-32.png','TT-128.png',10.43241863,-61.22250300,10),(167,1,'TUN','TN','Tunisia','the Republic of Tunisia','TN-32.png','TN-128.png',33.88431940,9.71878341,6),(168,1,'TUR','TR','Turkey','the Republic of Turkey','TR-32.png','TR-128.png',38.27069555,36.28703317,5),(169,1,'TKM','TM','Turkmenistan','Turkmenistan','TM-32.png','TM-128.png',38.94915421,59.06190323,6),(170,1,'TUV','TV','Tuvalu','Tuvalu','TV-32.png','TV-128.png',-8.45968122,179.13310944,12),(171,1,'UGA','UG','Uganda','the Republic of Uganda','UG-32.png','UG-128.png',1.54760620,32.44409759,7),(172,1,'UKR','UA','Ukraine','Ukraine','UA-32.png','UA-128.png',48.89358596,31.10516920,6),(173,1,'ARE','AE','United Arab Emirates','the United Arab Emirates','AE-32.png','AE-128.png',24.64324405,53.62261227,7),(174,1,'URY','UY','Uruguay','the Eastern Republic of Uruguay','UY-32.png','UY-128.png',-32.49342987,-55.76583300,7),(175,1,'UZB','UZ','Uzbekistan','the Republic of Uzbekistan','UZ-32.png','UZ-128.png',41.30829147,62.62970960,6),(176,1,'VUT','VU','Vanuatu','the Republic of Vanuatu','VU-32.png','VU-128.png',-15.37256614,166.95916000,8),(177,1,'VNM','VN','Viet Nam','the Socialist Republic of Viet Nam','VN-32.png','VN-128.png',17.19931699,107.14012804,5),(178,1,'YEM','YE','Yemen','the Republic of Yemen','YE-32.png','YE-128.png',15.60865453,47.60453676,6),(179,1,'ZMB','ZM','Zambia','the Republic of Zambia','ZM-32.png','ZM-128.png',-13.01812188,28.33274444,6),(180,1,'ZWE','ZW','Zimbabwe','the Republic of Zimbabwe','ZW-32.png','ZW-128.png',-19.00784952,30.18758584,6),(181,1,'COK','CK','Cook Islands','the Cook Islands','CK-32.png','CK-128.png',-21.23673066,-159.77766900,13),(182,1,'BOL','BO','Bolivia (Plurinational State of)','the Plurinational State of Bolivia','BO-32.png','BO-128.png',-16.74518128,-65.19265691,6),(183,1,'COD','CD','Democratic Republic of the Congo','the Democratic Republic of the Congo','CD-32.png','CD-128.png',-4.05373938,23.01110741,5),(184,1,'EUR','EU','European Union','European Union','EU-32.png','EU-128.png',48.76380654,14.26843140,3),(185,1,'FSM','FM','Micronesia (Federated States of)','the Federated States of Micronesia','FM-32.png','FM-128.png',6.88747377,158.21507170,12),(186,1,'GBR','GB','United Kingdom','the United Kingdom of Great Britain and Northern Ireland','GB-32.png','GB-128.png',53.36540813,-2.72184767,6),(187,1,'IRN','IR','Iran (Islamic Republic of)','the Islamic Republic of Iran','IR-32.png','IR-128.png',31.40240324,51.28204814,5),(188,1,'PRK','KP','Democratic People\'s Republic of Korea','the Democratic People\'s Republic of Korea','KP-32.png','KP-128.png',40.00785500,127.48812834,6),(189,1,'KOR','KR','Republic of Korea','the Republic of Korea','KR-32.png','KR-128.png',36.56344139,127.51424646,7),(190,1,'MDA','MD','Republic of Moldova','the Republic of Moldova','MD-32.png','MD-128.png',47.10710437,28.54018109,7),(191,1,'MKD','MK','The former Yugoslav Republic of Macedonia','The former Yugoslav Republic of Macedonia','MK-32.png','MK-128.png',41.60059479,21.74527900,8),(192,1,'NIU','NU','Niue','Niue','NU-32.png','NU-128.png',-19.04976362,-169.86585571,11),(193,1,'TZA','TZ','United Republic of Tanzania','the United Republic of Tanzania','TZ-32.png','TZ-128.png',-6.37551085,34.85587302,6),(194,1,'VEN','VE','Venezuela (Bolivarian Republic of)','the Bolivarian Republic of Venezuela','VE-32.png','VE-128.png',5.98477766,-65.94152264,6),(195,1,'AIA','AI','Anguilla','Anguilla','AI-32.png','AI-128.png',18.22053521,-63.06861300,12),(196,1,'ATA','AQ','Antarctica','Antarctica','AQ-32.png','AQ-128.png',-45.13806295,10.48095703,2),(197,1,'ASM','AS','American Samoa','The United States Territory of American Samoa','AS-32.png','AS-128.png',-14.30634641,-170.69501750,11),(198,1,'ABW','AW','Aruba','Aruba of the Kingdom of the Netherlands','AW-32.png','AW-128.png',12.52109661,-69.96833800,12),(199,1,'ALA','AX','Åland Islands','Åland Islands','AX-32.png','AX-128.png',60.25403213,20.35918350,9),(200,1,'BLM','BL','Saint Barthélemy','Territorial collectivity of Saint Barthélemy','BL-32.png','BL-128.png',17.90042417,-62.83376215,13),(201,1,'BMU','BM','Bermuda','the Bermudas','BM-32.png','BM-128.png',32.31995785,-64.76182765,12),(202,1,'BES','BQ','Bonaire, Saint Eustatius And Saba','Bonaire, Saint Eustatius and Saba','BQ-32.png','BQ-128.png',12.17229702,-68.28831170,11),(203,1,'BVT','BV','Bouvet Island','Bouvet Island','BV-32.png','BV-128.png',-54.42316906,3.41319600,12),(204,1,'CCK','CC','Cocos (Keeling) Islands','Territory of Cocos (Keeling) Islands','CC-32.png','CC-128.png',-12.12890685,96.84689104,12),(205,1,'CUW','CW','Curaçao','Curaçao','CW-32.png','CW-128.png',12.20710309,-69.02160369,11),(206,1,'CXR','CX','Christmas Island','Territory of Christmas Island','CX-32.png','CX-128.png',-10.49170619,105.68083796,11),(207,1,'ESH','EH','Western Sahara','Western Sahara','EH-32.png','EH-128.png',24.79324356,-13.67683563,6),(208,1,'FLK','FK','Falkland Islands (Malvinas)','Falkland Islands','FK-32.png','FK-128.png',-51.78838251,-59.52361100,8),(209,1,'FRO','FO','Faroe Islands (Associate Member)','Faroe Islands','FO-32.png','FO-128.png',61.88590482,-6.91180400,8),(210,1,'GUF','GF','French Guiana','French Guiana','GF-32.png','GF-128.png',4.01114381,-52.97746057,7),(211,1,'GGY','GG','Guernsey','Bailiwick of Guernsey','GG-32.png','GG-128.png',49.46565975,-2.58527200,12),(212,1,'GIB','GI','Gibraltar','Gibraltar','GI-32.png','GI-128.png',36.14864641,-5.34404779,12),(213,1,'GRL','GL','Greenland','Greenland','GL-32.png','GL-128.png',71.42932629,-34.38651956,3),(214,1,'GLP','GP','Guadeloupe','Department of Guadeloupe','GP-32.png','GP-128.png',16.26472785,-61.55099400,10),(215,1,'SGS','GS','South Georgia and the South Sandwich Islands','South Georgia and the South Sandwich Islands','GS-32.png','GS-128.png',-54.38130284,-36.67305304,9),(216,1,'GUM','GU','Guam','Territory of Guam','GU-32.png','GU-128.png',13.44410137,144.80747791,10),(217,1,'HKG','HK','Hong Kong','Hong Kong Special Administrative Region of the People\'s Republic','HK-32.png','HK-128.png',22.33728531,114.14657786,11),(218,1,'HMD','HM','Heard Island And McDonald Islands','Heard and McDonald Islands','HM-32.png','HM-128.png',-53.08168847,73.50415800,11),(219,1,'IMN','IM','Isle of Man','The Isle of Man','IM-32.png','IM-128.png',54.23562697,-4.54805400,10),(220,1,'IOT','IO','British Indian Ocean Territory','The British Indian Ocean Territory','IO-32.png','IO-128.png',-7.33461519,72.42425280,12),(221,1,'JEY','JE','Jersey','Bailiwick of Jersey','JE-32.png','JE-128.png',49.21440771,-2.13124600,12),(222,1,'CYM','KY','Cayman Islands','The Cayman Islands','KY-32.png','KY-128.png',19.31322102,-81.25459800,11),(223,1,'MAF','MF','Saint Martin','Saint Martin','MF-32.png','MF-128.png',18.07637107,-63.05019106,12),(224,1,'MAC','MO','Macao','Macau Special Administrative Region','MO-32.png','MO-128.png',22.19872287,113.54387700,12),(225,1,'MNP','MP','Northern Mariana Islands','Commonwealth of the Northern Mariana Islands','MP-32.png','MP-128.png',15.09783636,145.67390000,11),(226,1,'MTQ','MQ','Martinique','Department of Martinique','MQ-32.png','MQ-128.png',14.64128045,-61.02417600,10),(227,1,'MSR','MS','Montserrat','Montserrat','MS-32.png','MS-128.png',16.74774077,-62.18736600,12),(228,1,'NCL','NC','New Caledonia','Territory of New Caledonia and Dependencies','NC-32.png','NC-128.png',-21.26104020,165.58783760,8),(229,1,'NFK','NF','Norfolk Island','Norfolk Islands','NF-32.png','NF-128.png',-29.02801043,167.94303023,13),(230,1,'PYF','PF','French Polynesia','Territory of French Polynesia','PF-32.png','PF-128.png',-17.66243898,-149.40683900,10),(231,1,'SPM','PM','Saint Pierre and Miquelon','Saint Pierre and Miquelon','PM-32.png','PM-128.png',46.88469499,-56.31590200,10),(232,1,'PCN','PN','Pitcairn Islands','Pitcairn Group of Islands','PN-32.png','PN-128.png',-24.37673925,-128.32423730,13),(233,1,'PRI','PR','Puerto Rico','Commonwealth of Puerto Rico','PR-32.png','PR-128.png',18.21963053,-66.59015100,9),(234,1,'PSE','PS','Palestinian Territory, Occupied','the Occupied Palestinian Territory','PS-32.png','PS-128.png',32.26367103,35.21936714,8),(235,1,'REU','RE','Réunion','Department of Reunion','RE-32.png','RE-128.png',-21.11480084,55.53638200,10),(236,1,'SHN','SH','Saint Helena, Ascension and Tristan da Cunha','Saint Helena, Ascension and Tristan da Cunha','SH-32.png','SH-128.png',-37.10521846,-12.27768580,12),(237,1,'SJM','SJ','Svalbard and Jan Mayen','Svalbard and Jan Mayen','SJ-32.png','SJ-128.png',77.92215764,18.99010622,4),(238,1,'SXM','SX','Sint Maarten','Sint Maarten','SX-32.png','SX-128.png',18.04433885,-63.05616320,12),(239,1,'TCA','TC','Turks and Caicos Islands','Turks and Caicos Islands','TC-32.png','TC-128.png',21.72816866,-71.79654471,9),(240,1,'ATF','TF','French Southern and Antarctic Lands','Territory of the French Southern and Antarctic Lands','TF-32.png','TF-128.png',-49.27235903,69.34856300,8),(241,1,'TKL','TK','Tokelau (Associate Member)','Tokelau','TK-32.png','TK-128.png',-9.16682644,-171.83981693,10),(242,1,'TWN','TW','Taiwan','Republic of China','TW-32.png','TW-128.png',23.71891402,121.10884043,7),(243,1,'UMI','UM','United States Minor Outlying Islands','United States Minor Outlying Islands','UM-32.png','UM-128.png',19.46305694,177.98631092,5),(244,1,'USA','US','United States of America','the United States of America','US-32.png','US-128.png',37.66895362,-102.39256450,4),(245,1,'VAT','VA','Holy See','Holy see','VA-32.png','VA-128.png',41.90377810,12.45340142,16),(246,1,'VGB','VG','Virgin Islands','British Virgin Islands','VG-32.png','VG-128.png',17.67004187,-64.77411010,10),(247,1,'VIR','VI','United States Virgin Islands','Virgin Islands of the United States','VI-32.png','VI-128.png',18.01000938,-64.77411410,9),(248,1,'WLF','WF','Wallis and Futuna','Territory of the Wallis and Futuna Islands','WF-32.png','WF-128.png',-14.29378486,-178.11649800,12),(249,1,'MYT','YT','Mayotte','Overseas Department of Mayotte','YT-32.png','YT-128.png',-12.82744522,45.16624200,11),(250,1,'SSD','SS','South Sudan','the Republic of South Sudan','SS-32.png','SS-128.png',7.91320803,30.15342434,6);
/*!40000 ALTER TABLE `country` ENABLE KEYS */;
UNLOCK TABLES;

--
-- Table structure for table `country_name`
--

DROP TABLE IF EXISTS `country_name`;
/*!40101 SET @saved_cs_client     = @@character_set_client */;
/*!40101 SET character_set_client = utf8 */;
CREATE TABLE `country_name` (
  `id` int(11) unsigned NOT NULL AUTO_INCREMENT,
  `country_id` int(11) unsigned NOT NULL,
  `language` varchar(5) NOT NULL DEFAULT '' COMMENT 'Language code (ie. pt-pt)',
  `name` varchar(255) DEFAULT NULL,
  `name_official` varchar(255) DEFAULT NULL,
  `source` varchar(255) DEFAULT NULL COMMENT 'Data source',
  PRIMARY KEY (`id`),
  UNIQUE KEY `UNIQUE_country_language` (`country_id`,`language`),
  KEY `fk_country_name_country_idx` (`country_id`),
  CONSTRAINT `fk_country_name__country` FOREIGN KEY (`country_id`) REFERENCES `country` (`id`) ON DELETE NO ACTION ON UPDATE NO ACTION
) ENGINE=InnoDB AUTO_INCREMENT=1457 DEFAULT CHARSET=utf8;
/*!40101 SET character_set_client = @saved_cs_client */;

--
-- Dumping data for table `country_name`
--

LOCK TABLES `country_name` WRITE;
/*!40000 ALTER TABLE `country_name` DISABLE KEYS */;
INSERT INTO `country_name` VALUES (1,1,'ar','أفغانستان','جمهورية أفغانستان الإسلامية','http://termportal.fao.org/faonocs/appl/'),(2,1,'en','Afghanistan','The Islamic Republic of Afghanistan','http://termportal.fao.org/faonocs/appl/'),(3,1,'es','Afganistán','la República Islámica del Afganistán','http://termportal.fao.org/faonocs/appl/'),(4,1,'fr','Afghanistan','la République islamique d\'Afghanistan','http://termportal.fao.org/faonocs/appl/'),(5,1,'it','Afghanistan','Repubblica Islamica di Afghanistan','http://termportal.fao.org/faonocs/appl/'),(6,1,'zh','阿富汗','阿富汗伊斯兰共和国','http://termportal.fao.org/faonocs/appl/'),(7,1,'ru','Афганистан','Исламская Республика Афганистан','http://termportal.fao.org/faonocs/appl/'),(8,5,'ar','أنغولا','أنغولا جمهورية','http://termportal.fao.org/faonocs/appl/'),(9,5,'en','Angola','the Republic of Angola','http://termportal.fao.org/faonocs/appl/'),(10,5,'es','Angola','la República de Angola','http://termportal.fao.org/faonocs/appl/'),(11,5,'fr','Angola','la République d\'Angola','http://termportal.fao.org/faonocs/appl/'),(12,5,'it','Angola','Repubblica d\'Angola','http://termportal.fao.org/faonocs/appl/'),(13,5,'zh','安哥拉','安哥拉共和国','http://termportal.fao.org/faonocs/appl/'),(14,5,'ru','Ангола','Республика Ангола','http://termportal.fao.org/faonocs/appl/'),(15,2,'ar','ألبانيا','ألبانيا جمهورية','http://termportal.fao.org/faonocs/appl/'),(16,2,'en','Albania','the Republic of Albania','http://termportal.fao.org/faonocs/appl/'),(17,2,'es','Albania','la República de Albania','http://termportal.fao.org/faonocs/appl/'),(18,2,'fr','Albanie','la République d\'Albanie','http://termportal.fao.org/faonocs/appl/'),(19,2,'it','Albania','Repubblica d\'Albania','http://termportal.fao.org/faonocs/appl/'),(20,2,'zh','阿尔巴尼亚','阿尔巴尼亚共和国','http://termportal.fao.org/faonocs/appl/'),(21,2,'ru','Албания','Республика Албания','http://termportal.fao.org/faonocs/appl/'),(22,4,'ar','أندورا','أندورا إمارة','http://termportal.fao.org/faonocs/appl/'),(23,4,'en','Andorra','the Principality of Andorra','http://termportal.fao.org/faonocs/appl/'),(24,4,'es','Andorra','el Principado de Andorra','http://termportal.fao.org/faonocs/appl/'),(25,4,'fr','Andorre','la Principauté d\'Andorre','http://termportal.fao.org/faonocs/appl/'),(26,4,'it','Andorra','Principato d\'Andorra','http://termportal.fao.org/faonocs/appl/'),(27,4,'zh','安道尔','安道尔公国','http://termportal.fao.org/faonocs/appl/'),(28,4,'ru','Андорра','Княжество Андорра','http://termportal.fao.org/faonocs/appl/'),(29,173,'ar','المتحدة العربية الإمارات','المتحدة العربية الإمارات','http://termportal.fao.org/faonocs/appl/'),(30,173,'en','United Arab Emirates','the United Arab Emirates','http://termportal.fao.org/faonocs/appl/'),(31,173,'es','Emiratos Árabes Unidos','los Emiratos Árabes Unidos','http://termportal.fao.org/faonocs/appl/'),(32,173,'fr','Émirats arabes unis','les Émirats arabes unis','http://termportal.fao.org/faonocs/appl/'),(33,173,'it','Emirati arabi uniti','Emirati arabi uniti','http://termportal.fao.org/faonocs/appl/'),(34,173,'zh','阿拉伯联合酋长国','阿拉伯联合酋长国','http://termportal.fao.org/faonocs/appl/'),(35,173,'ru','Объединенные Арабские Эмираты','Объединенные Арабские Эмираты','http://termportal.fao.org/faonocs/appl/'),(36,7,'ar','الأرجنتين','جمهورية الأرجنتين','http://termportal.fao.org/faonocs/appl/'),(37,7,'en','Argentina','the Argentine Republic','http://termportal.fao.org/faonocs/appl/'),(38,7,'es','Argentina','la República Argentina','http://termportal.fao.org/faonocs/appl/'),(39,7,'fr','Argentine','la République argentine','http://termportal.fao.org/faonocs/appl/'),(40,7,'it','Argentina','Repubblica argentina','http://termportal.fao.org/faonocs/appl/'),(41,7,'zh','阿根廷','阿根廷共和国','http://termportal.fao.org/faonocs/appl/'),(42,7,'ru','Аргентина','Аргентинская Республика','http://termportal.fao.org/faonocs/appl/'),(43,8,'ar','أرمينيا','أرمينيا جمهورية','http://termportal.fao.org/faonocs/appl/'),(44,8,'en','Armenia','the Republic of Armenia','http://termportal.fao.org/faonocs/appl/'),(45,8,'es','Armenia','la República de Armenia','http://termportal.fao.org/faonocs/appl/'),(46,8,'fr','Arménie','la République d\'Arménie','http://termportal.fao.org/faonocs/appl/'),(47,8,'it','Armenia','Repubblica d\'Armenia','http://termportal.fao.org/faonocs/appl/'),(48,8,'zh','亚美尼亚','亚美尼亚共和国','http://termportal.fao.org/faonocs/appl/'),(49,8,'ru','Армения','Республика Армения','http://termportal.fao.org/faonocs/appl/'),(50,6,'ar','أنتيغوا وبربودا','أنتيغوا وبربودا','http://termportal.fao.org/faonocs/appl/'),(51,6,'en','Antigua and Barbuda','Antigua and Barbuda','http://termportal.fao.org/faonocs/appl/'),(52,6,'es','Antigua y Barbuda','Antigua y Barbuda','http://termportal.fao.org/faonocs/appl/'),(53,6,'fr','Antigua-et-Barbuda','Antigua-et-Barbuda','http://termportal.fao.org/faonocs/appl/'),(54,6,'it','Antigua e Barbuda','Antigua e Barbuda','http://termportal.fao.org/faonocs/appl/'),(55,6,'zh','安提瓜和巴布达','安提瓜和巴布达','http://termportal.fao.org/faonocs/appl/'),(56,6,'ru','Антигуа и Барбуда','Антигуа и Барбуда','http://termportal.fao.org/faonocs/appl/'),(57,9,'ar','أستراليا','أستراليا','http://termportal.fao.org/faonocs/appl/'),(58,9,'en','Australia','Australia','http://termportal.fao.org/faonocs/appl/'),(59,9,'es','Australia','Australia','http://termportal.fao.org/faonocs/appl/'),(60,9,'fr','Australie','l\'Australie','http://termportal.fao.org/faonocs/appl/'),(61,9,'it','Australia','Australia','http://termportal.fao.org/faonocs/appl/'),(62,9,'zh','澳大利亚','澳大利亚','http://termportal.fao.org/faonocs/appl/'),(63,9,'ru','Австралия','Австралия','http://termportal.fao.org/faonocs/appl/'),(64,10,'ar','النمسا','النمسا جمهورية','http://termportal.fao.org/faonocs/appl/'),(65,10,'en','Austria','the Republic of Austria','http://termportal.fao.org/faonocs/appl/'),(66,10,'es','Austria','la República de Austria','http://termportal.fao.org/faonocs/appl/'),(67,10,'fr','Autriche','la République d\'Autriche','http://termportal.fao.org/faonocs/appl/'),(68,10,'it','Austria','Repubblica d\'Austria','http://termportal.fao.org/faonocs/appl/'),(69,10,'zh','奥地利','奥地利共和国','http://termportal.fao.org/faonocs/appl/'),(70,10,'ru','Австрия','Австрийская Республика','http://termportal.fao.org/faonocs/appl/'),(71,11,'ar','أذربيجان','الجمهورية الأذربيجانية','http://termportal.fao.org/faonocs/appl/'),(72,11,'en','Azerbaijan','the Republic of Azerbaijan','http://termportal.fao.org/faonocs/appl/'),(73,11,'es','Azerbaiyán','la República de Azerbaiyán','http://termportal.fao.org/faonocs/appl/'),(74,11,'fr','Azerbaïdjan','la République d\'Azerbaïdjan','http://termportal.fao.org/faonocs/appl/'),(75,11,'it','Azerbaigian','Repubblica dell\'Azerbaigian','http://termportal.fao.org/faonocs/appl/'),(76,11,'zh','阿塞拜疆','阿塞拜疆共和国','http://termportal.fao.org/faonocs/appl/'),(77,11,'ru','Азербайджан','Азербайджанская Республика','http://termportal.fao.org/faonocs/appl/'),(78,27,'ar','بوروندي','جمهورية بوروندي','http://termportal.fao.org/faonocs/appl/'),(79,27,'en','Burundi','the Republic of Burundi','http://termportal.fao.org/faonocs/appl/'),(80,27,'es','Burundi','la República de Burundi','http://termportal.fao.org/faonocs/appl/'),(81,27,'fr','Burundi','la République du Burundi','http://termportal.fao.org/faonocs/appl/'),(82,27,'it','Burundi','Repubblica del Burundi','http://termportal.fao.org/faonocs/appl/'),(83,27,'zh','布隆迪','布隆迪共和国','http://termportal.fao.org/faonocs/appl/'),(84,27,'ru','Бурунди','Республика Бурунди','http://termportal.fao.org/faonocs/appl/'),(85,17,'ar','بلجيكا','بلجيكا مملكة','http://termportal.fao.org/faonocs/appl/'),(86,17,'en','Belgium','the Kingdom of Belgium','http://termportal.fao.org/faonocs/appl/'),(87,17,'es','Bélgica','el Reino de Bélgica','http://termportal.fao.org/faonocs/appl/'),(88,17,'fr','Belgique','le Royaume de Belgique','http://termportal.fao.org/faonocs/appl/'),(89,17,'it','Belgio','Regno del Belgio','http://termportal.fao.org/faonocs/appl/'),(90,17,'zh','比利时','比利时王国','http://termportal.fao.org/faonocs/appl/'),(91,17,'ru','Бельгия','Королевство Бельгия','http://termportal.fao.org/faonocs/appl/'),(92,19,'ar','بنن','جمهورية بنن','http://termportal.fao.org/faonocs/appl/'),(93,19,'en','Benin','the Republic of Benin','http://termportal.fao.org/faonocs/appl/'),(94,19,'es','Benin','la República de Benin','http://termportal.fao.org/faonocs/appl/'),(95,19,'fr','Bénin','la République du Bénin','http://termportal.fao.org/faonocs/appl/'),(96,19,'it','Benin','Repubblica del Benin','http://termportal.fao.org/faonocs/appl/'),(97,19,'zh','贝 宁','贝宁共和国','http://termportal.fao.org/faonocs/appl/'),(98,19,'ru','Бенин','Республика Бенин','http://termportal.fao.org/faonocs/appl/'),(99,26,'ar','بوركينا فاسو','بوركينا فاسو','http://termportal.fao.org/faonocs/appl/'),(100,26,'en','Burkina Faso','Burkina Faso','http://termportal.fao.org/faonocs/appl/'),(101,26,'es','Burkina Faso','Burkina Faso','http://termportal.fao.org/faonocs/appl/'),(102,26,'fr','Burkina Faso','le Burkina Faso','http://termportal.fao.org/faonocs/appl/'),(103,26,'it','Burkina Faso','Burkina Faso','http://termportal.fao.org/faonocs/appl/'),(104,26,'zh','布基纳法索','布基纳法索','http://termportal.fao.org/faonocs/appl/'),(105,26,'ru','Буркина-Фасо','Буркина-Фасо','http://termportal.fao.org/faonocs/appl/'),(106,14,'ar','بنغلاديش','الشعبية بنغلاديش جمهورية','http://termportal.fao.org/faonocs/appl/'),(107,14,'en','Bangladesh','the People\'s Republic of Bangladesh','http://termportal.fao.org/faonocs/appl/'),(108,14,'es','Bangladesh','la República Popular de Bangladesh','http://termportal.fao.org/faonocs/appl/'),(109,14,'fr','Bangladesh','la République populaire du Bangladesh','http://termportal.fao.org/faonocs/appl/'),(110,14,'it','Bangladesh','Repubblica popolare del Bangladesh','http://termportal.fao.org/faonocs/appl/'),(111,14,'zh','孟加拉国','孟加拉人民共和国','http://termportal.fao.org/faonocs/appl/'),(112,14,'ru','Бангладеш','Народная Республика Бангладеш','http://termportal.fao.org/faonocs/appl/'),(113,25,'ar','بلغاريا','جمهورية بلغاريا','http://termportal.fao.org/faonocs/appl/'),(114,25,'en','Bulgaria','the Republic of Bulgaria','http://termportal.fao.org/faonocs/appl/'),(115,25,'es','Bulgaria','la República de Bulgaria','http://termportal.fao.org/faonocs/appl/'),(116,25,'fr','Bulgarie','la République de Bulgarie','http://termportal.fao.org/faonocs/appl/'),(117,25,'it','Bulgaria','Repubblica di Bulgaria','http://termportal.fao.org/faonocs/appl/'),(118,25,'zh','保加利亚','保加利亚共和国','http://termportal.fao.org/faonocs/appl/'),(119,25,'ru','Болгария','Республика Болгария','http://termportal.fao.org/faonocs/appl/'),(120,13,'ar','البحرين','مملكة البحرين','http://termportal.fao.org/faonocs/appl/'),(121,13,'en','Bahrain','the Kingdom of Bahrain','http://termportal.fao.org/faonocs/appl/'),(122,13,'es','Bahrein','el Reino de Bahrein','http://termportal.fao.org/faonocs/appl/'),(123,13,'fr','Bahreïn','le Royaume de Bahreïn','http://termportal.fao.org/faonocs/appl/'),(124,13,'it','Bahrein','Regno del Bahrein','http://termportal.fao.org/faonocs/appl/'),(125,13,'zh','巴 林','巴林王国','http://termportal.fao.org/faonocs/appl/'),(126,13,'ru','Бахрейн','Королевство Бахрейн','http://termportal.fao.org/faonocs/appl/'),(127,12,'ar','البهاما جزر','البهاما جزر كمنولث','http://termportal.fao.org/faonocs/appl/'),(128,12,'en','Bahamas','the Commonwealth of the Bahamas','http://termportal.fao.org/faonocs/appl/'),(129,12,'es','Bahamas','el Commonwealth de las Bahamas','http://termportal.fao.org/faonocs/appl/'),(130,12,'fr','Bahamas','le Commonwealth des Bahamas','http://termportal.fao.org/faonocs/appl/'),(131,12,'it','Bahamas','Commonwealth delle Bahamas','http://termportal.fao.org/faonocs/appl/'),(132,12,'zh','巴哈马','巴哈马国','http://termportal.fao.org/faonocs/appl/'),(133,12,'ru','Багамские Острова','Содружество Багамских Островов','http://termportal.fao.org/faonocs/appl/'),(134,21,'ar','والهرسك البوسنة','والهرسك البوسنة','http://termportal.fao.org/faonocs/appl/'),(135,21,'en','Bosnia and Herzegovina','Bosnia and Herzegovina','http://termportal.fao.org/faonocs/appl/'),(136,21,'es','Bosnia y Herzegovina','Bosnia y Herzegovina','http://termportal.fao.org/faonocs/appl/'),(137,21,'fr','Bosnie-Herzégovine','la Bosnie-Herzégovine','http://termportal.fao.org/faonocs/appl/'),(138,21,'it','Bosnia-Erzegovina','Bosnia-Erzegovina','http://termportal.fao.org/faonocs/appl/'),(139,21,'zh','波斯尼亚和黑塞哥维那','波斯尼亚和黑塞哥维那','http://termportal.fao.org/faonocs/appl/'),(140,21,'ru','Босния и Герцеговина','Босния и Герцеговина','http://termportal.fao.org/faonocs/appl/'),(141,16,'ar','بيلاروس','بيلاروس جمهورية','http://termportal.fao.org/faonocs/appl/'),(142,16,'en','Belarus','the Republic of Belarus','http://termportal.fao.org/faonocs/appl/'),(143,16,'es','Belarús','la República de Belarús','http://termportal.fao.org/faonocs/appl/'),(144,16,'fr','Bélarus','la République du Bélarus','http://termportal.fao.org/faonocs/appl/'),(145,16,'it','Bielorussia','Repubblica di Bielorussia','http://termportal.fao.org/faonocs/appl/'),(146,16,'zh','白俄罗斯','白俄罗斯共和国','http://termportal.fao.org/faonocs/appl/'),(147,16,'ru','Беларусь','Республика Беларусь','http://termportal.fao.org/faonocs/appl/'),(148,18,'ar','بليز','بليز','http://termportal.fao.org/faonocs/appl/'),(149,18,'en','Belize','Belize','http://termportal.fao.org/faonocs/appl/'),(150,18,'es','Belice','Belice','http://termportal.fao.org/faonocs/appl/'),(151,18,'fr','Belize','le Belize','http://termportal.fao.org/faonocs/appl/'),(152,18,'it','Belize','Belize','http://termportal.fao.org/faonocs/appl/'),(153,18,'zh','伯利兹','伯利兹','http://termportal.fao.org/faonocs/appl/'),(154,18,'ru','Белиз','Белиз','http://termportal.fao.org/faonocs/appl/'),(155,182,'ar','بوليفيا - دولة - المتعددة القوميات','دولة بوليفيا المتعددة القوميات','http://termportal.fao.org/faonocs/appl/'),(156,182,'en','Bolivia (Plurinational State of)','the Plurinational State of Bolivia','http://termportal.fao.org/faonocs/appl/'),(157,182,'es','Bolivia (Estado Plurinacional de)','Estado Plurinacional de Bolivia','http://termportal.fao.org/faonocs/appl/'),(158,182,'fr','Bolivie (État plurinational de)','l\'État plurinational de Bolivie','http://termportal.fao.org/faonocs/appl/'),(159,182,'it','Bolivia (Stato plurinazionale della)','Stato plurinazionale della Bolivia','http://termportal.fao.org/faonocs/appl/'),(160,182,'zh','玻利维亚（多民族国）','玻利维亚多民族国','http://termportal.fao.org/faonocs/appl/'),(161,182,'ru','Боливия (Многонациональное Государство)','Многонациональное Государство Боливия','http://termportal.fao.org/faonocs/appl/'),(162,23,'ar','البرازيل','الجمهورية الاتحادية البرازيلية','http://termportal.fao.org/faonocs/appl/'),(163,23,'en','Brazil','the Federative Republic of Brazil','http://termportal.fao.org/faonocs/appl/'),(164,23,'es','Brasil','la República Federativa del Brasil','http://termportal.fao.org/faonocs/appl/'),(165,23,'fr','Brésil','la République fédérative du Brésil','http://termportal.fao.org/faonocs/appl/'),(166,23,'it','Brasile','Repubblica federativa del Brasile','http://termportal.fao.org/faonocs/appl/'),(167,23,'zh','巴 西','巴西联邦共和国','http://termportal.fao.org/faonocs/appl/'),(168,23,'ru','Бразилия','Федеративная Республика Бразилия','http://termportal.fao.org/faonocs/appl/'),(169,15,'ar','بربادوس','بربادوس','http://termportal.fao.org/faonocs/appl/'),(170,15,'en','Barbados','Barbados','http://termportal.fao.org/faonocs/appl/'),(171,15,'es','Barbados','Barbados','http://termportal.fao.org/faonocs/appl/'),(172,15,'fr','Barbade','la Barbade','http://termportal.fao.org/faonocs/appl/'),(173,15,'it','Barbados','Barbados','http://termportal.fao.org/faonocs/appl/'),(174,15,'zh','巴巴多斯','巴巴多斯','http://termportal.fao.org/faonocs/appl/'),(175,15,'ru','Барбадос','Барбадос','http://termportal.fao.org/faonocs/appl/'),(176,24,'ar','السلام دار برونى','السلام دار بروني','http://termportal.fao.org/faonocs/appl/'),(177,24,'en','Brunei Darussalam','Brunei Darussalam','http://termportal.fao.org/faonocs/appl/'),(178,24,'es','Brunei Darussalam','Brunei Darussalam','http://termportal.fao.org/faonocs/appl/'),(179,24,'fr','Brunéi Darussalam','le Brunéi Darussalam','http://termportal.fao.org/faonocs/appl/'),(180,24,'it','Brunei','Stato di Brunei Darussalam','http://termportal.fao.org/faonocs/appl/'),(181,24,'zh','文莱达鲁萨兰国','文莱达鲁萨兰国','http://termportal.fao.org/faonocs/appl/'),(182,24,'ru','Бруней-Даруссалам','Бруней-Даруссалам','http://termportal.fao.org/faonocs/appl/'),(183,20,'ar','بوتان','بوتان مملكة','http://termportal.fao.org/faonocs/appl/'),(184,20,'en','Bhutan','the Kingdom of Bhutan','http://termportal.fao.org/faonocs/appl/'),(185,20,'es','Bhután','el Reino de Bhután','http://termportal.fao.org/faonocs/appl/'),(186,20,'fr','Bhoutan','le Royaume du Bhoutan','http://termportal.fao.org/faonocs/appl/'),(187,20,'it','Bhutan','Regno del Bhutan','http://termportal.fao.org/faonocs/appl/'),(188,20,'zh','不 丹','不丹王国','http://termportal.fao.org/faonocs/appl/'),(189,20,'ru','Бутан','Королевство Бутан','http://termportal.fao.org/faonocs/appl/'),(190,22,'ar','بوتسوانا','بوتسوانا جمهورية','http://termportal.fao.org/faonocs/appl/'),(191,22,'en','Botswana','the Republic of Botswana','http://termportal.fao.org/faonocs/appl/'),(192,22,'es','Botswana','la República de Botswana','http://termportal.fao.org/faonocs/appl/'),(193,22,'fr','Botswana','la République du Botswana','http://termportal.fao.org/faonocs/appl/'),(194,22,'it','Botswana','Repubblica del Botswana','http://termportal.fao.org/faonocs/appl/'),(195,22,'zh','博茨瓦纳','博茨瓦纳共和国','http://termportal.fao.org/faonocs/appl/'),(196,22,'ru','Ботсвана','Республика Ботсвана','http://termportal.fao.org/faonocs/appl/'),(197,32,'ar','الوسطى أفريقيا جمهورية','الوسطى أفريقيا جمهورية','http://termportal.fao.org/faonocs/appl/'),(198,32,'en','Central African Republic','the Central African Republic','http://termportal.fao.org/faonocs/appl/'),(199,32,'es','República Centroafricana','la República Centroafricana','http://termportal.fao.org/faonocs/appl/'),(200,32,'fr','République centrafricaine','la République centrafricaine','http://termportal.fao.org/faonocs/appl/'),(201,32,'it','Repubblica centrafricana','Repubblica centrafricana','http://termportal.fao.org/faonocs/appl/'),(202,32,'zh','中非共和国','中非共和国','http://termportal.fao.org/faonocs/appl/'),(203,32,'ru','Центральноафриканская Республика','Центральноафриканская Республика','http://termportal.fao.org/faonocs/appl/'),(204,30,'ar','كندا','كندا','http://termportal.fao.org/faonocs/appl/'),(205,30,'en','Canada','Canada','http://termportal.fao.org/faonocs/appl/'),(206,30,'es','Canadá','el Canadá','http://termportal.fao.org/faonocs/appl/'),(207,30,'fr','Canada','le Canada','http://termportal.fao.org/faonocs/appl/'),(208,30,'it','Canada','Canada','http://termportal.fao.org/faonocs/appl/'),(209,30,'zh','加拿大','加拿大','http://termportal.fao.org/faonocs/appl/'),(210,30,'ru','Канада','Канада','http://termportal.fao.org/faonocs/appl/'),(211,159,'ar','سويسرا','الاتحاد السويسري','http://termportal.fao.org/faonocs/appl/'),(212,159,'en','Switzerland','the Swiss Confederation','http://termportal.fao.org/faonocs/appl/'),(213,159,'es','Suiza','la Confederación Suiza','http://termportal.fao.org/faonocs/appl/'),(214,159,'fr','Suisse','la Confédération suisse','http://termportal.fao.org/faonocs/appl/'),(215,159,'it','Svizzera','Confederazione svizzera','http://termportal.fao.org/faonocs/appl/'),(216,159,'zh','瑞 士','瑞士联邦','http://termportal.fao.org/faonocs/appl/'),(217,159,'ru','Швейцария','Швейцарская Конфедерация','http://termportal.fao.org/faonocs/appl/'),(218,34,'ar','شيلى','جمهورية شيلى','http://termportal.fao.org/faonocs/appl/'),(219,34,'en','Chile','the Republic of Chile','http://termportal.fao.org/faonocs/appl/'),(220,34,'es','Chile','la República de Chile','http://termportal.fao.org/faonocs/appl/'),(221,34,'fr','Chili','la République du Chili','http://termportal.fao.org/faonocs/appl/'),(222,34,'it','Cile','Repubblica del Cile','http://termportal.fao.org/faonocs/appl/'),(223,34,'zh','智 利','智利共和国','http://termportal.fao.org/faonocs/appl/'),(224,34,'ru','Чили','Республика Чили','http://termportal.fao.org/faonocs/appl/'),(225,35,'ar','الصين','الشعبية الصين جمهورية','http://termportal.fao.org/faonocs/appl/'),(226,35,'en','China','the People\'s Republic of China','http://termportal.fao.org/faonocs/appl/'),(227,35,'es','China','la República Popular China','http://termportal.fao.org/faonocs/appl/'),(228,35,'fr','Chine','la République populaire de Chine','http://termportal.fao.org/faonocs/appl/'),(229,35,'it','Cina','Repubblica popolare cinese','http://termportal.fao.org/faonocs/appl/'),(230,35,'zh','中 国','中华人民共和国','http://termportal.fao.org/faonocs/appl/'),(231,35,'ru','Китай','Китайская Народная Республика','http://termportal.fao.org/faonocs/appl/'),(232,44,'ar','ديفوار كوت','ديفوار كوت جمهورية','http://termportal.fao.org/faonocs/appl/'),(233,44,'en','Côte d\'Ivoire','the Republic of Côte d\'Ivoire','http://termportal.fao.org/faonocs/appl/'),(234,44,'es','Côte d\'Ivoire','la República de Côte d\'Ivoire','http://termportal.fao.org/faonocs/appl/'),(235,44,'fr','Côte d\'Ivoire','la République de Côte d\'Ivoire','http://termportal.fao.org/faonocs/appl/'),(236,44,'it','Côte d`Ivoire','Repubblica della Côte d\'Ivoire','http://termportal.fao.org/faonocs/appl/'),(237,44,'zh','科特迪瓦','科特迪瓦共和国','http://termportal.fao.org/faonocs/appl/'),(238,44,'ru','Кот-д`Ивуар','Республика Кот-д`Ивуар','http://termportal.fao.org/faonocs/appl/'),(239,29,'ar','الكاميرون','جمهورية الكاميرون','http://termportal.fao.org/faonocs/appl/'),(240,29,'en','Cameroon','the Republic of Cameroon','http://termportal.fao.org/faonocs/appl/'),(241,29,'es','Camerún','la República del Camerún','http://termportal.fao.org/faonocs/appl/'),(242,29,'fr','Cameroun','la République du Cameroun','http://termportal.fao.org/faonocs/appl/'),(243,29,'it','Camerun','Repubblica del Camerun','http://termportal.fao.org/faonocs/appl/'),(244,29,'zh','喀麦隆','喀麦隆共和国','http://termportal.fao.org/faonocs/appl/'),(245,29,'ru','Камерун','Республика Камерун','http://termportal.fao.org/faonocs/appl/'),(246,183,'ar','الديمقراطية الكونغو جمهورية','الديمقراطية الكونغو جمهورية','http://termportal.fao.org/faonocs/appl/'),(247,183,'en','Democratic Republic of the Congo','the Democratic Republic of the Congo','http://termportal.fao.org/faonocs/appl/'),(248,183,'es','República Democrática del Congo','la República Democrática del Congo','http://termportal.fao.org/faonocs/appl/'),(249,183,'fr','République démocratique du Congo','la République démocratique du Congo','http://termportal.fao.org/faonocs/appl/'),(250,183,'it','Repubblica democratica del Congo','Repubblica democratica del Congo','http://termportal.fao.org/faonocs/appl/'),(251,183,'zh','刚果民主共和国','刚果民主共和国','http://termportal.fao.org/faonocs/appl/'),(252,183,'ru','Демократическая Республика Конго','Демократическая Республика Конго','http://termportal.fao.org/faonocs/appl/'),(253,38,'ar','الكونغو','الكونغو جمهورية','http://termportal.fao.org/faonocs/appl/'),(254,38,'en','Congo','the Republic of the Congo','http://termportal.fao.org/faonocs/appl/'),(255,38,'es','Congo','la República del Congo','http://termportal.fao.org/faonocs/appl/'),(256,38,'fr','Congo','la République du Congo','http://termportal.fao.org/faonocs/appl/'),(257,38,'it','Congo','Repubblica del Congo','http://termportal.fao.org/faonocs/appl/'),(258,38,'zh','刚 果','刚果共和国','http://termportal.fao.org/faonocs/appl/'),(259,38,'ru','Конго','Республика Конго','http://termportal.fao.org/faonocs/appl/'),(260,181,'ar','كوك جزر','كوك جزر','http://termportal.fao.org/faonocs/appl/'),(261,181,'en','Cook Islands','the Cook Islands','http://termportal.fao.org/faonocs/appl/'),(262,181,'es','Islas Cook','las Islas Cook','http://termportal.fao.org/faonocs/appl/'),(263,181,'fr','Îles Cook','les Îles Cook','http://termportal.fao.org/faonocs/appl/'),(264,181,'it','Isole Cook','Isole Cook','http://termportal.fao.org/faonocs/appl/'),(265,181,'zh','库克群岛','库克群岛','http://termportal.fao.org/faonocs/appl/'),(266,181,'ru','Острова Кука','Острова Кука','http://termportal.fao.org/faonocs/appl/'),(267,36,'ar','كولومبيا','جمهورية كولومبيا','http://termportal.fao.org/faonocs/appl/'),(268,36,'en','Colombia','the Republic of Colombia','http://termportal.fao.org/faonocs/appl/'),(269,36,'es','Colombia','la República de Colombia','http://termportal.fao.org/faonocs/appl/'),(270,36,'fr','Colombie','la République de Colombie','http://termportal.fao.org/faonocs/appl/'),(271,36,'it','Colombia','Repubblica di Colombia','http://termportal.fao.org/faonocs/appl/'),(272,36,'zh','哥伦比亚','哥伦比亚共和国','http://termportal.fao.org/faonocs/appl/'),(273,36,'ru','Колумбия','Республика Колумбия','http://termportal.fao.org/faonocs/appl/'),(274,37,'ar','جزر القمر','اتحاد جزر القمر','http://termportal.fao.org/faonocs/appl/'),(275,37,'en','Comoros','the Union of the Comoros','http://termportal.fao.org/faonocs/appl/'),(276,37,'es','Comoras','la Unión de las Comoras','http://termportal.fao.org/faonocs/appl/'),(277,37,'fr','Comores','l\'Union des Comores','http://termportal.fao.org/faonocs/appl/'),(278,37,'it','Isole Comore','Unione delle Comore','http://termportal.fao.org/faonocs/appl/'),(279,37,'zh','科摩罗','科摩罗联盟','http://termportal.fao.org/faonocs/appl/'),(280,37,'ru','Коморские Острова','Союз Коморских Островов','http://termportal.fao.org/faonocs/appl/'),(281,31,'ar','كابو فيردي','جمهورية كابو فيردي','http://termportal.fao.org/faonocs/appl/'),(282,31,'en','Cabo Verde','Republic of Cabo Verde','http://termportal.fao.org/faonocs/appl/'),(283,31,'es','Cabo Verde','la República de Cabo Verde','http://termportal.fao.org/faonocs/appl/'),(284,31,'fr','Cabo Verde','la République de Cabo Verde','http://termportal.fao.org/faonocs/appl/'),(285,31,'it','Cabo Verde','Repubblica del Cabo Verde','http://termportal.fao.org/faonocs/appl/'),(286,31,'zh','佛得角','佛得角共和国','http://termportal.fao.org/faonocs/appl/'),(287,31,'ru','Кабо-Верде','Республика Кабо-Верде','http://termportal.fao.org/faonocs/appl/'),(288,39,'ar','كوستاريكا','جمهورية كوستاريكا','http://termportal.fao.org/faonocs/appl/'),(289,39,'en','Costa Rica','the Republic of Costa Rica','http://termportal.fao.org/faonocs/appl/'),(290,39,'es','Costa Rica','la República de Costa Rica','http://termportal.fao.org/faonocs/appl/'),(291,39,'fr','Costa Rica','la République du Costa Rica','http://termportal.fao.org/faonocs/appl/'),(292,39,'it','Costa Rica','Repubblica di Costa Rica','http://termportal.fao.org/faonocs/appl/'),(293,39,'zh','哥斯达黎加','哥斯达黎加共和国','http://termportal.fao.org/faonocs/appl/'),(294,39,'ru','Коста-Рика','Республика Коста-Рика','http://termportal.fao.org/faonocs/appl/'),(295,41,'ar','كوبا','جمهورية كوبا','http://termportal.fao.org/faonocs/appl/'),(296,41,'en','Cuba','the Republic of Cuba','http://termportal.fao.org/faonocs/appl/'),(297,41,'es','Cuba','la República de Cuba','http://termportal.fao.org/faonocs/appl/'),(298,41,'fr','Cuba','la République de Cuba','http://termportal.fao.org/faonocs/appl/'),(299,41,'it','Cuba','Repubblica di Cuba','http://termportal.fao.org/faonocs/appl/'),(300,41,'zh','古 巴','古巴共和国','http://termportal.fao.org/faonocs/appl/'),(301,41,'ru','Куба','Республика Куба','http://termportal.fao.org/faonocs/appl/'),(302,42,'ar','قبرص','جمهورية قبرص','http://termportal.fao.org/faonocs/appl/'),(303,42,'en','Cyprus','the Republic of Cyprus','http://termportal.fao.org/faonocs/appl/'),(304,42,'es','Chipre','la República de Chipre','http://termportal.fao.org/faonocs/appl/'),(305,42,'fr','Chypre','la République de Chypre','http://termportal.fao.org/faonocs/appl/'),(306,42,'it','Cipro','Repubblica di Cipro','http://termportal.fao.org/faonocs/appl/'),(307,42,'zh','塞浦路斯','塞浦路斯共和国','http://termportal.fao.org/faonocs/appl/'),(308,42,'ru','Кипр','Республика Кипр','http://termportal.fao.org/faonocs/appl/'),(309,43,'ar','التشيكية الجمهورية','التشيكية الجمهورية','http://termportal.fao.org/faonocs/appl/'),(310,43,'en','Czech Republic','the Czech Republic','http://termportal.fao.org/faonocs/appl/'),(311,43,'es','República Checa','la República Checa','http://termportal.fao.org/faonocs/appl/'),(312,43,'fr','République tchèque','la République tchèque','http://termportal.fao.org/faonocs/appl/'),(313,43,'it','Repubblica ceca','Repubblica ceca','http://termportal.fao.org/faonocs/appl/'),(314,43,'zh','捷克共和国','捷克共和国','http://termportal.fao.org/faonocs/appl/'),(315,43,'ru','Чешская Республика','Чешская Республика','http://termportal.fao.org/faonocs/appl/'),(316,62,'ar','ألمانيا','الاتحادية ألمانيا جمهورية','http://termportal.fao.org/faonocs/appl/'),(317,62,'en','Germany','the Federal Republic of Germany','http://termportal.fao.org/faonocs/appl/'),(318,62,'es','Alemania','la República Federal de Alemania','http://termportal.fao.org/faonocs/appl/'),(319,62,'fr','Allemagne','la République fédérale d\'Allemagne','http://termportal.fao.org/faonocs/appl/'),(320,62,'it','Germania','Repubblica federale di Germania','http://termportal.fao.org/faonocs/appl/'),(321,62,'zh','德 国','德意志联邦共和国','http://termportal.fao.org/faonocs/appl/'),(322,62,'ru','Германия','Федеративная Республика Германия','http://termportal.fao.org/faonocs/appl/'),(323,46,'ar','جيبوتي','جيبوتي جمهورية','http://termportal.fao.org/faonocs/appl/'),(324,46,'en','Djibouti','the Republic of Djibouti','http://termportal.fao.org/faonocs/appl/'),(325,46,'es','Djibouti','la República de Djibouti','http://termportal.fao.org/faonocs/appl/'),(326,46,'fr','Djibouti','la République de Djibouti','http://termportal.fao.org/faonocs/appl/'),(327,46,'it','Gibuti','Repubblica di Gibuti','http://termportal.fao.org/faonocs/appl/'),(328,46,'zh','吉布提','吉布提共和国','http://termportal.fao.org/faonocs/appl/'),(329,46,'ru','Джибути','Республика Джибути','http://termportal.fao.org/faonocs/appl/'),(330,47,'ar','دومينيكا','كمنولث دومينيكا','http://termportal.fao.org/faonocs/appl/'),(331,47,'en','Dominica','the Commonwealth of Dominica','http://termportal.fao.org/faonocs/appl/'),(332,47,'es','Dominica','el Commonwealth de Dominica','http://termportal.fao.org/faonocs/appl/'),(333,47,'fr','Dominique','le Commonwealth de la Dominique','http://termportal.fao.org/faonocs/appl/'),(334,47,'it','Dominica','Commonwealth di Dominica','http://termportal.fao.org/faonocs/appl/'),(335,47,'zh','多米尼克','多米尼克国','http://termportal.fao.org/faonocs/appl/'),(336,47,'ru','Доминика','Содружество Доминики','http://termportal.fao.org/faonocs/appl/'),(337,45,'ar','الدانمرك','مملكة الدانمرك','http://termportal.fao.org/faonocs/appl/'),(338,45,'en','Denmark','the Kingdom of Denmark','http://termportal.fao.org/faonocs/appl/'),(339,45,'es','Dinamarca','el Reino de Dinamarca','http://termportal.fao.org/faonocs/appl/'),(340,45,'fr','Danemark','le Royaume du Danemark','http://termportal.fao.org/faonocs/appl/'),(341,45,'it','Danimarca','Regno di Danimarca','http://termportal.fao.org/faonocs/appl/'),(342,45,'zh','丹 麦','丹麦王国','http://termportal.fao.org/faonocs/appl/'),(343,45,'ru','Дания','Королевство Дания','http://termportal.fao.org/faonocs/appl/'),(344,48,'ar','الجمهورية الدومينيكية','الجمهورية الدومينيكية','http://termportal.fao.org/faonocs/appl/'),(345,48,'en','Dominican Republic','the Dominican Republic','http://termportal.fao.org/faonocs/appl/'),(346,48,'es','República Dominicana','la República Dominicana','http://termportal.fao.org/faonocs/appl/'),(347,48,'fr','République dominicaine','la République dominicaine','http://termportal.fao.org/faonocs/appl/'),(348,48,'it','Repubblica dominicana','Repubblica dominicana','http://termportal.fao.org/faonocs/appl/'),(349,48,'zh','多米尼加共和国','多米尼加共和国','http://termportal.fao.org/faonocs/appl/'),(350,48,'ru','Доминиканская Республика','Доминиканская Республика','http://termportal.fao.org/faonocs/appl/'),(351,3,'ar','الجزائر','الجمهورية الجزائرية الديمقراطية الشعبية','http://termportal.fao.org/faonocs/appl/'),(352,3,'en','Algeria','the People\'s Democratic Republic of Algeria','http://termportal.fao.org/faonocs/appl/'),(353,3,'es','Argelia','la República Argelina Democrática y Popular','http://termportal.fao.org/faonocs/appl/'),(354,3,'fr','Algérie','la République algérienne démocratique et populaire','http://termportal.fao.org/faonocs/appl/'),(355,3,'it','Algeria','Repubblica algerina democratica e popolare','http://termportal.fao.org/faonocs/appl/'),(356,3,'zh','阿尔及利亚','阿尔及利亚民主人民共和国','http://termportal.fao.org/faonocs/appl/'),(357,3,'ru','Алжир','Алжирская Народная Демократическая Республика','http://termportal.fao.org/faonocs/appl/'),(358,49,'ar','إكوادور','إكوادور جمهورية','http://termportal.fao.org/faonocs/appl/'),(359,49,'en','Ecuador','the Republic of Ecuador','http://termportal.fao.org/faonocs/appl/'),(360,49,'es','Ecuador','la República del Ecuador','http://termportal.fao.org/faonocs/appl/'),(361,49,'fr','Équateur','la République de l\'Équateur','http://termportal.fao.org/faonocs/appl/'),(362,49,'it','Ecuador','Repubblica dell\'Ecuador','http://termportal.fao.org/faonocs/appl/'),(363,49,'zh','厄瓜多尔','厄瓜多尔共和国','http://termportal.fao.org/faonocs/appl/'),(364,49,'ru','Эквадор','Республика Эквадор','http://termportal.fao.org/faonocs/appl/'),(365,50,'ar','مصر','العربية مصر جمهورية','http://termportal.fao.org/faonocs/appl/'),(366,50,'en','Egypt','the Arab Republic of Egypt','http://termportal.fao.org/faonocs/appl/'),(367,50,'es','Egipto','la República Árabe de Egipto','http://termportal.fao.org/faonocs/appl/'),(368,50,'fr','Égypte','la République arabe d\'Égypte','http://termportal.fao.org/faonocs/appl/'),(369,50,'it','Egitto','Repubblica araba d\'Egitto','http://termportal.fao.org/faonocs/appl/'),(370,50,'zh','埃 及','阿拉伯埃及共和国','http://termportal.fao.org/faonocs/appl/'),(371,50,'ru','Египет','Арабская Республика Египет','http://termportal.fao.org/faonocs/appl/'),(372,53,'ar','إريتريا','إريتريا دولة','http://termportal.fao.org/faonocs/appl/'),(373,53,'en','Eritrea','the State of Eritrea','http://termportal.fao.org/faonocs/appl/'),(374,53,'es','Eritrea','el Estado de Eritrea','http://termportal.fao.org/faonocs/appl/'),(375,53,'fr','Érythrée','l\'État d\'Érythrée','http://termportal.fao.org/faonocs/appl/'),(376,53,'it','Eritrea','Stato di Eritrea','http://termportal.fao.org/faonocs/appl/'),(377,53,'zh','厄立特里亚','厄立特里亚国','http://termportal.fao.org/faonocs/appl/'),(378,53,'ru','Эритрея','Государство Эритрея','http://termportal.fao.org/faonocs/appl/'),(379,153,'ar','إسبانيا','إسبانيا مملكة','http://termportal.fao.org/faonocs/appl/'),(380,153,'en','Spain','the Kingdom of Spain','http://termportal.fao.org/faonocs/appl/'),(381,153,'es','España','el Reino de España','http://termportal.fao.org/faonocs/appl/'),(382,153,'fr','Espagne','le Royaume d\'Espagne','http://termportal.fao.org/faonocs/appl/'),(383,153,'it','Spagna','Regno di Spagna','http://termportal.fao.org/faonocs/appl/'),(384,153,'zh','西班牙','西班牙王国','http://termportal.fao.org/faonocs/appl/'),(385,153,'ru','Испания','Королевство Испания','http://termportal.fao.org/faonocs/appl/'),(386,54,'ar','إستونيا','جمهورية إستونيا','http://termportal.fao.org/faonocs/appl/'),(387,54,'en','Estonia','the Republic of Estonia','http://termportal.fao.org/faonocs/appl/'),(388,54,'es','Estonia','la República de Estonia','http://termportal.fao.org/faonocs/appl/'),(389,54,'fr','Estonie','la République d\'Estonie','http://termportal.fao.org/faonocs/appl/'),(390,54,'it','Estonia','Repubblica di Estonia','http://termportal.fao.org/faonocs/appl/'),(391,54,'zh','爱沙尼亚','爱沙尼亚共和国','http://termportal.fao.org/faonocs/appl/'),(392,54,'ru','Эстония','Эстонская Республика','http://termportal.fao.org/faonocs/appl/'),(393,55,'ar','إثيوبيا','جمهورية إثيوبيا الديمقراطية الاتحادية','http://termportal.fao.org/faonocs/appl/'),(394,55,'en','Ethiopia','the Federal Democratic Republic of Ethiopia','http://termportal.fao.org/faonocs/appl/'),(395,55,'es','Etiopía','la República Democrática Federal de Etiopía','http://termportal.fao.org/faonocs/appl/'),(396,55,'fr','Éthiopie','la République fédérale démocratique d\'Éthiopie','http://termportal.fao.org/faonocs/appl/'),(397,55,'it','Etiopia','Repubblica federale democratica di Etiopia','http://termportal.fao.org/faonocs/appl/'),(398,55,'zh','埃塞俄比亚','埃塞俄比亚联邦民主共和国','http://termportal.fao.org/faonocs/appl/'),(399,55,'ru','Эфиопия','Федеративная Демократическая Республика Эфиопия','http://termportal.fao.org/faonocs/appl/'),(400,184,'ar','عضو منظمة - الأوروبي الإتحاد','عضو منظمة - الأوروبي الإتحاد','http://termportal.fao.org/faonocs/appl/'),(401,184,'en','European Union (Member Organization)','European Union (Member Organization)','http://termportal.fao.org/faonocs/appl/'),(402,184,'es','Unión Europea (Organización Miembro)','Unión Europea (Organización Miembro)','http://termportal.fao.org/faonocs/appl/'),(403,184,'fr','Union européenne (Organisation membre)','l\'Union européenne (Organisation membre)','http://termportal.fao.org/faonocs/appl/'),(404,184,'it','Unione europea (Organizzazione membro)','Unione europea (Organizzazione membro)','http://termportal.fao.org/faonocs/appl/'),(405,184,'zh','欧洲联盟 （成员组织）','欧洲联盟（成员组织）','http://termportal.fao.org/faonocs/appl/'),(406,184,'ru','Европейский союз (организация-член)','Европейский союз (организация-член)','http://termportal.fao.org/faonocs/appl/'),(407,57,'ar','فنلندا','فنلندا جمهورية','http://termportal.fao.org/faonocs/appl/'),(408,57,'en','Finland','the Republic of Finland','http://termportal.fao.org/faonocs/appl/'),(409,57,'es','Finlandia','la República de Finlandia','http://termportal.fao.org/faonocs/appl/'),(410,57,'fr','Finlande','la République de Finlande','http://termportal.fao.org/faonocs/appl/'),(411,57,'it','Finlandia','Repubblica di Finlandia','http://termportal.fao.org/faonocs/appl/'),(412,57,'zh','芬 兰','芬兰共和国','http://termportal.fao.org/faonocs/appl/'),(413,57,'ru','Финляндия','Финляндская Республика','http://termportal.fao.org/faonocs/appl/'),(414,56,'ar','فيجي','جمهورية فيجي','http://termportal.fao.org/faonocs/appl/'),(415,56,'en','Fiji','the Republic of Fiji','http://termportal.fao.org/faonocs/appl/'),(416,56,'es','Fiji','la República de Fiji','http://termportal.fao.org/faonocs/appl/'),(417,56,'fr','Fidji','la République des Fidji','http://termportal.fao.org/faonocs/appl/'),(418,56,'it','Figi','Repubblica delle Figi','http://termportal.fao.org/faonocs/appl/'),(419,56,'zh','斐济','斐济共和国','http://termportal.fao.org/faonocs/appl/'),(420,56,'ru','Фиджи','Республика Фиджи','http://termportal.fao.org/faonocs/appl/'),(421,58,'ar','فرنسا','الفرنسية الجمهورية','http://termportal.fao.org/faonocs/appl/'),(422,58,'en','France','the French Republic','http://termportal.fao.org/faonocs/appl/'),(423,58,'es','Francia','la República Francesa','http://termportal.fao.org/faonocs/appl/'),(424,58,'fr','France','la République française','http://termportal.fao.org/faonocs/appl/'),(425,58,'it','Francia','Repubblica francese','http://termportal.fao.org/faonocs/appl/'),(426,58,'zh','法  国','法兰西共和国','http://termportal.fao.org/faonocs/appl/'),(427,58,'ru','Франция','Французская Республика','http://termportal.fao.org/faonocs/appl/'),(428,209,'ar','جزر فيرويه','جزر فيرويه','http://termportal.fao.org/faonocs/appl/'),(429,209,'en','Faroe Islands (Associate Member)','Faroe Islands','http://termportal.fao.org/faonocs/appl/'),(430,209,'es','Islas Feroe (Miembro Asociado)','las Islas Feroe','http://termportal.fao.org/faonocs/appl/'),(431,209,'fr','Îles Féroé (Membre associé)','les Îles Féroé','http://termportal.fao.org/faonocs/appl/'),(432,209,'it','Isole Faer øer','Isole Faer øer','http://termportal.fao.org/faonocs/appl/'),(433,209,'zh','法罗群岛 (准成员)','法罗群岛','http://termportal.fao.org/faonocs/appl/'),(434,209,'ru','Фарерские Острова (ассоциированный член)','Фарерские Острова','http://termportal.fao.org/faonocs/appl/'),(435,185,'ar','ميكرونيزيا','الموحدة ميكرونيزيا ولايات','http://termportal.fao.org/faonocs/appl/'),(436,185,'en','Micronesia (Federated States of)','the Federated States of Micronesia','http://termportal.fao.org/faonocs/appl/'),(437,185,'es','Micronesia (Estados Federados de)','los Estados Federados de Micronesia','http://termportal.fao.org/faonocs/appl/'),(438,185,'fr','Micronésie (États fédérés de)','les États fédérés de Micronésie','http://termportal.fao.org/faonocs/appl/'),(439,185,'it','Micronesia (Stati federati di)','Stati federati di Micronesia','http://termportal.fao.org/faonocs/appl/'),(440,185,'zh','密克罗尼西亚(联邦)','密克罗尼西亚联邦','http://termportal.fao.org/faonocs/appl/'),(441,185,'ru','Микронезия (Федеративные Штаты)','Федеративные Штаты Микронезии','http://termportal.fao.org/faonocs/appl/'),(442,59,'ar','غابون','الجمهورية الغابونية','http://termportal.fao.org/faonocs/appl/'),(443,59,'en','Gabon','the Gabonese Republic','http://termportal.fao.org/faonocs/appl/'),(444,59,'es','Gabón','la República Gabonesa','http://termportal.fao.org/faonocs/appl/'),(445,59,'fr','Gabon','la République gabonaise','http://termportal.fao.org/faonocs/appl/'),(446,59,'it','Gabon','Repubblica gabonese','http://termportal.fao.org/faonocs/appl/'),(447,59,'zh','加 蓬','加蓬共和国','http://termportal.fao.org/faonocs/appl/'),(448,59,'ru','Габон','Габонская Республика','http://termportal.fao.org/faonocs/appl/'),(449,186,'ar','المملكة المتحدة','المملكة المتحدة لبريطانيا العظمى وآيرلندا الشمالية','http://termportal.fao.org/faonocs/appl/'),(450,186,'en','United Kingdom','the United Kingdom of Great Britain and Northern Ireland','http://termportal.fao.org/faonocs/appl/'),(451,186,'es','Reino Unido','el Reino Unido (de Gran Bretaña e Irlanda del Norte)','http://termportal.fao.org/faonocs/appl/'),(452,186,'fr','Royaume-Uni','le Royaume-Uni (de Grande-Bretagne et d\'Irlande du Nord)','http://termportal.fao.org/faonocs/appl/'),(453,186,'it','Regno Unito','Regno Unito di Gran Bretagna e Irlanda del nord','http://termportal.fao.org/faonocs/appl/'),(454,186,'zh','联合王国','大不列颠及北爱尔兰联合王国','http://termportal.fao.org/faonocs/appl/'),(455,186,'ru','Соединенное Королевство','Соединенное Королевство Великобритании и Северной Ирландии','http://termportal.fao.org/faonocs/appl/'),(456,61,'ar','جورجيا','جورجيا','http://termportal.fao.org/faonocs/appl/'),(457,61,'en','Georgia','Georgia','http://termportal.fao.org/faonocs/appl/'),(458,61,'es','Georgia','Georgia','http://termportal.fao.org/faonocs/appl/'),(459,61,'fr','Géorgie','la Géorgie','http://termportal.fao.org/faonocs/appl/'),(460,61,'it','Georgia','Georgia','http://termportal.fao.org/faonocs/appl/'),(461,61,'zh','格鲁吉亚','格鲁吉亚','http://termportal.fao.org/faonocs/appl/'),(462,61,'ru','Грузия','Грузия','http://termportal.fao.org/faonocs/appl/'),(463,63,'ar','غانا','غانا جمهورية','http://termportal.fao.org/faonocs/appl/'),(464,63,'en','Ghana','the Republic of Ghana','http://termportal.fao.org/faonocs/appl/'),(465,63,'es','Ghana','la República de Ghana','http://termportal.fao.org/faonocs/appl/'),(466,63,'fr','Ghana','la République du Ghana','http://termportal.fao.org/faonocs/appl/'),(467,63,'it','Ghana','Repubblica del Ghana','http://termportal.fao.org/faonocs/appl/'),(468,63,'zh','加 纳','加纳共和国','http://termportal.fao.org/faonocs/appl/'),(469,63,'ru','Гана','Республика Гана','http://termportal.fao.org/faonocs/appl/'),(470,67,'ar','غينيا','جمهورية غينيا','http://termportal.fao.org/faonocs/appl/'),(471,67,'en','Guinea','the Republic of Guinea','http://termportal.fao.org/faonocs/appl/'),(472,67,'es','Guinea','la República de Guinea','http://termportal.fao.org/faonocs/appl/'),(473,67,'fr','Guinée','la République de Guinée','http://termportal.fao.org/faonocs/appl/'),(474,67,'it','Guinea','Repubblica di Guinea','http://termportal.fao.org/faonocs/appl/'),(475,67,'zh','几内亚','几内亚共和国','http://termportal.fao.org/faonocs/appl/'),(476,67,'ru','Гвинея','Гвинейская Республика','http://termportal.fao.org/faonocs/appl/'),(477,60,'ar','غامبيا','الإسلامية غامبيا جمهورية','http://termportal.fao.org/faonocs/appl/'),(478,60,'en','Gambia','Islamic Republic of the Gambia','http://termportal.fao.org/faonocs/appl/'),(479,60,'es','Gambia','República Islámica de Gambia','http://termportal.fao.org/faonocs/appl/'),(480,60,'fr','Gambie','République islamique de Gambie','http://termportal.fao.org/faonocs/appl/'),(481,60,'it','Gambia','Repubblica islamica del Gambia','http://termportal.fao.org/faonocs/appl/'),(482,60,'zh','冈比亚','冈比亚伊斯兰共和国','http://termportal.fao.org/faonocs/appl/'),(483,60,'ru','Гамбия','Исламская Республика Гамбия','http://termportal.fao.org/faonocs/appl/'),(484,68,'ar','غينيا - بيساو','جمهورية غينيا بيساو','http://termportal.fao.org/faonocs/appl/'),(485,68,'en','Guinea-Bissau','the Republic of Guinea-Bissau','http://termportal.fao.org/faonocs/appl/'),(486,68,'es','Guinea-Bissau','la República de Guinea-Bissau','http://termportal.fao.org/faonocs/appl/'),(487,68,'fr','Guinée-Bissau','la République de Guinée-Bissau','http://termportal.fao.org/faonocs/appl/'),(488,68,'it','Guinea-Bissau','Repubblica di Guinea-Bissau','http://termportal.fao.org/faonocs/appl/'),(489,68,'zh','几内亚比绍','几内亚比绍共和国','http://termportal.fao.org/faonocs/appl/'),(490,68,'ru','Гвинея-Бисау','Республика Гвинея-Бисау','http://termportal.fao.org/faonocs/appl/'),(491,52,'ar','الاستوائية غينيا','الاستوائية غينيا جمهورية','http://termportal.fao.org/faonocs/appl/'),(492,52,'en','Equatorial Guinea','the Republic of Equatorial Guinea','http://termportal.fao.org/faonocs/appl/'),(493,52,'es','Guinea Ecuatorial','la República de Guinea Ecuatorial','http://termportal.fao.org/faonocs/appl/'),(494,52,'fr','Guinée équatoriale','la République de Guinée équatoriale','http://termportal.fao.org/faonocs/appl/'),(495,52,'it','Guinea equatoriale','Repubblica di Guinea equatoriale','http://termportal.fao.org/faonocs/appl/'),(496,52,'zh','赤道几内亚','赤道几内亚共和国','http://termportal.fao.org/faonocs/appl/'),(497,52,'ru','Экваториальная Гвинея','Республика Экваториальная Гвинея','http://termportal.fao.org/faonocs/appl/'),(498,64,'ar','اليونان','الهيلانية الجمهورية','http://termportal.fao.org/faonocs/appl/'),(499,64,'en','Greece','the Hellenic Republic','http://termportal.fao.org/faonocs/appl/'),(500,64,'es','Grecia','la República Helénica','http://termportal.fao.org/faonocs/appl/'),(501,64,'fr','Grèce','la République hellénique','http://termportal.fao.org/faonocs/appl/'),(502,64,'it','Grecia','Repubblica ellenica','http://termportal.fao.org/faonocs/appl/'),(503,64,'zh','希 腊','希腊共和国','http://termportal.fao.org/faonocs/appl/'),(504,64,'ru','Греция','Греческая Республика','http://termportal.fao.org/faonocs/appl/'),(505,65,'ar','غرينادا','غرينادا','http://termportal.fao.org/faonocs/appl/'),(506,65,'en','Grenada','Grenada','http://termportal.fao.org/faonocs/appl/'),(507,65,'es','Granada','Granada','http://termportal.fao.org/faonocs/appl/'),(508,65,'fr','Grenade','la Grenade','http://termportal.fao.org/faonocs/appl/'),(509,65,'it','Grenada','Grenada','http://termportal.fao.org/faonocs/appl/'),(510,65,'zh','格林纳达','格林纳达','http://termportal.fao.org/faonocs/appl/'),(511,65,'ru','Гренада','Гренада','http://termportal.fao.org/faonocs/appl/'),(512,66,'ar','غواتيمالا','جمهورية غواتيمالا','http://termportal.fao.org/faonocs/appl/'),(513,66,'en','Guatemala','the Republic of Guatemala','http://termportal.fao.org/faonocs/appl/'),(514,66,'es','Guatemala','la República de Guatemala','http://termportal.fao.org/faonocs/appl/'),(515,66,'fr','Guatemala','la République du Guatemala','http://termportal.fao.org/faonocs/appl/'),(516,66,'it','Guatemala','Repubblica del Guatemala','http://termportal.fao.org/faonocs/appl/'),(517,66,'zh','危地马拉','危地马拉共和国','http://termportal.fao.org/faonocs/appl/'),(518,66,'ru','Гватемала','Республика Гватемала','http://termportal.fao.org/faonocs/appl/'),(519,69,'ar','غيانا','جمهورية غيانا','http://termportal.fao.org/faonocs/appl/'),(520,69,'en','Guyana','the Republic of Guyana','http://termportal.fao.org/faonocs/appl/'),(521,69,'es','Guyana','la República de Guyana','http://termportal.fao.org/faonocs/appl/'),(522,69,'fr','Guyana','la République du Guyana','http://termportal.fao.org/faonocs/appl/'),(523,69,'it','Guyana','Repubblica della Guyana','http://termportal.fao.org/faonocs/appl/'),(524,69,'zh','圭亚那','圭亚那共和国','http://termportal.fao.org/faonocs/appl/'),(525,69,'ru','Гайана','Республика Гайана','http://termportal.fao.org/faonocs/appl/'),(526,71,'ar','هندوراس','هندوراس جمهورية','http://termportal.fao.org/faonocs/appl/'),(527,71,'en','Honduras','the Republic of Honduras','http://termportal.fao.org/faonocs/appl/'),(528,71,'es','Honduras','la República de Honduras','http://termportal.fao.org/faonocs/appl/'),(529,71,'fr','Honduras','la République du Honduras','http://termportal.fao.org/faonocs/appl/'),(530,71,'it','Honduras','Repubblica di Honduras','http://termportal.fao.org/faonocs/appl/'),(531,71,'zh','洪都拉斯','洪都拉斯共和国','http://termportal.fao.org/faonocs/appl/'),(532,71,'ru','Гондурас','Республика Гондурас','http://termportal.fao.org/faonocs/appl/'),(533,40,'ar','كرواتيا','جمهورية كرواتيا','http://termportal.fao.org/faonocs/appl/'),(534,40,'en','Croatia','the Republic of Croatia','http://termportal.fao.org/faonocs/appl/'),(535,40,'es','Croacia','la República de Croacia','http://termportal.fao.org/faonocs/appl/'),(536,40,'fr','Croatie','la République de Croatie','http://termportal.fao.org/faonocs/appl/'),(537,40,'it','Croazia','Repubblica di Croazia','http://termportal.fao.org/faonocs/appl/'),(538,40,'zh','克罗地亚','克罗地亚共和国','http://termportal.fao.org/faonocs/appl/'),(539,40,'ru','Хорватия','Республика Хорватия','http://termportal.fao.org/faonocs/appl/'),(540,70,'ar','هايتي','جمهورية هايتي','http://termportal.fao.org/faonocs/appl/'),(541,70,'en','Haiti','the Republic of Haiti','http://termportal.fao.org/faonocs/appl/'),(542,70,'es','Haití','la República de Haití','http://termportal.fao.org/faonocs/appl/'),(543,70,'fr','Haïti','la République d\'Haïti','http://termportal.fao.org/faonocs/appl/'),(544,70,'it','Haiti','Repubblica di Haiti','http://termportal.fao.org/faonocs/appl/'),(545,70,'zh','海 地','海地共和国','http://termportal.fao.org/faonocs/appl/'),(546,70,'ru','Гаити','Республика Гаити','http://termportal.fao.org/faonocs/appl/'),(547,72,'ar','هنغاريا','هنغاريا','http://termportal.fao.org/faonocs/appl/'),(548,72,'en','Hungary','Hungary','http://termportal.fao.org/faonocs/appl/'),(549,72,'es','Hungría','Hungría','http://termportal.fao.org/faonocs/appl/'),(550,72,'fr','Hongrie','la Hongrie','http://termportal.fao.org/faonocs/appl/'),(551,72,'it','Ungheria','Ungheria','http://termportal.fao.org/faonocs/appl/'),(552,72,'zh','匈牙利','匈牙利','http://termportal.fao.org/faonocs/appl/'),(553,72,'ru','Венгрия','Венгрия','http://termportal.fao.org/faonocs/appl/'),(554,75,'ar','إندونيسيا','جمهورية إندونيسيا','http://termportal.fao.org/faonocs/appl/'),(555,75,'en','Indonesia','the Republic of Indonesia','http://termportal.fao.org/faonocs/appl/'),(556,75,'es','Indonesia','la República de Indonesia','http://termportal.fao.org/faonocs/appl/'),(557,75,'fr','Indonésie','la République d\'Indonésie','http://termportal.fao.org/faonocs/appl/'),(558,75,'it','Indonesia','Indonesia','http://termportal.fao.org/faonocs/appl/'),(559,75,'zh','印度尼西亚','印度尼西亚共和国','http://termportal.fao.org/faonocs/appl/'),(560,75,'ru','Индонезия','Республика Индонезия','http://termportal.fao.org/faonocs/appl/'),(561,74,'ar','الهند','جمهورية الهند','http://termportal.fao.org/faonocs/appl/'),(562,74,'en','India','the Republic of India','http://termportal.fao.org/faonocs/appl/'),(563,74,'es','India','la República de la India','http://termportal.fao.org/faonocs/appl/'),(564,74,'fr','Inde','la République de l\'Inde','http://termportal.fao.org/faonocs/appl/'),(565,74,'it','India','Repubblica dell\'India','http://termportal.fao.org/faonocs/appl/'),(566,74,'zh','印 度','印度共和国','http://termportal.fao.org/faonocs/appl/'),(567,74,'ru','Индия','Республика Индия','http://termportal.fao.org/faonocs/appl/'),(568,77,'ar','آيرلندا','آيرلندا','http://termportal.fao.org/faonocs/appl/'),(569,77,'en','Ireland','Ireland','http://termportal.fao.org/faonocs/appl/'),(570,77,'es','Irlanda','Irlanda','http://termportal.fao.org/faonocs/appl/'),(571,77,'fr','Irlande','l\'Irlande','http://termportal.fao.org/faonocs/appl/'),(572,77,'it','Irlanda','Irlanda','http://termportal.fao.org/faonocs/appl/'),(573,77,'zh','爱尔兰','爱尔兰','http://termportal.fao.org/faonocs/appl/'),(574,77,'ru','Ирландия','Ирландия','http://termportal.fao.org/faonocs/appl/'),(575,187,'ar','الإسلامية - جمهورية - إيران','الإسلامية إيران جمهورية','http://termportal.fao.org/faonocs/appl/'),(576,187,'en','Iran','the Islamic Republic of Iran','http://termportal.fao.org/faonocs/appl/ FIXED'),(577,187,'es','Irán','la República Islámica del Irán','http://termportal.fao.org/faonocs/appl/ FIXED'),(578,187,'fr','Iran','la République islamique d\'Iran','http://termportal.fao.org/faonocs/appl/ FIXED'),(579,187,'it','Iran','Repubblica islamica dell\'Iran','http://termportal.fao.org/faonocs/appl/ FIXED'),(580,187,'zh','伊 朗(伊斯兰共和国)','伊朗伊斯兰共和国','http://termportal.fao.org/faonocs/appl/'),(581,187,'ru','Иран (Исламская Республика)','Исламская Республика Иран','http://termportal.fao.org/faonocs/appl/'),(582,76,'ar','العراق','جمهورية العراق','http://termportal.fao.org/faonocs/appl/'),(583,76,'en','Iraq','the Republic of Iraq','http://termportal.fao.org/faonocs/appl/'),(584,76,'es','Iraq','la República del Iraq','http://termportal.fao.org/faonocs/appl/'),(585,76,'fr','Iraq','la République d\'Iraq','http://termportal.fao.org/faonocs/appl/'),(586,76,'it','Iraq','Repubblica dell\'Iraq','http://termportal.fao.org/faonocs/appl/'),(587,76,'zh','伊拉克','伊拉克共和国','http://termportal.fao.org/faonocs/appl/'),(588,76,'ru','Ирак','Республика Ирак','http://termportal.fao.org/faonocs/appl/'),(589,73,'ar','آيسلندا','آيسلندا جمهورية','http://termportal.fao.org/faonocs/appl/'),(590,73,'en','Iceland','the Republic of Iceland','http://termportal.fao.org/faonocs/appl/'),(591,73,'es','Islandia','la República de Islandia','http://termportal.fao.org/faonocs/appl/'),(592,73,'fr','Islande','la République d\'Islande','http://termportal.fao.org/faonocs/appl/'),(593,73,'it','Islanda','Repubblica d\'Islanda','http://termportal.fao.org/faonocs/appl/'),(594,73,'zh','冰 岛','冰岛共和国','http://termportal.fao.org/faonocs/appl/'),(595,73,'ru','Исландия','Республика Исландия','http://termportal.fao.org/faonocs/appl/'),(596,78,'ar','إسرائيل','إسرائيل دولة','http://termportal.fao.org/faonocs/appl/'),(597,78,'en','Israel','the State of Israel','http://termportal.fao.org/faonocs/appl/'),(598,78,'es','Israel','el Estado de Israel','http://termportal.fao.org/faonocs/appl/'),(599,78,'fr','Israël','l\'État d\'Israël','http://termportal.fao.org/faonocs/appl/'),(600,78,'it','Israele','Stato d\'Israele','http://termportal.fao.org/faonocs/appl/'),(601,78,'zh','以色列','以色列国','http://termportal.fao.org/faonocs/appl/'),(602,78,'ru','Израиль','Государство Израиль','http://termportal.fao.org/faonocs/appl/'),(603,79,'ar','إيطاليا','الإيطالية الجمهورية','http://termportal.fao.org/faonocs/appl/'),(604,79,'en','Italy','the Republic of Italy','http://termportal.fao.org/faonocs/appl/'),(605,79,'es','Italia','la República Italiana','http://termportal.fao.org/faonocs/appl/'),(606,79,'fr','Italie','la République italienne','http://termportal.fao.org/faonocs/appl/'),(607,79,'it','Italia','Repubblica italiana','http://termportal.fao.org/faonocs/appl/'),(608,79,'zh','意大利','意大利共和国','http://termportal.fao.org/faonocs/appl/'),(609,79,'ru','Италия','Итальянская Республика','http://termportal.fao.org/faonocs/appl/'),(610,80,'ar','جامايكا','جامايكا','http://termportal.fao.org/faonocs/appl/'),(611,80,'en','Jamaica','Jamaica','http://termportal.fao.org/faonocs/appl/'),(612,80,'es','Jamaica','Jamaica','http://termportal.fao.org/faonocs/appl/'),(613,80,'fr','Jamaïque','la Jamaïque','http://termportal.fao.org/faonocs/appl/'),(614,80,'it','Giamaica','Giamaica','http://termportal.fao.org/faonocs/appl/'),(615,80,'zh','牙买加','牙买加','http://termportal.fao.org/faonocs/appl/'),(616,80,'ru','Ямайка','Ямайка','http://termportal.fao.org/faonocs/appl/'),(617,82,'ar','الأردن','الهاشمية الأردنية المملكة','http://termportal.fao.org/faonocs/appl/'),(618,82,'en','Jordan','the Hashemite Kingdom of Jordan','http://termportal.fao.org/faonocs/appl/'),(619,82,'es','Jordania','el Reino Hachemita de Jordania','http://termportal.fao.org/faonocs/appl/'),(620,82,'fr','Jordanie','le Royaume hachémite de Jordanie','http://termportal.fao.org/faonocs/appl/'),(621,82,'it','Giordania','Regno hascemita di Giordania','http://termportal.fao.org/faonocs/appl/'),(622,82,'zh','约 旦','约旦哈希姆王国','http://termportal.fao.org/faonocs/appl/'),(623,82,'ru','Иордания','Иорданское Хашимитское Королевство','http://termportal.fao.org/faonocs/appl/'),(624,81,'ar','اليابان','اليابان','http://termportal.fao.org/faonocs/appl/'),(625,81,'en','Japan','Japan','http://termportal.fao.org/faonocs/appl/'),(626,81,'es','Japón','el Japón','http://termportal.fao.org/faonocs/appl/'),(627,81,'fr','Japon','le Japon','http://termportal.fao.org/faonocs/appl/'),(628,81,'it','Giappone','Giappone','http://termportal.fao.org/faonocs/appl/'),(629,81,'zh','日 本','日本国','http://termportal.fao.org/faonocs/appl/'),(630,81,'ru','Япония','Япония','http://termportal.fao.org/faonocs/appl/'),(631,83,'ar','كازاخستان','جمهورية كازاخستان','http://termportal.fao.org/faonocs/appl/'),(632,83,'en','Kazakhstan','the Republic of Kazakhstan','http://termportal.fao.org/faonocs/appl/'),(633,83,'es','Kazajstán','la República de Kazajstán','http://termportal.fao.org/faonocs/appl/'),(634,83,'fr','Kazakhstan','la République du Kazakhstan','http://termportal.fao.org/faonocs/appl/'),(635,83,'it','Kazakistan','Repubblica del Kazakhstan','http://termportal.fao.org/faonocs/appl/'),(636,83,'zh','哈萨克斯坦','哈萨克斯坦共和国','http://termportal.fao.org/faonocs/appl/'),(637,83,'ru','Казахстан','Республика Казахстан','http://termportal.fao.org/faonocs/appl/'),(638,84,'ar','كينيا','كينيا جمهورية','http://termportal.fao.org/faonocs/appl/'),(639,84,'en','Kenya','the Republic of Kenya','http://termportal.fao.org/faonocs/appl/'),(640,84,'es','Kenya','la República de Kenya','http://termportal.fao.org/faonocs/appl/'),(641,84,'fr','Kenya','la République du Kenya','http://termportal.fao.org/faonocs/appl/'),(642,84,'it','Kenya','Repubblica del Kenya','http://termportal.fao.org/faonocs/appl/'),(643,84,'zh','肯尼亚','肯尼亚共和国','http://termportal.fao.org/faonocs/appl/'),(644,84,'ru','Кения','Республика Кения','http://termportal.fao.org/faonocs/appl/'),(645,87,'ar','قيرغيزستان','جمهورية القيرغيز','http://termportal.fao.org/faonocs/appl/'),(646,87,'en','Kyrgyzstan','the Kyrgyz Republic','http://termportal.fao.org/faonocs/appl/'),(647,87,'es','Kirguistán','la República Kirguisa','http://termportal.fao.org/faonocs/appl/'),(648,87,'fr','Kirghizistan','la République kirghize','http://termportal.fao.org/faonocs/appl/'),(649,87,'it','Kirghizistan','Repubblica di Kirghizistan','http://termportal.fao.org/faonocs/appl/'),(650,87,'zh','吉尔吉斯斯坦','吉尔吉斯共和国','http://termportal.fao.org/faonocs/appl/'),(651,87,'ru','Кыргызстан','Кыргызская Республика','http://termportal.fao.org/faonocs/appl/'),(652,28,'ar','كمبوديا','مملكة كمبوديا','http://termportal.fao.org/faonocs/appl/'),(653,28,'en','Cambodia','the Kingdom of Cambodia','http://termportal.fao.org/faonocs/appl/'),(654,28,'es','Camboya','el Reino de Camboya','http://termportal.fao.org/faonocs/appl/'),(655,28,'fr','Cambodge','le Royaume du Cambodge','http://termportal.fao.org/faonocs/appl/'),(656,28,'it','Cambogia','Regno di Cambogia','http://termportal.fao.org/faonocs/appl/'),(657,28,'zh','柬埔寨','柬埔寨王国','http://termportal.fao.org/faonocs/appl/'),(658,28,'ru','Камбоджа','Королевство Камбоджа','http://termportal.fao.org/faonocs/appl/'),(659,85,'ar','كيريباس','كيريباس  جمهورية','http://termportal.fao.org/faonocs/appl/'),(660,85,'en','Kiribati','the Republic of Kiribati','http://termportal.fao.org/faonocs/appl/'),(661,85,'es','Kiribati','la República de Kiribati','http://termportal.fao.org/faonocs/appl/'),(662,85,'fr','Kiribati','la République de Kiribati','http://termportal.fao.org/faonocs/appl/'),(663,85,'it','Kiribati','Repubblica di Kiribati','http://termportal.fao.org/faonocs/appl/'),(664,85,'zh','基里巴斯','基里巴斯共和国','http://termportal.fao.org/faonocs/appl/'),(665,85,'ru','Кирибати','Республика Кирибати','http://termportal.fao.org/faonocs/appl/'),(666,136,'ar','ونيفيس كيتس سانت','ونيفيس كيتس سانت','http://termportal.fao.org/faonocs/appl/'),(667,136,'en','Saint Kitts and Nevis','Saint Kitts and Nevis','http://termportal.fao.org/faonocs/appl/'),(668,136,'es','Saint Kitts y Nevis','Saint Kitts y Nevis','http://termportal.fao.org/faonocs/appl/'),(669,136,'fr','Saint-Kitts-et-Nevis','Saint-Kitts-et-Nevis','http://termportal.fao.org/faonocs/appl/'),(670,136,'it','Saint Christopher e Nevis','Federazione di Saint Kitts e Nevis','http://termportal.fao.org/faonocs/appl/'),(671,136,'zh','圣基茨和尼维斯','圣基茨和尼维斯','http://termportal.fao.org/faonocs/appl/'),(672,136,'ru','Сент-Китс и Невис','Сент-Китс и Невис','http://termportal.fao.org/faonocs/appl/'),(673,189,'ar','جمهورية كوريا','جمهورية كوريا','http://termportal.fao.org/faonocs/appl/'),(674,189,'en','Republic of Korea','the Republic of Korea','http://termportal.fao.org/faonocs/appl/'),(675,189,'es','República de Corea','la República de Corea','http://termportal.fao.org/faonocs/appl/'),(676,189,'fr','République de Corée','la République de Corée','http://termportal.fao.org/faonocs/appl/'),(677,189,'it','Repubblica di Corea','Repubblica di Corea','http://termportal.fao.org/faonocs/appl/'),(678,189,'zh','大韩民国','大韩民国','http://termportal.fao.org/faonocs/appl/'),(679,189,'ru','Республика Корея','Республика Корея','http://termportal.fao.org/faonocs/appl/'),(680,86,'ar','الكويت','الكويت دولة','http://termportal.fao.org/faonocs/appl/'),(681,86,'en','Kuwait','the State of Kuwait','http://termportal.fao.org/faonocs/appl/'),(682,86,'es','Kuwait','el Estado de Kuwait','http://termportal.fao.org/faonocs/appl/'),(683,86,'fr','Koweït','l\'État du Koweït','http://termportal.fao.org/faonocs/appl/'),(684,86,'it','Kuwait','Stato del Kuwait','http://termportal.fao.org/faonocs/appl/'),(685,86,'zh','科威特','科威特国','http://termportal.fao.org/faonocs/appl/'),(686,86,'ru','Кувейт','Государство Кувейт','http://termportal.fao.org/faonocs/appl/'),(687,88,'ar','الشعبية الديمقراطية لاو جمهورية','الشعبية الديمقراطية لاو جمهورية','http://termportal.fao.org/faonocs/appl/'),(688,88,'en','Lao People\'s Democratic Republic','the Lao People\'s Democratic Republic','http://termportal.fao.org/faonocs/appl/'),(689,88,'es','República Democrática Popular Lao','la República Democrática Popular Lao','http://termportal.fao.org/faonocs/appl/'),(690,88,'fr','République démocratique populaire lao','la République démocratique populaire lao','http://termportal.fao.org/faonocs/appl/'),(691,88,'it','Repubblica democratica popolare del Laos','Repubblica democratica popolare del Laos','http://termportal.fao.org/faonocs/appl/'),(692,88,'zh','老挝人民民主共和国','老挝人民民主共和国','http://termportal.fao.org/faonocs/appl/'),(693,88,'ru','Лаосская Народно-Демократическая Республика','Лаосская Народно-Демократическая Республика','http://termportal.fao.org/faonocs/appl/'),(694,90,'ar','لبنان','اللبنانية الجمهورية','http://termportal.fao.org/faonocs/appl/'),(695,90,'en','Lebanon','the Lebanese Republic','http://termportal.fao.org/faonocs/appl/'),(696,90,'es','Líbano','la República libanesa','http://termportal.fao.org/faonocs/appl/'),(697,90,'fr','Liban','la République libanaise','http://termportal.fao.org/faonocs/appl/'),(698,90,'it','Libano','Repubblica libanese','http://termportal.fao.org/faonocs/appl/'),(699,90,'zh','黎巴嫩','黎巴嫩共和国','http://termportal.fao.org/faonocs/appl/'),(700,90,'ru','Ливан','Ливанская Республика','http://termportal.fao.org/faonocs/appl/'),(701,92,'ar','ليبريا','جمهورية ليبريا','http://termportal.fao.org/faonocs/appl/'),(702,92,'en','Liberia','the Republic of Liberia','http://termportal.fao.org/faonocs/appl/'),(703,92,'es','Liberia','la República de Liberia','http://termportal.fao.org/faonocs/appl/'),(704,92,'fr','Libéria','la République du Libéria','http://termportal.fao.org/faonocs/appl/'),(705,92,'it','Liberia','Repubblica di Liberia','http://termportal.fao.org/faonocs/appl/'),(706,92,'zh','利比里亚','利比里亚共和国','http://termportal.fao.org/faonocs/appl/'),(707,92,'ru','Либерия','Республика Либерия','http://termportal.fao.org/faonocs/appl/'),(708,93,'ar','ليبيا','ليبيا','http://termportal.fao.org/faonocs/appl/'),(709,93,'en','Libya','Libya','http://termportal.fao.org/faonocs/appl/'),(710,93,'es','Libia','Libia','http://termportal.fao.org/faonocs/appl/'),(711,93,'fr','Libye','la Libye','http://termportal.fao.org/faonocs/appl/'),(712,93,'it','Libia','Libia','http://termportal.fao.org/faonocs/appl/'),(713,93,'zh','利比亚','利比亚','http://termportal.fao.org/faonocs/appl/'),(714,93,'ru','Ливия','Ливия','http://termportal.fao.org/faonocs/appl/'),(715,137,'ar','لوسيا سانت','لوسيا سانت','http://termportal.fao.org/faonocs/appl/'),(716,137,'en','Saint Lucia','Saint Lucia','http://termportal.fao.org/faonocs/appl/'),(717,137,'es','Santa Lucía','Santa Lucía','http://termportal.fao.org/faonocs/appl/'),(718,137,'fr','Sainte-Lucie','Sainte-Lucie','http://termportal.fao.org/faonocs/appl/'),(719,137,'it','Santa Lucia','Santa Lucia','http://termportal.fao.org/faonocs/appl/'),(720,137,'zh','圣卢西亚','圣卢西亚','http://termportal.fao.org/faonocs/appl/'),(721,137,'ru','Сент-Люсия','Сент-Люсия','http://termportal.fao.org/faonocs/appl/'),(722,94,'ar','لختنشتاين','إمارة لختنشتاين','http://termportal.fao.org/faonocs/appl/'),(723,94,'en','Liechtenstein','the Principality of Liechtenstein','http://termportal.fao.org/faonocs/appl/'),(724,94,'es','Liechtenstein','el Principado de Liechtenstein','http://termportal.fao.org/faonocs/appl/'),(725,94,'fr','Liechtenstein','la Principauté du Liechtenstein','http://termportal.fao.org/faonocs/appl/'),(726,94,'it','Liechtenstein','Principato del Liechtenstein','http://termportal.fao.org/faonocs/appl/'),(727,94,'zh','列支敦士登','列支敦士登公国','http://termportal.fao.org/faonocs/appl/'),(728,94,'ru','Лихтенштейн','Княжество Лихтенштейн','http://termportal.fao.org/faonocs/appl/'),(729,154,'ar','سري لانكا','جمهورية سري لانكا الاشتراكية الديمقراطية','http://termportal.fao.org/faonocs/appl/'),(730,154,'en','Sri Lanka','the Democratic Socialist Republic of Sri Lanka','http://termportal.fao.org/faonocs/appl/'),(731,154,'es','Sri Lanka','la República Socialista Democrática de Sri Lanka','http://termportal.fao.org/faonocs/appl/'),(732,154,'fr','Sri Lanka','la République socialiste démocratique de Sri Lanka','http://termportal.fao.org/faonocs/appl/'),(733,154,'it','Sri Lanka','Repubblica democratica socialista di Sri Lanka','http://termportal.fao.org/faonocs/appl/'),(734,154,'zh','斯里兰卡','斯里兰卡民主社会主义共和国','http://termportal.fao.org/faonocs/appl/'),(735,154,'ru','Шри-Ланка','Демократическая Социалистическая Республика Шри-Ланка','http://termportal.fao.org/faonocs/appl/'),(736,91,'ar','ليسوتو','ليسوتو مملكة','http://termportal.fao.org/faonocs/appl/'),(737,91,'en','Lesotho','the Kingdom of Lesotho','http://termportal.fao.org/faonocs/appl/'),(738,91,'es','Lesotho','el Reino de Lesotho','http://termportal.fao.org/faonocs/appl/'),(739,91,'fr','Lesotho','le Royaume du Lesotho','http://termportal.fao.org/faonocs/appl/'),(740,91,'it','Lesotho','Regno di Lesotho','http://termportal.fao.org/faonocs/appl/'),(741,91,'zh','莱索托','莱索托王国','http://termportal.fao.org/faonocs/appl/'),(742,91,'ru','Лесото','Королевство Лесото','http://termportal.fao.org/faonocs/appl/'),(743,95,'ar','ليتوانيا','جمهورية ليتوانيا','http://termportal.fao.org/faonocs/appl/'),(744,95,'en','Lithuania','the Republic of Lithuania','http://termportal.fao.org/faonocs/appl/'),(745,95,'es','Lituania','la República de Lituania','http://termportal.fao.org/faonocs/appl/'),(746,95,'fr','Lituanie','la République de Lituanie','http://termportal.fao.org/faonocs/appl/'),(747,95,'it','Lituania','Repubblica di Lituania','http://termportal.fao.org/faonocs/appl/'),(748,95,'zh','立陶宛','立陶宛共和国','http://termportal.fao.org/faonocs/appl/'),(749,95,'ru','Литва','Литовская Республика','http://termportal.fao.org/faonocs/appl/'),(750,96,'ar','لكسمبرغ','الكبرى لكسمبرغ دوقية','http://termportal.fao.org/faonocs/appl/'),(751,96,'en','Luxembourg','the Grand Duchy of Luxembourg','http://termportal.fao.org/faonocs/appl/'),(752,96,'es','Luxemburgo','el Gran Ducado de Luxemburgo','http://termportal.fao.org/faonocs/appl/'),(753,96,'fr','Luxembourg','le Grand-Duché de Luxembourg','http://termportal.fao.org/faonocs/appl/'),(754,96,'it','Lussemburgo','Granducato di Lussemburgo','http://termportal.fao.org/faonocs/appl/'),(755,96,'zh','卢森堡','卢森堡大公国','http://termportal.fao.org/faonocs/appl/'),(756,96,'ru','Люксембург','Великое Герцогство Люксембург','http://termportal.fao.org/faonocs/appl/'),(757,89,'ar','لاتفيا','جمهورية لاتفيا','http://termportal.fao.org/faonocs/appl/'),(758,89,'en','Latvia','the Republic of Latvia','http://termportal.fao.org/faonocs/appl/'),(759,89,'es','Letonia','la República de Letonia','http://termportal.fao.org/faonocs/appl/'),(760,89,'fr','Lettonie','la République de Lettonie','http://termportal.fao.org/faonocs/appl/'),(761,89,'it','Lettonia','Repubblica di Lettonia','http://termportal.fao.org/faonocs/appl/'),(762,89,'zh','拉脱维亚','拉脱维亚共和国','http://termportal.fao.org/faonocs/appl/'),(763,89,'ru','Латвия','Латвийская Республика','http://termportal.fao.org/faonocs/appl/'),(764,110,'ar','المغرب','المملكة المغربية','http://termportal.fao.org/faonocs/appl/'),(765,110,'en','Morocco','the Kingdom of Morocco','http://termportal.fao.org/faonocs/appl/'),(766,110,'es','Marruecos','el Reino de Marruecos','http://termportal.fao.org/faonocs/appl/'),(767,110,'fr','Maroc','le Royaume du Maroc','http://termportal.fao.org/faonocs/appl/'),(768,110,'it','Marocco','Regno del Marocco','http://termportal.fao.org/faonocs/appl/'),(769,110,'zh','摩洛哥','摩洛哥王国','http://termportal.fao.org/faonocs/appl/'),(770,110,'ru','Марокко','Королевство Марокко','http://termportal.fao.org/faonocs/appl/'),(771,107,'ar','موناكو','إمارة موناكو','http://termportal.fao.org/faonocs/appl/'),(772,107,'en','Monaco','the Principality of Monaco','http://termportal.fao.org/faonocs/appl/'),(773,107,'es','Mónaco','el Principado de Mónaco','http://termportal.fao.org/faonocs/appl/'),(774,107,'fr','Monaco','la Principauté de Monaco','http://termportal.fao.org/faonocs/appl/'),(775,107,'it','Monaco','Principato di Monaco','http://termportal.fao.org/faonocs/appl/'),(776,107,'zh','摩纳哥','摩纳哥公国','http://termportal.fao.org/faonocs/appl/'),(777,107,'ru','Монако','Княжество Монако','http://termportal.fao.org/faonocs/appl/'),(778,190,'ar','جمهورية مولدوفا','جمهورية مولدوفا','http://termportal.fao.org/faonocs/appl/'),(779,190,'en','Republic of Moldova','the Republic of Moldova','http://termportal.fao.org/faonocs/appl/'),(780,190,'es','República de Moldova','la República de Moldova','http://termportal.fao.org/faonocs/appl/'),(781,190,'fr','République de Moldova','la République de Moldova','http://termportal.fao.org/faonocs/appl/'),(782,190,'it','Repubblica di Moldova','Repubblica di Moldova','http://termportal.fao.org/faonocs/appl/'),(783,190,'zh','摩尔多瓦共和国','摩尔多瓦共和国','http://termportal.fao.org/faonocs/appl/'),(784,190,'ru','Республика Молдова','Республика Молдова','http://termportal.fao.org/faonocs/appl/'),(785,97,'ar','مدغشقر','جمهورية مدغشقر','http://termportal.fao.org/faonocs/appl/'),(786,97,'en','Madagascar','the Republic of Madagascar','http://termportal.fao.org/faonocs/appl/'),(787,97,'es','Madagascar','la República de Madagascar','http://termportal.fao.org/faonocs/appl/'),(788,97,'fr','Madagascar','la République de Madagascar','http://termportal.fao.org/faonocs/appl/'),(789,97,'it','Madagascar','Repubblica del Madagascar','http://termportal.fao.org/faonocs/appl/'),(790,97,'zh','马达加斯加','马达加斯加共和国','http://termportal.fao.org/faonocs/appl/'),(791,97,'ru','Мадагаскар','Республика Мадагаскар','http://termportal.fao.org/faonocs/appl/'),(792,100,'ar','ملديف','جمهورية ملديف','http://termportal.fao.org/faonocs/appl/'),(793,100,'en','Maldives','the Republic of Maldives','http://termportal.fao.org/faonocs/appl/'),(794,100,'es','Maldivas','la República de Maldivas','http://termportal.fao.org/faonocs/appl/'),(795,100,'fr','Maldives','la République des Maldives','http://termportal.fao.org/faonocs/appl/'),(796,100,'it','Maldive','Repubblica delle Maldive','http://termportal.fao.org/faonocs/appl/'),(797,100,'zh','马尔代夫','马尔代夫共和国','http://termportal.fao.org/faonocs/appl/'),(798,100,'ru','Мальдивы','Мальдивская Республика','http://termportal.fao.org/faonocs/appl/'),(799,106,'ar','المكسيك','المكسيكية المتحدة الولايات','http://termportal.fao.org/faonocs/appl/'),(800,106,'en','Mexico','the United Mexican States','http://termportal.fao.org/faonocs/appl/'),(801,106,'es','México','los Estados Unidos Mexicanos','http://termportal.fao.org/faonocs/appl/'),(802,106,'fr','Mexique','les États-Unis du Mexique','http://termportal.fao.org/faonocs/appl/'),(803,106,'it','Messico','Stati Uniti messicani','http://termportal.fao.org/faonocs/appl/'),(804,106,'zh','墨西哥','墨西哥合众国','http://termportal.fao.org/faonocs/appl/'),(805,106,'ru','Мексика','Мексиканские Соединенные Штаты','http://termportal.fao.org/faonocs/appl/'),(806,103,'ar','جزر مارشال','جمهورية جزر مارشال','http://termportal.fao.org/faonocs/appl/'),(807,103,'en','Marshall Islands','the Republic of the Marshall Islands','http://termportal.fao.org/faonocs/appl/'),(808,103,'es','Islas Marshall','la República de las Islas Marshall','http://termportal.fao.org/faonocs/appl/'),(809,103,'fr','Îles Marshall','la République des Îles Marshall','http://termportal.fao.org/faonocs/appl/'),(810,103,'it','Isole Marshall','Repubblica delle Isole Marshall','http://termportal.fao.org/faonocs/appl/'),(811,103,'zh','马绍尔群岛','马绍尔群岛共和国','http://termportal.fao.org/faonocs/appl/'),(812,103,'ru','Маршалловы Острова','Республика Маршалловы Острова','http://termportal.fao.org/faonocs/appl/'),(813,191,'ar','جمهورية مقدونيا اليوغوسلافية السابقة','جمهورية مقدونيا اليوغوسلافية السابقة','http://termportal.fao.org/faonocs/appl/'),(814,191,'en','The former Yugoslav Republic of Macedonia','The former Yugoslav Republic of Macedonia','http://termportal.fao.org/faonocs/appl/'),(815,191,'es','ex República Yugoslava de Macedonia','la ex República Yugoslava de Macedonia','http://termportal.fao.org/faonocs/appl/'),(816,191,'fr','ex-République yougoslave de Macédoine','l\'ex-République yougoslave de Macédoine','http://termportal.fao.org/faonocs/appl/'),(817,191,'it','ex Repubblica jugoslava di Macedonia','L\'ex Repubblica jugoslava di Macedonia','http://termportal.fao.org/faonocs/appl/'),(818,191,'zh','前南斯拉夫的马其顿共和国','前南斯拉夫的马其顿共和国','http://termportal.fao.org/faonocs/appl/'),(819,191,'ru','бывшая югославская Республика Македония','бывшая югославская Республика Македония','http://termportal.fao.org/faonocs/appl/'),(820,101,'ar','مالي','مالي جمهورية','http://termportal.fao.org/faonocs/appl/'),(821,101,'en','Mali','the Republic of Mali','http://termportal.fao.org/faonocs/appl/'),(822,101,'es','Malí','la República de Malí','http://termportal.fao.org/faonocs/appl/'),(823,101,'fr','Mali','la République du Mali','http://termportal.fao.org/faonocs/appl/'),(824,101,'it','Mali','Repubblica del Mali','http://termportal.fao.org/faonocs/appl/'),(825,101,'zh','马 里','马里共和国','http://termportal.fao.org/faonocs/appl/'),(826,101,'ru','Мали','Республика Мали','http://termportal.fao.org/faonocs/appl/'),(827,102,'ar','مالطة','جمهورية مالطة','http://termportal.fao.org/faonocs/appl/'),(828,102,'en','Malta','the Republic of Malta','http://termportal.fao.org/faonocs/appl/'),(829,102,'es','Malta','la República de Malta','http://termportal.fao.org/faonocs/appl/'),(830,102,'fr','Malte','la République de Malte','http://termportal.fao.org/faonocs/appl/'),(831,102,'it','Malta','Repubblica di Malta','http://termportal.fao.org/faonocs/appl/'),(832,102,'zh','马耳他','马耳他共和国','http://termportal.fao.org/faonocs/appl/'),(833,102,'ru','Мальта','Республика Мальта','http://termportal.fao.org/faonocs/appl/'),(834,112,'ar','ميانمار','ميانمار اتحاد جمهورية','http://termportal.fao.org/faonocs/appl/'),(835,112,'en','Myanmar','the Republic of the Union of Myanmar','http://termportal.fao.org/faonocs/appl/'),(836,112,'es','Myanmar','la República de la Unión de Myanmar','http://termportal.fao.org/faonocs/appl/'),(837,112,'fr','Myanmar','République de l\'Union du Myanmar','http://termportal.fao.org/faonocs/appl/'),(838,112,'it','Myanmar','Repubblica dell\'Unione di Myanmar','http://termportal.fao.org/faonocs/appl/'),(839,112,'zh','缅 甸','缅甸联邦共和国','http://termportal.fao.org/faonocs/appl/'),(840,112,'ru','Мьянма','Республика Союз Мьянма','http://termportal.fao.org/faonocs/appl/'),(841,109,'ar','الأسود الجبل','الأسود الجبل','http://termportal.fao.org/faonocs/appl/'),(842,109,'en','Montenegro','Montenegro','http://termportal.fao.org/faonocs/appl/'),(843,109,'es','Montenegro','Montenegro','http://termportal.fao.org/faonocs/appl/'),(844,109,'fr','Monténégro','le Monténégro','http://termportal.fao.org/faonocs/appl/'),(845,109,'it','Montenegro','Montenegro','http://termportal.fao.org/faonocs/appl/'),(846,109,'zh','黑山','黑山','http://termportal.fao.org/faonocs/appl/'),(847,109,'ru','Черногория','Черногория','http://termportal.fao.org/faonocs/appl/'),(848,108,'ar','منغوليا','منغوليا','http://termportal.fao.org/faonocs/appl/'),(849,108,'en','Mongolia','Mongolia','http://termportal.fao.org/faonocs/appl/'),(850,108,'es','Mongolia','Mongolia','http://termportal.fao.org/faonocs/appl/'),(851,108,'fr','Mongolie','la Mongolie','http://termportal.fao.org/faonocs/appl/'),(852,108,'it','Mongolia','Mongolia','http://termportal.fao.org/faonocs/appl/'),(853,108,'zh','蒙 古','蒙古国','http://termportal.fao.org/faonocs/appl/'),(854,108,'ru','Монголия','Монголия','http://termportal.fao.org/faonocs/appl/'),(855,111,'ar','موزامبيق','جمهورية موزامبيق','http://termportal.fao.org/faonocs/appl/'),(856,111,'en','Mozambique','the Republic of Mozambique','http://termportal.fao.org/faonocs/appl/'),(857,111,'es','Mozambique','la República de Mozambique','http://termportal.fao.org/faonocs/appl/'),(858,111,'fr','Mozambique','la République du Mozambique','http://termportal.fao.org/faonocs/appl/'),(859,111,'it','Mozambico','Repubblica del Mozambico','http://termportal.fao.org/faonocs/appl/'),(860,111,'zh','莫桑比克','莫桑比克共和国','http://termportal.fao.org/faonocs/appl/'),(861,111,'ru','Мозамбик','Республика Мозамбик','http://termportal.fao.org/faonocs/appl/'),(862,104,'ar','موريتانيا','الجمهورية الإسلامية الموريتانية','http://termportal.fao.org/faonocs/appl/'),(863,104,'en','Mauritania','the Islamic Republic of Mauritania','http://termportal.fao.org/faonocs/appl/'),(864,104,'es','Mauritania','la República Islámica de Mauritania','http://termportal.fao.org/faonocs/appl/'),(865,104,'fr','Mauritanie','la République islamique de Mauritanie','http://termportal.fao.org/faonocs/appl/'),(866,104,'it','Mauritania','Repubblica islamica di Mauritania','http://termportal.fao.org/faonocs/appl/'),(867,104,'zh','毛里塔尼亚','毛里塔尼亚伊斯兰共和国','http://termportal.fao.org/faonocs/appl/'),(868,104,'ru','Мавритания','Исламская Республика Мавритания','http://termportal.fao.org/faonocs/appl/'),(869,105,'ar','موريشيوس','موريشيوس جمهورية','http://termportal.fao.org/faonocs/appl/'),(870,105,'en','Mauritius','the Republic of Mauritius','http://termportal.fao.org/faonocs/appl/'),(871,105,'es','Mauricio','la República de Mauricio','http://termportal.fao.org/faonocs/appl/'),(872,105,'fr','Maurice','la République de Maurice','http://termportal.fao.org/faonocs/appl/'),(873,105,'it','Maurizio','Repubblica di Maurizio','http://termportal.fao.org/faonocs/appl/'),(874,105,'zh','毛里求斯','毛里求斯共和国','http://termportal.fao.org/faonocs/appl/'),(875,105,'ru','Маврикий','Республика Маврикий','http://termportal.fao.org/faonocs/appl/'),(876,98,'ar','ملاوي','جمهورية ملاوي','http://termportal.fao.org/faonocs/appl/'),(877,98,'en','Malawi','the Republic of Malawi','http://termportal.fao.org/faonocs/appl/'),(878,98,'es','Malawi','la República de Malawi','http://termportal.fao.org/faonocs/appl/'),(879,98,'fr','Malawi','la République du Malawi','http://termportal.fao.org/faonocs/appl/'),(880,98,'it','Malawi','Repubblica del Malawi','http://termportal.fao.org/faonocs/appl/'),(881,98,'zh','马拉维','马拉维共和国','http://termportal.fao.org/faonocs/appl/'),(882,98,'ru','Малави','Республика Малави','http://termportal.fao.org/faonocs/appl/'),(883,99,'ar','ماليزيا','ماليزيا','http://termportal.fao.org/faonocs/appl/'),(884,99,'en','Malaysia','Malaysia','http://termportal.fao.org/faonocs/appl/'),(885,99,'es','Malasia','Malasia','http://termportal.fao.org/faonocs/appl/'),(886,99,'fr','Malaisie','la Malaisie','http://termportal.fao.org/faonocs/appl/'),(887,99,'it','Malaysia','Malaysia','http://termportal.fao.org/faonocs/appl/'),(888,99,'zh','马来西亚','马来西亚','http://termportal.fao.org/faonocs/appl/'),(889,99,'ru','Малайзия','Малайзия','http://termportal.fao.org/faonocs/appl/'),(890,113,'ar','ناميبيا','جمهورية ناميبيا','http://termportal.fao.org/faonocs/appl/'),(891,113,'en','Namibia','the Republic of Namibia','http://termportal.fao.org/faonocs/appl/'),(892,113,'es','Namibia','la República de Namibia','http://termportal.fao.org/faonocs/appl/'),(893,113,'fr','Namibie','la République de Namibie','http://termportal.fao.org/faonocs/appl/'),(894,113,'it','Namibia','Repubblica di Namibia','http://termportal.fao.org/faonocs/appl/'),(895,113,'zh','纳米比亚','纳米比亚共和国','http://termportal.fao.org/faonocs/appl/'),(896,113,'ru','Намибия','Республика Намибия','http://termportal.fao.org/faonocs/appl/'),(897,119,'ar','النيجر','جمهورية النيجر','http://termportal.fao.org/faonocs/appl/'),(898,119,'en','Niger','the Republic of the Niger','http://termportal.fao.org/faonocs/appl/'),(899,119,'es','Níger','la República del Níger','http://termportal.fao.org/faonocs/appl/'),(900,119,'fr','Niger','la République du Niger','http://termportal.fao.org/faonocs/appl/'),(901,119,'it','Niger','Repubblica del Niger','http://termportal.fao.org/faonocs/appl/'),(902,119,'zh','尼日尔','尼日尔共和国','http://termportal.fao.org/faonocs/appl/'),(903,119,'ru','Нигер','Республика Нигер','http://termportal.fao.org/faonocs/appl/'),(904,120,'ar','نيجيريا','الاتحادية نيجيريا جمهورية','http://termportal.fao.org/faonocs/appl/'),(905,120,'en','Nigeria','the Federal Republic of Nigeria','http://termportal.fao.org/faonocs/appl/'),(906,120,'es','Nigeria','la República Federal de Nigeria','http://termportal.fao.org/faonocs/appl/'),(907,120,'fr','Nigéria','la République fédérale du Nigéria','http://termportal.fao.org/faonocs/appl/'),(908,120,'it','Nigeria','Repubblica federale della Nigeria','http://termportal.fao.org/faonocs/appl/'),(909,120,'zh','尼日利亚','尼日利亚联邦共和国','http://termportal.fao.org/faonocs/appl/'),(910,120,'ru','Нигерия','Федеративная Республика Нигерия','http://termportal.fao.org/faonocs/appl/'),(911,118,'ar','نيكاراغوا','جمهورية  نيكاراغوا','http://termportal.fao.org/faonocs/appl/'),(912,118,'en','Nicaragua','the Republic of Nicaragua','http://termportal.fao.org/faonocs/appl/'),(913,118,'es','Nicaragua','la República de Nicaragua','http://termportal.fao.org/faonocs/appl/'),(914,118,'fr','Nicaragua','la République du Nicaragua','http://termportal.fao.org/faonocs/appl/'),(915,118,'it','Nicaragua','Repubblica di Nicaragua','http://termportal.fao.org/faonocs/appl/'),(916,118,'zh','尼加拉瓜','尼加拉瓜共和国','http://termportal.fao.org/faonocs/appl/'),(917,118,'ru','Никарагуа','Республика Никарагуа','http://termportal.fao.org/faonocs/appl/'),(918,192,'ar','نيوى','نيوى','http://termportal.fao.org/faonocs/appl/'),(919,192,'en','Niue','Niue','http://termportal.fao.org/faonocs/appl/'),(920,192,'es','Niue','Niue','http://termportal.fao.org/faonocs/appl/'),(921,192,'fr','Nioué','Nioué','http://termportal.fao.org/faonocs/appl/'),(922,192,'it','Niue','Niue','http://termportal.fao.org/faonocs/appl/'),(923,192,'zh','纽 埃','纽埃共和国','http://termportal.fao.org/faonocs/appl/'),(924,192,'ru','Ниуэ','Ниуэ','http://termportal.fao.org/faonocs/appl/'),(925,116,'ar','هولندا','هولندا مملكة','http://termportal.fao.org/faonocs/appl/'),(926,116,'en','Netherlands','the Kingdom of the Netherlands','http://termportal.fao.org/faonocs/appl/'),(927,116,'es','Países Bajos','el Reino de los Países Bajos','http://termportal.fao.org/faonocs/appl/'),(928,116,'fr','Pays-Bas','le Royaume des Pays-Bas','http://termportal.fao.org/faonocs/appl/'),(929,116,'it','Paesi Bassi','Regno dei Paesi Bassi','http://termportal.fao.org/faonocs/appl/'),(930,116,'zh','荷 兰','荷兰王国','http://termportal.fao.org/faonocs/appl/'),(931,116,'ru','Нидерланды','Королевство Нидерландов','http://termportal.fao.org/faonocs/appl/'),(932,121,'ar','النرويج','النرويج مملكة','http://termportal.fao.org/faonocs/appl/'),(933,121,'en','Norway','the Kingdom of Norway','http://termportal.fao.org/faonocs/appl/'),(934,121,'es','Noruega','el Reino de Noruega','http://termportal.fao.org/faonocs/appl/'),(935,121,'fr','Norvège','le Royaume de Norvège','http://termportal.fao.org/faonocs/appl/'),(936,121,'it','Norvegia','Regno di Norvegia','http://termportal.fao.org/faonocs/appl/'),(937,121,'zh','挪 威','挪威王国','http://termportal.fao.org/faonocs/appl/'),(938,121,'ru','Норвегия','Королевство Норвегия','http://termportal.fao.org/faonocs/appl/'),(939,115,'ar','نيبال','الاتحادية الديمقراطية نيبال جمهورية','http://termportal.fao.org/faonocs/appl/'),(940,115,'en','Nepal','the Federal Democratic Republic of Nepal','http://termportal.fao.org/faonocs/appl/'),(941,115,'es','Nepal','la República Democrática Federal de Nepal','http://termportal.fao.org/faonocs/appl/'),(942,115,'fr','Népal','la République fédérale démocratique du Nepal','http://termportal.fao.org/faonocs/appl/'),(943,115,'it','Nepal','Repubblica Democratica Federale di Nepal','http://termportal.fao.org/faonocs/appl/'),(944,115,'zh','尼泊尔','尼泊尔联邦民主共和国','http://termportal.fao.org/faonocs/appl/'),(945,115,'ru','Непал','Федеративная Демократическая Республика Непал','http://termportal.fao.org/faonocs/appl/'),(946,114,'ar','ناورو','ناورو جمهورية','http://termportal.fao.org/faonocs/appl/'),(947,114,'en','Nauru','the Republic of Nauru','http://termportal.fao.org/faonocs/appl/'),(948,114,'es','Nauru','la República de Nauru','http://termportal.fao.org/faonocs/appl/'),(949,114,'fr','Nauru','la République de Nauru','http://termportal.fao.org/faonocs/appl/'),(950,114,'it','Nauru','Repubblica di Nauru','http://termportal.fao.org/faonocs/appl/'),(951,114,'zh','瑙 鲁','瑙鲁共和国','http://termportal.fao.org/faonocs/appl/'),(952,114,'ru','Науру','Республика Науру','http://termportal.fao.org/faonocs/appl/'),(953,117,'ar','نيوزيلندا','نيوزيلندا','http://termportal.fao.org/faonocs/appl/'),(954,117,'en','New Zealand','New Zealand','http://termportal.fao.org/faonocs/appl/'),(955,117,'es','Nueva Zelandia','Nueva Zelandia','http://termportal.fao.org/faonocs/appl/'),(956,117,'fr','Nouvelle-Zélande','la Nouvelle-Zélande','http://termportal.fao.org/faonocs/appl/'),(957,117,'it','Nuova Zelanda','Nuova Zelanda','http://termportal.fao.org/faonocs/appl/'),(958,117,'zh','新西兰','新西兰','http://termportal.fao.org/faonocs/appl/'),(959,117,'ru','Новая Зеландия','Новая Зеландия','http://termportal.fao.org/faonocs/appl/'),(960,122,'ar','عمان','سلطنة عمان','http://termportal.fao.org/faonocs/appl/'),(961,122,'en','Oman','the Sultanate of Oman','http://termportal.fao.org/faonocs/appl/'),(962,122,'es','Omán','la Sultanía de Omán','http://termportal.fao.org/faonocs/appl/'),(963,122,'fr','Oman','le Sultanat d\'Oman','http://termportal.fao.org/faonocs/appl/'),(964,122,'it','Oman','Sultanato dell\'Oman','http://termportal.fao.org/faonocs/appl/'),(965,122,'zh','阿 曼','阿曼苏丹国','http://termportal.fao.org/faonocs/appl/'),(966,122,'ru','Оман','Султанат Оман','http://termportal.fao.org/faonocs/appl/'),(967,123,'ar','باكستان','الإسلامية باكستان جمهورية','http://termportal.fao.org/faonocs/appl/'),(968,123,'en','Pakistan','the Islamic Republic of Pakistan','http://termportal.fao.org/faonocs/appl/'),(969,123,'es','Pakistán','la República Islámica del Pakistán','http://termportal.fao.org/faonocs/appl/'),(970,123,'fr','Pakistan','la République islamique du Pakistan','http://termportal.fao.org/faonocs/appl/'),(971,123,'it','Pakistan','Repubblica islamica del Pakistan','http://termportal.fao.org/faonocs/appl/'),(972,123,'zh','巴基斯坦','巴基斯坦伊斯兰共和国','http://termportal.fao.org/faonocs/appl/'),(973,123,'ru','Пакистан','Исламская Республика Пакистан','http://termportal.fao.org/faonocs/appl/'),(974,125,'ar','بنما','بنما جمهورية','http://termportal.fao.org/faonocs/appl/'),(975,125,'en','Panama','the Republic of Panama','http://termportal.fao.org/faonocs/appl/'),(976,125,'es','Panamá','la República de Panamá','http://termportal.fao.org/faonocs/appl/'),(977,125,'fr','Panama','la République du Panama','http://termportal.fao.org/faonocs/appl/'),(978,125,'it','Panama','Repubblica di Panama','http://termportal.fao.org/faonocs/appl/'),(979,125,'zh','巴拿马','巴拿马共和国','http://termportal.fao.org/faonocs/appl/'),(980,125,'ru','Панама','Республика Панама','http://termportal.fao.org/faonocs/appl/'),(981,128,'ar','بيرو','بيرو جمهورية','http://termportal.fao.org/faonocs/appl/'),(982,128,'en','Peru','the Republic of Peru','http://termportal.fao.org/faonocs/appl/'),(983,128,'es','Perú','la República del Perú','http://termportal.fao.org/faonocs/appl/'),(984,128,'fr','Pérou','la République du Pérou','http://termportal.fao.org/faonocs/appl/'),(985,128,'it','Perù','Repubblica del Perù','http://termportal.fao.org/faonocs/appl/'),(986,128,'zh','秘 鲁','秘鲁共和国','http://termportal.fao.org/faonocs/appl/'),(987,128,'ru','Перу','Республика Перу','http://termportal.fao.org/faonocs/appl/'),(988,129,'ar','الفلبين','الفلبين جمهورية','http://termportal.fao.org/faonocs/appl/'),(989,129,'en','Philippines','the Republic of the Philippines','http://termportal.fao.org/faonocs/appl/'),(990,129,'es','Filipinas','la República de Filipinas','http://termportal.fao.org/faonocs/appl/'),(991,129,'fr','Philippines','la République des Philippines','http://termportal.fao.org/faonocs/appl/'),(992,129,'it','Filippine','Repubblica delle Filippine','http://termportal.fao.org/faonocs/appl/'),(993,129,'zh','菲律宾','菲律宾共和国','http://termportal.fao.org/faonocs/appl/'),(994,129,'ru','Филиппины','Республика Филиппины','http://termportal.fao.org/faonocs/appl/'),(995,124,'ar','بالاو','جمهورية بالاو','http://termportal.fao.org/faonocs/appl/'),(996,124,'en','Palau','the Republic of Palau','http://termportal.fao.org/faonocs/appl/'),(997,124,'es','Palau','la República de Palau','http://termportal.fao.org/faonocs/appl/'),(998,124,'fr','Palaos','la République des Palaos','http://termportal.fao.org/faonocs/appl/'),(999,124,'it','Palau','Repubblica di Palau','http://termportal.fao.org/faonocs/appl/'),(1000,124,'zh','帕劳','帕劳共和国','http://termportal.fao.org/faonocs/appl/'),(1001,124,'ru','Палау','Республика Палау','http://termportal.fao.org/faonocs/appl/'),(1002,126,'ar','الجديدة غينيا بابوا','المستقلة الجديدة غينيا بابوا دولة','http://termportal.fao.org/faonocs/appl/'),(1003,126,'en','Papua New Guinea','Independent State of Papua New Guinea','http://termportal.fao.org/faonocs/appl/'),(1004,126,'es','Papua Nueva Guinea','Estado Independiente de Papua Nueva Guinea','http://termportal.fao.org/faonocs/appl/'),(1005,126,'fr','Papouasie-Nouvelle-Guinée','État indépendant de Papouasie-Nouvelle-Guinée','http://termportal.fao.org/faonocs/appl/'),(1006,126,'it','Papua Nuova Guinea','Stato indipendente di Papua Nuova Guinea','http://termportal.fao.org/faonocs/appl/'),(1007,126,'zh','巴布亚新几内亚','巴布亚新几内亚独立国','http://termportal.fao.org/faonocs/appl/'),(1008,126,'ru','Папуа-Новая Гвинея','Независимое государство Папуа-Новая Гвинея','http://termportal.fao.org/faonocs/appl/'),(1009,130,'ar','بولندا','جمهورية بولندا','http://termportal.fao.org/faonocs/appl/'),(1010,130,'en','Poland','the Republic of Poland','http://termportal.fao.org/faonocs/appl/'),(1011,130,'es','Polonia','la República de Polonia','http://termportal.fao.org/faonocs/appl/'),(1012,130,'fr','Pologne','la République de Pologne','http://termportal.fao.org/faonocs/appl/'),(1013,130,'it','Polonia','Repubblica di Polonia','http://termportal.fao.org/faonocs/appl/'),(1014,130,'zh','波 兰','波兰共和国','http://termportal.fao.org/faonocs/appl/'),(1015,130,'ru','Польша','Республика Польша','http://termportal.fao.org/faonocs/appl/'),(1016,188,'ar','الديمقراطية الشعبية كوريا جمهورية','الديمقراطية الشعبية كوريا جمهورية','http://termportal.fao.org/faonocs/appl/'),(1017,188,'en','Democratic People\'s Republic of Korea','the Democratic People\'s Republic of Korea','http://termportal.fao.org/faonocs/appl/'),(1018,188,'es','República Popular Democrática de Corea','la República Popular Democrática de Corea','http://termportal.fao.org/faonocs/appl/'),(1019,188,'fr','République populaire démocratique de Corée','la République populaire démocratique de Corée','http://termportal.fao.org/faonocs/appl/'),(1020,188,'it','Repubblica popolare democratica di Corea','Repubblica popolare democratica di Corea','http://termportal.fao.org/faonocs/appl/'),(1021,188,'zh','朝鲜民主主义人民共和国','朝鲜民主主义人民共和国','http://termportal.fao.org/faonocs/appl/'),(1022,188,'ru','Корейская Народно-Демократическая Республика','Корейская Народно-Демократическая Республика','http://termportal.fao.org/faonocs/appl/'),(1023,131,'ar','البرتغال','البرتغال جمهورية','http://termportal.fao.org/faonocs/appl/'),(1024,131,'en','Portugal','the Portuguese Republic','http://termportal.fao.org/faonocs/appl/'),(1025,131,'es','Portugal','la República Portuguesa','http://termportal.fao.org/faonocs/appl/'),(1026,131,'fr','Portugal','la République portugaise','http://termportal.fao.org/faonocs/appl/'),(1027,131,'it','Portogallo','Repubblica portoghese','http://termportal.fao.org/faonocs/appl/'),(1028,131,'zh','葡萄牙','葡萄牙共和国','http://termportal.fao.org/faonocs/appl/'),(1029,131,'ru','Португалия','Португальская Республика','http://termportal.fao.org/faonocs/appl/'),(1030,127,'ar','باراغواي','باراغواي جمهورية','http://termportal.fao.org/faonocs/appl/'),(1031,127,'en','Paraguay','the Republic of Paraguay','http://termportal.fao.org/faonocs/appl/'),(1032,127,'es','Paraguay','la República del Paraguay','http://termportal.fao.org/faonocs/appl/'),(1033,127,'fr','Paraguay','la République du Paraguay','http://termportal.fao.org/faonocs/appl/'),(1034,127,'it','Paraguay','Repubblica del Paraguay','http://termportal.fao.org/faonocs/appl/'),(1035,127,'zh','巴拉圭','巴拉圭共和国','http://termportal.fao.org/faonocs/appl/'),(1036,127,'ru','Парагвай','Республика Парагвай','http://termportal.fao.org/faonocs/appl/'),(1037,132,'ar','قطر','قطر دولة','http://termportal.fao.org/faonocs/appl/'),(1038,132,'en','Qatar','the State of Qatar','http://termportal.fao.org/faonocs/appl/'),(1039,132,'es','Qatar','el Estado de Qatar','http://termportal.fao.org/faonocs/appl/'),(1040,132,'fr','Qatar','l\'État du Qatar','http://termportal.fao.org/faonocs/appl/'),(1041,132,'it','Qatar','Stato del Qatar','http://termportal.fao.org/faonocs/appl/'),(1042,132,'zh','卡塔尔','卡塔尔国','http://termportal.fao.org/faonocs/appl/'),(1043,132,'ru','Катар','Государство Катар','http://termportal.fao.org/faonocs/appl/'),(1044,133,'ar','رومانيا','رومانيا','http://termportal.fao.org/faonocs/appl/'),(1045,133,'en','Romania','Romania','http://termportal.fao.org/faonocs/appl/'),(1046,133,'es','Rumania','Rumania','http://termportal.fao.org/faonocs/appl/'),(1047,133,'fr','Roumanie','la Roumanie','http://termportal.fao.org/faonocs/appl/'),(1048,133,'it','Romania','Romania','http://termportal.fao.org/faonocs/appl/'),(1049,133,'zh','罗马尼亚','罗马尼亚','http://termportal.fao.org/faonocs/appl/'),(1050,133,'ru','Румыния','Румыния','http://termportal.fao.org/faonocs/appl/'),(1051,134,'ar','الاتحاد الروسي','الاتحاد الروسي','http://termportal.fao.org/faonocs/appl/'),(1052,134,'en','Russian Federation','the Russian Federation','http://termportal.fao.org/faonocs/appl/'),(1053,134,'es','Federación de Rusia','la Federación de Rusia','http://termportal.fao.org/faonocs/appl/'),(1054,134,'fr','Fédération de Russie','la Fédération de Russie','http://termportal.fao.org/faonocs/appl/'),(1055,134,'it','Russia','Federazione russa','http://termportal.fao.org/faonocs/appl/'),(1056,134,'zh','俄罗斯联邦','俄罗斯联邦','http://termportal.fao.org/faonocs/appl/'),(1057,134,'ru','Российская Федерация','Российская Федерация','http://termportal.fao.org/faonocs/appl/'),(1058,135,'ar','رواندا','رواندا  جمهورية','http://termportal.fao.org/faonocs/appl/'),(1059,135,'en','Rwanda','the Republic of Rwanda','http://termportal.fao.org/faonocs/appl/'),(1060,135,'es','Rwanda','la República de Rwanda','http://termportal.fao.org/faonocs/appl/'),(1061,135,'fr','Rwanda','la République du Rwanda','http://termportal.fao.org/faonocs/appl/'),(1062,135,'it','Ruanda','Repubblica del Ruanda','http://termportal.fao.org/faonocs/appl/'),(1063,135,'zh','卢旺达','卢旺达共和国','http://termportal.fao.org/faonocs/appl/'),(1064,135,'ru','Руанда','Республика Руанда','http://termportal.fao.org/faonocs/appl/'),(1065,142,'ar','السعودية العربية المملكة','السعودية العربية المملكة','http://termportal.fao.org/faonocs/appl/'),(1066,142,'en','Saudi Arabia','the Kingdom of Saudi Arabia','http://termportal.fao.org/faonocs/appl/'),(1067,142,'es','Arabia Saudita','el Reino de la Arabia Saudita','http://termportal.fao.org/faonocs/appl/'),(1068,142,'fr','Arabie saoudite','le Royaume d\'Arabie saoudite','http://termportal.fao.org/faonocs/appl/'),(1069,142,'it','Arabia Saudita','Regno dell\'Arabia Saudita','http://termportal.fao.org/faonocs/appl/'),(1070,142,'zh','沙特阿拉伯','沙特阿拉伯王国','http://termportal.fao.org/faonocs/appl/'),(1071,142,'ru','Саудовская Аравия','Королевство Саудовская Аравия','http://termportal.fao.org/faonocs/appl/'),(1072,155,'ar','السودان','السودان جمهورية','http://termportal.fao.org/faonocs/appl/'),(1073,155,'en','Sudan','the Republic of the Sudan','http://termportal.fao.org/faonocs/appl/'),(1074,155,'es','Sudán','la República del Sudán','http://termportal.fao.org/faonocs/appl/'),(1075,155,'fr','Soudan','la République du Soudan','http://termportal.fao.org/faonocs/appl/'),(1076,155,'it','Sudan','Repubblica del Sudan','http://termportal.fao.org/faonocs/appl/'),(1077,155,'zh','苏 丹','苏丹共和国','http://termportal.fao.org/faonocs/appl/'),(1078,155,'ru','Судан','Республика Судан','http://termportal.fao.org/faonocs/appl/'),(1079,143,'ar','السنغال','السنغال جمهورية','http://termportal.fao.org/faonocs/appl/'),(1080,143,'en','Senegal','the Republic of Senegal','http://termportal.fao.org/faonocs/appl/'),(1081,143,'es','Senegal','la República del Senegal','http://termportal.fao.org/faonocs/appl/'),(1082,143,'fr','Sénégal','la République du Sénégal','http://termportal.fao.org/faonocs/appl/'),(1083,143,'it','Senegal','Repubblica del Senegal','http://termportal.fao.org/faonocs/appl/'),(1084,143,'zh','塞内加尔','塞内加尔共和国','http://termportal.fao.org/faonocs/appl/'),(1085,143,'ru','Сенегал','Республика Сенегал','http://termportal.fao.org/faonocs/appl/'),(1086,147,'ar','سنغافورة','جمهورية سنغافورة','http://termportal.fao.org/faonocs/appl/'),(1087,147,'en','Singapore','the Republic of Singapore','http://termportal.fao.org/faonocs/appl/'),(1088,147,'es','Singapur','la República de Singapur','http://termportal.fao.org/faonocs/appl/'),(1089,147,'fr','Singapour','la République de Singapour','http://termportal.fao.org/faonocs/appl/'),(1090,147,'it','Singapore','Repubblica di Singapore','http://termportal.fao.org/faonocs/appl/'),(1091,147,'zh','新加坡','新加坡共和国','http://termportal.fao.org/faonocs/appl/'),(1092,147,'ru','Сингапур','Республика Сингапур','http://termportal.fao.org/faonocs/appl/'),(1093,150,'ar','جزر سليمان','جزر سليمان','http://termportal.fao.org/faonocs/appl/'),(1094,150,'en','Solomon Islands','Solomon Islands','http://termportal.fao.org/faonocs/appl/'),(1095,150,'es','Islas Salomón','las Islas Salomón','http://termportal.fao.org/faonocs/appl/'),(1096,150,'fr','Îles Salomon','les Îles Salomon','http://termportal.fao.org/faonocs/appl/'),(1097,150,'it','Isole Salomone','Isole Salomone','http://termportal.fao.org/faonocs/appl/'),(1098,150,'zh','所罗门群岛','所罗门群岛','http://termportal.fao.org/faonocs/appl/'),(1099,150,'ru','Соломоновы Острова','Соломоновы Острова','http://termportal.fao.org/faonocs/appl/'),(1100,146,'ar','سيراليون','جمهورية سيراليون','http://termportal.fao.org/faonocs/appl/'),(1101,146,'en','Sierra Leone','the Republic of Sierra Leone','http://termportal.fao.org/faonocs/appl/'),(1102,146,'es','Sierra Leona','la República de Sierra Leona','http://termportal.fao.org/faonocs/appl/'),(1103,146,'fr','Sierra Leone','la République de Sierra Leone','http://termportal.fao.org/faonocs/appl/'),(1104,146,'it','Sierra Leone','Repubblica di Sierra Leone','http://termportal.fao.org/faonocs/appl/'),(1105,146,'zh','塞拉利昂','塞拉利昂共和国','http://termportal.fao.org/faonocs/appl/'),(1106,146,'ru','Сьерра-Леоне','Республика Сьерра-Леоне','http://termportal.fao.org/faonocs/appl/'),(1107,51,'ar','السلفادور','السلفادور جمهورية','http://termportal.fao.org/faonocs/appl/'),(1108,51,'en','El Salvador','the Republic of El Salvador','http://termportal.fao.org/faonocs/appl/'),(1109,51,'es','El Salvador','la República de El Salvador','http://termportal.fao.org/faonocs/appl/'),(1110,51,'fr','El Salvador','la République d\'El Salvador','http://termportal.fao.org/faonocs/appl/'),(1111,51,'it','El Salvador','Repubblica di El Salvador','http://termportal.fao.org/faonocs/appl/'),(1112,51,'zh','萨尔瓦多','萨尔瓦多共和国','http://termportal.fao.org/faonocs/appl/'),(1113,51,'ru','Сальвадор','Республика Эль-Сальвадор','http://termportal.fao.org/faonocs/appl/'),(1114,140,'ar','مارينو سان','مارينو سان جمهورية','http://termportal.fao.org/faonocs/appl/'),(1115,140,'en','San Marino','the Republic of San Marino','http://termportal.fao.org/faonocs/appl/'),(1116,140,'es','San Marino','la República de San Marino','http://termportal.fao.org/faonocs/appl/'),(1117,140,'fr','Saint-Marin','la République de Saint-Marin','http://termportal.fao.org/faonocs/appl/'),(1118,140,'it','San Marino','Repubblica di San Marino','http://termportal.fao.org/faonocs/appl/'),(1119,140,'zh','圣马力诺','圣马力诺共和国','http://termportal.fao.org/faonocs/appl/'),(1120,140,'ru','Сан-Марино','Республика Сан-Марино','http://termportal.fao.org/faonocs/appl/'),(1121,151,'ar','الصومال','جمهورية الصومال الإتحادية','http://termportal.fao.org/faonocs/appl/'),(1122,151,'en','Somalia','the Federal Republic of Somalia','http://termportal.fao.org/faonocs/appl/'),(1123,151,'es','Somalia','la República Federal de Somalia','http://termportal.fao.org/faonocs/appl/'),(1124,151,'fr','Somalie','la République fédérale de Somalie','http://termportal.fao.org/faonocs/appl/'),(1125,151,'it','Somalia','Repubblica Federale di Somalia','http://termportal.fao.org/faonocs/appl/'),(1126,151,'zh','索马里','索马里联邦共和国','http://termportal.fao.org/faonocs/appl/'),(1127,151,'ru','Сомали','Федеративная Республика Сомали','http://termportal.fao.org/faonocs/appl/'),(1128,144,'ar','صربيا','جمهورية صربيا','http://termportal.fao.org/faonocs/appl/'),(1129,144,'en','Serbia','the Republic of Serbia','http://termportal.fao.org/faonocs/appl/'),(1130,144,'es','Serbia','la República de Serbia','http://termportal.fao.org/faonocs/appl/'),(1131,144,'fr','Serbie','la République de Serbie','http://termportal.fao.org/faonocs/appl/'),(1132,144,'it','Serbia','la Repubblica di Serbia','http://termportal.fao.org/faonocs/appl/'),(1133,144,'zh','塞尔维亚','塞尔维亚共和国','http://termportal.fao.org/faonocs/appl/'),(1134,144,'ru','Сербия','Республика Сербия','http://termportal.fao.org/faonocs/appl/'),(1135,250,'ar','السودان جنوب','السودان جنوب جمهورية','http://termportal.fao.org/faonocs/appl/'),(1136,250,'en','South Sudan','the Republic of South Sudan','http://termportal.fao.org/faonocs/appl/'),(1137,250,'es','Sudán del Sur','la República de Sudán del Sur','http://termportal.fao.org/faonocs/appl/'),(1138,250,'fr','Soudan du Sud','République du Soudan du Sud','http://termportal.fao.org/faonocs/appl/'),(1139,250,'it','Sud Sudan','Repubblica del Sud Sudan','http://termportal.fao.org/faonocs/appl/'),(1140,250,'zh','南苏丹','南苏丹共和国','http://termportal.fao.org/faonocs/appl/'),(1141,250,'ru','Южный Судан','Республика Южный Судан','http://termportal.fao.org/faonocs/appl/'),(1142,141,'ar','وبرنسيبي تومي سان','الديمقراطية وبرنسيبي تومي سان جمهورية','http://termportal.fao.org/faonocs/appl/'),(1143,141,'en','Sao Tome and Principe','the Democratic Republic of Sao Tome and Principe','http://termportal.fao.org/faonocs/appl/'),(1144,141,'es','Santo Tomé y Príncipe','la República Democrática de Santo Tomé y Príncipe','http://termportal.fao.org/faonocs/appl/'),(1145,141,'fr','Sao Tomé-et-Principe','la République démocratique de Sao Tomé-et-Principe','http://termportal.fao.org/faonocs/appl/'),(1146,141,'it','São Tomé e Príncipe','Repubblica democratica di São Tomé e Príncipe','http://termportal.fao.org/faonocs/appl/'),(1147,141,'zh','圣多美和普林西比','圣多美和普林西比民主共和国','http://termportal.fao.org/faonocs/appl/'),(1148,141,'ru','Сан-Томе и Принсипи','Демократическая Республика Сан-Томе и Принсипи','http://termportal.fao.org/faonocs/appl/'),(1149,156,'ar','سورينام','جمهورية سورينام','http://termportal.fao.org/faonocs/appl/'),(1150,156,'en','Suriname','the Republic of Suriname','http://termportal.fao.org/faonocs/appl/'),(1151,156,'es','Suriname','la República de Suriname','http://termportal.fao.org/faonocs/appl/'),(1152,156,'fr','Suriname','la République du Suriname','http://termportal.fao.org/faonocs/appl/'),(1153,156,'it','Suriname','Repubblica di Suriname','http://termportal.fao.org/faonocs/appl/'),(1154,156,'zh','苏里南','苏里南共和国','http://termportal.fao.org/faonocs/appl/'),(1155,156,'ru','Суринам','Республика Суринам','http://termportal.fao.org/faonocs/appl/'),(1156,148,'ar','سلوفاكيا','السلوفاكية الجمهورية','http://termportal.fao.org/faonocs/appl/'),(1157,148,'en','Slovakia','the Slovak Republic','http://termportal.fao.org/faonocs/appl/'),(1158,148,'es','Eslovaquia','la República Eslovaca','http://termportal.fao.org/faonocs/appl/'),(1159,148,'fr','Slovaquie','la République slovaque','http://termportal.fao.org/faonocs/appl/'),(1160,148,'it','Slovacchia','Repubblica slovacca','http://termportal.fao.org/faonocs/appl/'),(1161,148,'zh','斯洛伐克','斯洛伐克共和国','http://termportal.fao.org/faonocs/appl/'),(1162,148,'ru','Словакия','Словацкая Республика','http://termportal.fao.org/faonocs/appl/'),(1163,149,'ar','سلوفينيا','جمهورية سلوفينيا','http://termportal.fao.org/faonocs/appl/'),(1164,149,'en','Slovenia','the Republic of Slovenia','http://termportal.fao.org/faonocs/appl/'),(1165,149,'es','Eslovenia','la República de Eslovenia','http://termportal.fao.org/faonocs/appl/'),(1166,149,'fr','Slovénie','la République de Slovénie','http://termportal.fao.org/faonocs/appl/'),(1167,149,'it','Slovenia','Repubblica di Slovenia','http://termportal.fao.org/faonocs/appl/'),(1168,149,'zh','斯洛文尼亚','斯洛文尼亚共和国','http://termportal.fao.org/faonocs/appl/'),(1169,149,'ru','Словения','Республика Словения','http://termportal.fao.org/faonocs/appl/'),(1170,158,'ar','السويد','مملكة السويد','http://termportal.fao.org/faonocs/appl/'),(1171,158,'en','Sweden','the Kingdom of Sweden','http://termportal.fao.org/faonocs/appl/'),(1172,158,'es','Suecia','el Reino de Suecia','http://termportal.fao.org/faonocs/appl/'),(1173,158,'fr','Suède','le Royaume de Suède','http://termportal.fao.org/faonocs/appl/'),(1174,158,'it','Svezia','Regno di Svezia','http://termportal.fao.org/faonocs/appl/'),(1175,158,'zh','瑞 典','瑞典王国','http://termportal.fao.org/faonocs/appl/'),(1176,158,'ru','Швеция','Королевство Швеция','http://termportal.fao.org/faonocs/appl/'),(1177,157,'ar','سوازيلند','سوازيلند مملكة','http://termportal.fao.org/faonocs/appl/'),(1178,157,'en','Swaziland','the Kingdom of Swaziland','http://termportal.fao.org/faonocs/appl/'),(1179,157,'es','Swazilandia','el Reino de Swazilandia','http://termportal.fao.org/faonocs/appl/'),(1180,157,'fr','Swaziland','le Royaume du Swaziland','http://termportal.fao.org/faonocs/appl/'),(1181,157,'it','Swaziland','Regno dello Swaziland','http://termportal.fao.org/faonocs/appl/'),(1182,157,'zh','斯威士兰','斯威士兰王国','http://termportal.fao.org/faonocs/appl/'),(1183,157,'ru','Свазиленд','Королевство Свазиленд','http://termportal.fao.org/faonocs/appl/'),(1184,145,'ar','سيشيل','جمهورية سيشيل','http://termportal.fao.org/faonocs/appl/'),(1185,145,'en','Seychelles','the Republic of Seychelles','http://termportal.fao.org/faonocs/appl/'),(1186,145,'es','Seychelles','la República de Seychelles','http://termportal.fao.org/faonocs/appl/'),(1187,145,'fr','Seychelles','la République des Seychelles','http://termportal.fao.org/faonocs/appl/'),(1188,145,'it','Seychelles','Repubblica delle Seychelles','http://termportal.fao.org/faonocs/appl/'),(1189,145,'zh','塞舌尔','塞舌尔共和国','http://termportal.fao.org/faonocs/appl/'),(1190,145,'ru','Сейшельские Острова','Республика Сейшельские Острова','http://termportal.fao.org/faonocs/appl/'),(1191,160,'ar','الجمهورية العربية السورية','الجمهورية العربية السورية','http://termportal.fao.org/faonocs/appl/'),(1192,160,'en','Syrian Arab Republic','the Syrian Arab Republic','http://termportal.fao.org/faonocs/appl/'),(1193,160,'es','República Árabe Siria','la República Árabe Siria','http://termportal.fao.org/faonocs/appl/'),(1194,160,'fr','République arabe syrienne','la République arabe syrienne','http://termportal.fao.org/faonocs/appl/'),(1195,160,'it','Siria','Repubblica araba siriana','http://termportal.fao.org/faonocs/appl/'),(1196,160,'zh','阿拉伯叙利亚共和国','阿拉伯叙利亚共和国','http://termportal.fao.org/faonocs/appl/'),(1197,160,'ru','Сирийская Арабская Республика','Сирийская Арабская Республика','http://termportal.fao.org/faonocs/appl/'),(1198,33,'ar','تشاد','تشاد جمهورية','http://termportal.fao.org/faonocs/appl/'),(1199,33,'en','Chad','the Republic of Chad','http://termportal.fao.org/faonocs/appl/'),(1200,33,'es','Chad','la República del Chad','http://termportal.fao.org/faonocs/appl/'),(1201,33,'fr','Tchad','la République du Tchad','http://termportal.fao.org/faonocs/appl/'),(1202,33,'it','Ciad','Repubblica del Ciad','http://termportal.fao.org/faonocs/appl/'),(1203,33,'zh','乍 得','乍得共和国','http://termportal.fao.org/faonocs/appl/'),(1204,33,'ru','Чад','Республика Чад','http://termportal.fao.org/faonocs/appl/'),(1205,164,'ar','توغو','توغو جمهورية','http://termportal.fao.org/faonocs/appl/'),(1206,164,'en','Togo','the Togolese Republic','http://termportal.fao.org/faonocs/appl/'),(1207,164,'es','Togo','la República Togolesa','http://termportal.fao.org/faonocs/appl/'),(1208,164,'fr','Togo','la République togolaise','http://termportal.fao.org/faonocs/appl/'),(1209,164,'it','Togo','Repubblica del Togo','http://termportal.fao.org/faonocs/appl/'),(1210,164,'zh','多 哥','多哥共和国','http://termportal.fao.org/faonocs/appl/'),(1211,164,'ru','Того','Тоголезская Республика','http://termportal.fao.org/faonocs/appl/'),(1212,162,'ar','تايلند','تايلند مملكة','http://termportal.fao.org/faonocs/appl/'),(1213,162,'en','Thailand','the Kingdom of Thailand','http://termportal.fao.org/faonocs/appl/'),(1214,162,'es','Tailandia','el Reino de Tailandia','http://termportal.fao.org/faonocs/appl/'),(1215,162,'fr','Thaïlande','le Royaume de Thaïlande','http://termportal.fao.org/faonocs/appl/'),(1216,162,'it','Thailandia','Regno di Thailandia','http://termportal.fao.org/faonocs/appl/'),(1217,162,'zh','泰 国','泰王国','http://termportal.fao.org/faonocs/appl/'),(1218,162,'ru','Таиланд','Королевство Таиланд','http://termportal.fao.org/faonocs/appl/'),(1219,161,'ar','طاجيكستان','جمهورية طاجيكستان','http://termportal.fao.org/faonocs/appl/'),(1220,161,'en','Tajikistan','the Republic of Tajikistan','http://termportal.fao.org/faonocs/appl/'),(1221,161,'es','Tayikistán','la República de Tayikistán','http://termportal.fao.org/faonocs/appl/'),(1222,161,'fr','Tadjikistan','la République du Tadjikistan','http://termportal.fao.org/faonocs/appl/'),(1223,161,'it','Tagikistan','Repubblica del Tagikistan','http://termportal.fao.org/faonocs/appl/'),(1224,161,'zh','塔吉克斯坦','塔吉克斯坦共和国','http://termportal.fao.org/faonocs/appl/'),(1225,161,'ru','Таджикистан','Республика Таджикистан','http://termportal.fao.org/faonocs/appl/'),(1226,241,'ar','منتسب عضو - توكيلاو','توكيلاو','http://termportal.fao.org/faonocs/appl/'),(1227,241,'en','Tokelau (Associate Member)','Tokelau','http://termportal.fao.org/faonocs/appl/'),(1228,241,'es','Tokelau (Miembro Asociado)','Tokelau','http://termportal.fao.org/faonocs/appl/'),(1229,241,'fr','Tokélaou (Membre associé)','les Tokélaou','http://termportal.fao.org/faonocs/appl/'),(1230,241,'it','Tokelau (Membro associato)','Tokelau','http://termportal.fao.org/faonocs/appl/'),(1231,241,'zh','托克劳（准成员）','托克劳','http://termportal.fao.org/faonocs/appl/'),(1232,241,'ru','Токелау (ассоциированный член)','Токелау','http://termportal.fao.org/faonocs/appl/'),(1233,169,'ar','تركمانستان','تركمانستان','http://termportal.fao.org/faonocs/appl/'),(1234,169,'en','Turkmenistan','Turkmenistan','http://termportal.fao.org/faonocs/appl/'),(1235,169,'es','Turkmenistán','Turkmenistán','http://termportal.fao.org/faonocs/appl/'),(1236,169,'fr','Turkménistan','le Turkménistan','http://termportal.fao.org/faonocs/appl/'),(1237,169,'it','Turkmenistan','Repubblica di Turkmenistan','http://termportal.fao.org/faonocs/appl/'),(1238,169,'zh','土库曼斯坦','土库曼斯坦','http://termportal.fao.org/faonocs/appl/'),(1239,169,'ru','Туркменистан','Туркменистан','http://termportal.fao.org/faonocs/appl/'),(1240,163,'ar','ليشتى تيمور-','الديمقراطية ليشتى تيمور- جمهورية','http://termportal.fao.org/faonocs/appl/'),(1241,163,'en','Timor-Leste','the Democratic Republic of Timor-Leste','http://termportal.fao.org/faonocs/appl/'),(1242,163,'es','Timor-Leste','la República Democrática de Timor-Leste','http://termportal.fao.org/faonocs/appl/'),(1243,163,'fr','Timor-Leste','la République démocratique du Timor-Leste','http://termportal.fao.org/faonocs/appl/'),(1244,163,'it','Timor-Leste','Repubblica democratica di Timor-Leste','http://termportal.fao.org/faonocs/appl/'),(1245,163,'zh','东帝汶','东帝汶民主共和国','http://termportal.fao.org/faonocs/appl/'),(1246,163,'ru','Тимор-Лешти','Демократическая Республика Тимор-Лешти','http://termportal.fao.org/faonocs/appl/'),(1247,165,'ar','تونغا','تونغا مملكة','http://termportal.fao.org/faonocs/appl/'),(1248,165,'en','Tonga','the Kingdom of Tonga','http://termportal.fao.org/faonocs/appl/'),(1249,165,'es','Tonga','el Reino de Tonga','http://termportal.fao.org/faonocs/appl/'),(1250,165,'fr','Tonga','le Royaume des Tonga','http://termportal.fao.org/faonocs/appl/'),(1251,165,'it','Tonga','Regno di Tonga','http://termportal.fao.org/faonocs/appl/'),(1252,165,'zh','汤 加','汤加王国','http://termportal.fao.org/faonocs/appl/'),(1253,165,'ru','Тонга','Королевство Тонга','http://termportal.fao.org/faonocs/appl/'),(1254,166,'ar','وتوباغو ترينيداد','وتوباغو ترينيداد جمهورية','http://termportal.fao.org/faonocs/appl/'),(1255,166,'en','Trinidad and Tobago','the Republic of Trinidad and Tobago','http://termportal.fao.org/faonocs/appl/'),(1256,166,'es','Trinidad y Tabago','la República de Trinidad y Tabago','http://termportal.fao.org/faonocs/appl/'),(1257,166,'fr','Trinité-et-Tobago','la République de Trinité-et-Tobago','http://termportal.fao.org/faonocs/appl/'),(1258,166,'it','Trinidad e Tobago','Repubblica di Trinidad e Tobago','http://termportal.fao.org/faonocs/appl/'),(1259,166,'zh','特立尼达和多巴哥','特立尼达和多巴哥共和国','http://termportal.fao.org/faonocs/appl/'),(1260,166,'ru','Тринидад и Тобаго','Республика Тринидад и Тобаго','http://termportal.fao.org/faonocs/appl/'),(1261,167,'ar','تونس','الجمهورية التونسية','http://termportal.fao.org/faonocs/appl/'),(1262,167,'en','Tunisia','the Republic of Tunisia','http://termportal.fao.org/faonocs/appl/'),(1263,167,'es','Túnez','la República de Túnez','http://termportal.fao.org/faonocs/appl/'),(1264,167,'fr','Tunisie','la République tunisienne','http://termportal.fao.org/faonocs/appl/'),(1265,167,'it','Tunisia','Repubblica tunisina','http://termportal.fao.org/faonocs/appl/'),(1266,167,'zh','突尼斯','突尼斯共和国','http://termportal.fao.org/faonocs/appl/'),(1267,167,'ru','Тунис','Тунисская Республика','http://termportal.fao.org/faonocs/appl/'),(1268,168,'ar','تركيا','الجمهورية التركية','http://termportal.fao.org/faonocs/appl/'),(1269,168,'en','Turkey','the Republic of Turkey','http://termportal.fao.org/faonocs/appl/'),(1270,168,'es','Turquía','la República de Turquía','http://termportal.fao.org/faonocs/appl/'),(1271,168,'fr','Turquie','la République turque','http://termportal.fao.org/faonocs/appl/'),(1272,168,'it','Turchia','Repubblica di Turchia','http://termportal.fao.org/faonocs/appl/'),(1273,168,'zh','土耳其','土耳其共和国','http://termportal.fao.org/faonocs/appl/'),(1274,168,'ru','Турция','Турецкая Республика','http://termportal.fao.org/faonocs/appl/'),(1275,170,'ar','توفالو','توفالو','http://termportal.fao.org/faonocs/appl/'),(1276,170,'en','Tuvalu','Tuvalu','http://termportal.fao.org/faonocs/appl/'),(1277,170,'es','Tuvalu','Tuvalu','http://termportal.fao.org/faonocs/appl/'),(1278,170,'fr','Tuvalu','les Tuvalu','http://termportal.fao.org/faonocs/appl/'),(1279,170,'it','Tuvalu','Tuvalu','http://termportal.fao.org/faonocs/appl/'),(1280,170,'zh','图瓦卢','图瓦卢','http://termportal.fao.org/faonocs/appl/'),(1281,170,'ru','Тувалу','Тувалу','http://termportal.fao.org/faonocs/appl/'),(1282,193,'ar','جمهورية تنزانيا المتحدة','جمهورية تنزانيا المتحدة','http://termportal.fao.org/faonocs/appl/'),(1283,193,'en','United Republic of Tanzania','the United Republic of Tanzania','http://termportal.fao.org/faonocs/appl/'),(1284,193,'es','República Unida de Tanzanía','la República Unida de Tanzanía','http://termportal.fao.org/faonocs/appl/'),(1285,193,'fr','République-Unie de Tanzanie','la République-Unie de Tanzanie','http://termportal.fao.org/faonocs/appl/'),(1286,193,'it','Repubblica unita di Tanzania','Repubblica unita di Tanzania','http://termportal.fao.org/faonocs/appl/'),(1287,193,'zh','坦桑尼亚联合共和国','坦桑尼亚联合共和国','http://termportal.fao.org/faonocs/appl/'),(1288,193,'ru','Объединенная Республика Танзания','Объединенная Республика Танзания','http://termportal.fao.org/faonocs/appl/'),(1289,171,'ar','أوغندا','جمهورية أوغندا','http://termportal.fao.org/faonocs/appl/'),(1290,171,'en','Uganda','the Republic of Uganda','http://termportal.fao.org/faonocs/appl/'),(1291,171,'es','Uganda','la República de Uganda','http://termportal.fao.org/faonocs/appl/'),(1292,171,'fr','Ouganda','la République de l\'Ouganda','http://termportal.fao.org/faonocs/appl/'),(1293,171,'it','Uganda','Repubblica dell\'Uganda','http://termportal.fao.org/faonocs/appl/'),(1294,171,'zh','乌干达','乌干达共和国','http://termportal.fao.org/faonocs/appl/'),(1295,171,'ru','Уганда','Республика Уганда','http://termportal.fao.org/faonocs/appl/'),(1296,172,'ar','أوكرانيا','أوكرانيا','http://termportal.fao.org/faonocs/appl/'),(1297,172,'en','Ukraine','Ukraine','http://termportal.fao.org/faonocs/appl/'),(1298,172,'es','Ucrania','Ucrania','http://termportal.fao.org/faonocs/appl/'),(1299,172,'fr','Ukraine','l\'Ukraine','http://termportal.fao.org/faonocs/appl/'),(1300,172,'it','Ucraina','Ucraina','http://termportal.fao.org/faonocs/appl/'),(1301,172,'zh','乌克兰','乌克兰','http://termportal.fao.org/faonocs/appl/'),(1302,172,'ru','Украина','Украина','http://termportal.fao.org/faonocs/appl/'),(1303,174,'ar','أوروغواي','الشرقية أوروغواي جمهورية','http://termportal.fao.org/faonocs/appl/'),(1304,174,'en','Uruguay','the Eastern Republic of Uruguay','http://termportal.fao.org/faonocs/appl/'),(1305,174,'es','Uruguay','la República Oriental del Uruguay','http://termportal.fao.org/faonocs/appl/'),(1306,174,'fr','Uruguay','la République orientale de l\'Uruguay','http://termportal.fao.org/faonocs/appl/'),(1307,174,'it','Uruguay','Repubblica orientale dell\'Uruguay','http://termportal.fao.org/faonocs/appl/'),(1308,174,'zh','乌拉圭','乌拉圭东岸共和国','http://termportal.fao.org/faonocs/appl/'),(1309,174,'ru','Уругвай','Восточная Республика Уругвай','http://termportal.fao.org/faonocs/appl/'),(1310,244,'ar','الأمريكية المتحدة الولايات','الأمريكية المتحدة الولايات','http://termportal.fao.org/faonocs/appl/'),(1311,244,'en','United States of America','the United States of America','http://termportal.fao.org/faonocs/appl/'),(1312,244,'es','Estados Unidos de América','los Estados Unidos de América','http://termportal.fao.org/faonocs/appl/'),(1313,244,'fr','États-Unis d\'Amérique','les États-Unis d\'Amérique','http://termportal.fao.org/faonocs/appl/'),(1314,244,'it','Stati Uniti d`America','Stati Uniti d\'America','http://termportal.fao.org/faonocs/appl/'),(1315,244,'zh','美 国','美利坚合众国','http://termportal.fao.org/faonocs/appl/'),(1316,244,'ru','Соединенные Штаты Америки','Соединенные Штаты Америки','http://termportal.fao.org/faonocs/appl/'),(1317,175,'ar','أوزبكستان','جمهورية أوزبكستان','http://termportal.fao.org/faonocs/appl/'),(1318,175,'en','Uzbekistan','the Republic of Uzbekistan','http://termportal.fao.org/faonocs/appl/'),(1319,175,'es','Uzbekistán','la República de Uzbekistán','http://termportal.fao.org/faonocs/appl/'),(1320,175,'fr','Ouzbékistan','la République d\'Ouzbékistan','http://termportal.fao.org/faonocs/appl/'),(1321,175,'it','Uzbekistan','Repubblica dell\'Uzbekistan','http://termportal.fao.org/faonocs/appl/'),(1322,175,'zh','乌兹别克斯坦','乌兹别克斯坦共和国','http://termportal.fao.org/faonocs/appl/'),(1323,175,'ru','Узбекистан','Республика Узбекистан','http://termportal.fao.org/faonocs/appl/'),(1324,245,'ar','الكرسي الرسولي','الكرسي الرسولي','http://termportal.fao.org/faonocs/appl/'),(1325,245,'en','Holy See','Holy see','http://termportal.fao.org/faonocs/appl/'),(1326,245,'es','Santa Sede','la Santa Sede','http://termportal.fao.org/faonocs/appl/'),(1327,245,'fr','Saint-Siège','le Saint-Siège','http://termportal.fao.org/faonocs/appl/'),(1328,245,'it','Santa Sede','Santa Sede','http://termportal.fao.org/faonocs/appl/'),(1329,245,'zh','教廷','教廷','http://termportal.fao.org/faonocs/appl/'),(1330,245,'ru','Святой Престол','Святой Престол','http://termportal.fao.org/faonocs/appl/'),(1331,138,'ar','سانت فنسنت وجزر غرينادين','سانت فنسنت وجزر غرينادين','http://termportal.fao.org/faonocs/appl/'),(1332,138,'en','Saint Vincent and the Grenadines','Saint Vincent and the Grenadines','http://termportal.fao.org/faonocs/appl/'),(1333,138,'es','San Vicente y las Granadinas','San Vicente y las Granadinas','http://termportal.fao.org/faonocs/appl/'),(1334,138,'fr','Saint-Vincent-et-les Grenadines','Saint-Vincent-et-les Grenadines','http://termportal.fao.org/faonocs/appl/'),(1335,138,'it','Saint Vincent e Grenadine','Saint Vincent e Grenadine','http://termportal.fao.org/faonocs/appl/'),(1336,138,'zh','圣文森特和格林纳丁斯','圣文森特和格林纳丁斯','http://termportal.fao.org/faonocs/appl/'),(1337,138,'ru','Сент-Винсент и Гренадины','Сент-Винсент и Гренадины','http://termportal.fao.org/faonocs/appl/'),(1338,194,'ar','البوليفارية - جمهورية - فنزويلا','البوليفارية فنزويلا جمهورية','http://termportal.fao.org/faonocs/appl/'),(1339,194,'en','Venezuela (Bolivarian Republic of)','the Bolivarian Republic of Venezuela','http://termportal.fao.org/faonocs/appl/'),(1340,194,'es','Venezuela (República Bolivariana de)','la República Bolivariana de Venezuela','http://termportal.fao.org/faonocs/appl/'),(1341,194,'fr','Venezuela (République bolivarienne du)','la République bolivarienne du Venezuela','http://termportal.fao.org/faonocs/appl/'),(1342,194,'it','Venezuela (Repubblica bolivariana di)','Repubblica bolivariana di Venezuela','http://termportal.fao.org/faonocs/appl/'),(1343,194,'zh','委内瑞拉 (玻利瓦尔共和国)','委内瑞拉玻利瓦尔共和国','http://termportal.fao.org/faonocs/appl/'),(1344,194,'ru','Венесуэла (Боливарианская Республика)','Боливарианская Республика Венесуэла','http://termportal.fao.org/faonocs/appl/'),(1345,177,'ar','فييت نام','جمهورية فييت نام الاشتراكية','http://termportal.fao.org/faonocs/appl/'),(1346,177,'en','Viet Nam','the Socialist Republic of Viet Nam','http://termportal.fao.org/faonocs/appl/'),(1347,177,'es','Viet Nam','la República Socialista de Viet Nam','http://termportal.fao.org/faonocs/appl/'),(1348,177,'fr','Viet Nam','la République socialiste du Viet Nam','http://termportal.fao.org/faonocs/appl/'),(1349,177,'it','Vietnam','Repubblica socialista del Vietnam','http://termportal.fao.org/faonocs/appl/'),(1350,177,'zh','越 南','越南社会主义共和国','http://termportal.fao.org/faonocs/appl/'),(1351,177,'ru','Вьетнам','Социалистическая Республика Вьетнам','http://termportal.fao.org/faonocs/appl/'),(1352,176,'ar','فانواتو','جمهورية فانواتو','http://termportal.fao.org/faonocs/appl/'),(1353,176,'en','Vanuatu','the Republic of Vanuatu','http://termportal.fao.org/faonocs/appl/'),(1354,176,'es','Vanuatu','la República de Vanuatu','http://termportal.fao.org/faonocs/appl/'),(1355,176,'fr','Vanuatu','la République de Vanuatu','http://termportal.fao.org/faonocs/appl/'),(1356,176,'it','Vanuatu','Repubblica di Vanuatu','http://termportal.fao.org/faonocs/appl/'),(1357,176,'zh','瓦努阿图','瓦努阿图共和国','http://termportal.fao.org/faonocs/appl/'),(1358,176,'ru','Вануату','Республика Вануату','http://termportal.fao.org/faonocs/appl/'),(1359,139,'ar','ساموا','المستقلة ساموا دولة','http://termportal.fao.org/faonocs/appl/'),(1360,139,'en','Samoa','the Independent State of Samoa','http://termportal.fao.org/faonocs/appl/'),(1361,139,'es','Samoa','el Estado Independiente de Samoa','http://termportal.fao.org/faonocs/appl/'),(1362,139,'fr','Samoa','l\'État indépendant du Samoa','http://termportal.fao.org/faonocs/appl/'),(1363,139,'it','Samoa','Stato indipendente di Samoa','http://termportal.fao.org/faonocs/appl/'),(1364,139,'zh','萨摩亚','萨摩亚独立国','http://termportal.fao.org/faonocs/appl/'),(1365,139,'ru','Самоа','Независимое Государство Самоа','http://termportal.fao.org/faonocs/appl/'),(1366,178,'ar','اليمن','الجمهورية اليمنية','http://termportal.fao.org/faonocs/appl/'),(1367,178,'en','Yemen','the Republic of Yemen','http://termportal.fao.org/faonocs/appl/'),(1368,178,'es','Yemen','la República del Yemen','http://termportal.fao.org/faonocs/appl/'),(1369,178,'fr','Yémen','la République du Yémen','http://termportal.fao.org/faonocs/appl/'),(1370,178,'it','Yemen','Repubblica dello Yemen','http://termportal.fao.org/faonocs/appl/'),(1371,178,'zh','也 门','也门共和国','http://termportal.fao.org/faonocs/appl/'),(1372,178,'ru','Йемен','Йеменская Республика','http://termportal.fao.org/faonocs/appl/'),(1373,152,'ar','أفريقيا جنوب','أفريقيا جنوب جمهورية','http://termportal.fao.org/faonocs/appl/'),(1374,152,'en','South Africa','the Republic of South Africa','http://termportal.fao.org/faonocs/appl/'),(1375,152,'es','Sudáfrica','la República de Sudáfrica','http://termportal.fao.org/faonocs/appl/'),(1376,152,'fr','Afrique du Sud','la République sud-africaine','http://termportal.fao.org/faonocs/appl/'),(1377,152,'it','Sudafrica','Repubblica del Sudafrica','http://termportal.fao.org/faonocs/appl/'),(1378,152,'zh','南 非','南非共和国','http://termportal.fao.org/faonocs/appl/'),(1379,152,'ru','Южная Африка','Южно-Африканская Республика','http://termportal.fao.org/faonocs/appl/'),(1380,179,'ar','زامبيا','جمهورية زامبيا','http://termportal.fao.org/faonocs/appl/'),(1381,179,'en','Zambia','the Republic of Zambia','http://termportal.fao.org/faonocs/appl/'),(1382,179,'es','Zambia','la República de Zambia','http://termportal.fao.org/faonocs/appl/'),(1383,179,'fr','Zambie','la République de Zambie','http://termportal.fao.org/faonocs/appl/'),(1384,179,'it','Zambia','Repubblica dello Zambia','http://termportal.fao.org/faonocs/appl/'),(1385,179,'zh','赞比亚','赞比亚共和国','http://termportal.fao.org/faonocs/appl/'),(1386,179,'ru','Замбия','Республика Замбия','http://termportal.fao.org/faonocs/appl/'),(1387,180,'ar','زمبابوي','جمهورية زمبابوي','http://termportal.fao.org/faonocs/appl/'),(1388,180,'en','Zimbabwe','the Republic of Zimbabwe','http://termportal.fao.org/faonocs/appl/'),(1389,180,'es','Zimbabwe','la República de Zimbabwe','http://termportal.fao.org/faonocs/appl/'),(1390,180,'fr','Zimbabwe','la République du Zimbabwe','http://termportal.fao.org/faonocs/appl/'),(1391,180,'it','Zimbabwe','Repubblica dello Zimbabwe','http://termportal.fao.org/faonocs/appl/'),(1392,180,'zh','津巴布韦','津巴布韦共和国','http://termportal.fao.org/faonocs/appl/'),(1393,180,'ru','Зимбабве','Республика Зимбабве','http://termportal.fao.org/faonocs/appl/'),(1394,195,'en','Anguilla','Anguilla','http://termportal.fao.org/faonocs/appl/'),(1395,196,'en','Antarctica','Antarctica','http://termportal.fao.org/faonocs/appl/'),(1396,197,'en','American Samoa','The United States Territory of American Samoa','http://termportal.fao.org/faonocs/appl/'),(1397,198,'en','Aruba','Aruba of the Kingdom of the Netherlands','http://termportal.fao.org/faonocs/appl/'),(1398,199,'en','Åland Islands','Åland Islands','http://termportal.fao.org/faonocs/appl/'),(1399,200,'en','Saint Barthélemy','Territorial collectivity of Saint Barthélemy','http://termportal.fao.org/faonocs/appl/'),(1400,201,'en','Bermuda','the Bermudas','http://termportal.fao.org/faonocs/appl/'),(1401,202,'en','Bonaire, Saint Eustatius And Saba','Bonaire, Saint Eustatius and Saba','http://termportal.fao.org/faonocs/appl/'),(1402,203,'en','Bouvet Island','Bouvet Island','http://termportal.fao.org/faonocs/appl/'),(1403,204,'en','Cocos (Keeling) Islands','Territory of Cocos (Keeling) Islands','http://termportal.fao.org/faonocs/appl/'),(1404,205,'en','Curaçao','Curaçao','http://termportal.fao.org/faonocs/appl/'),(1405,206,'en','Christmas Island','Territory of Christmas Island','http://termportal.fao.org/faonocs/appl/'),(1406,207,'en','Western Sahara','Western Sahara','http://termportal.fao.org/faonocs/appl/'),(1407,208,'en','Falkland Islands (Malvinas)','Falkland Islands','http://termportal.fao.org/faonocs/appl/'),(1408,210,'en','French Guiana','French Guiana','http://termportal.fao.org/faonocs/appl/'),(1409,211,'en','Guernsey','Bailiwick of Guernsey','http://termportal.fao.org/faonocs/appl/'),(1410,212,'en','Gibraltar','Gibraltar','http://termportal.fao.org/faonocs/appl/'),(1411,213,'en','Greenland','Greenland','http://termportal.fao.org/faonocs/appl/'),(1412,214,'en','Guadeloupe','Department of Guadeloupe','http://termportal.fao.org/faonocs/appl/'),(1413,215,'en','South Georgia and the South Sandwich Islands','South Georgia and the South Sandwich Islands','http://termportal.fao.org/faonocs/appl/'),(1414,216,'en','Guam','Territory of Guam','http://termportal.fao.org/faonocs/appl/'),(1415,217,'en','Hong Kong','Hong Kong Special Administrative Region of the People\'s Republic','http://termportal.fao.org/faonocs/appl/'),(1416,218,'en','Heard Island And McDonald Islands','Heard and McDonald Islands','http://termportal.fao.org/faonocs/appl/'),(1417,219,'en','Isle of Man','The Isle of Man','http://termportal.fao.org/faonocs/appl/'),(1418,220,'en','British Indian Ocean Territory','The British Indian Ocean Territory','http://termportal.fao.org/faonocs/appl/'),(1419,221,'en','Jersey','Bailiwick of Jersey','http://termportal.fao.org/faonocs/appl/'),(1420,222,'en','Cayman Islands','The Cayman Islands','http://termportal.fao.org/faonocs/appl/'),(1421,223,'en','Saint Martin','Saint Martin','http://termportal.fao.org/faonocs/appl/'),(1422,224,'en','Macao','Macau Special Administrative Region','http://termportal.fao.org/faonocs/appl/'),(1423,225,'en','Northern Mariana Islands','Commonwealth of the Northern Mariana Islands','http://termportal.fao.org/faonocs/appl/'),(1424,226,'en','Martinique','Department of Martinique','http://termportal.fao.org/faonocs/appl/'),(1425,227,'en','Montserrat','Montserrat','http://termportal.fao.org/faonocs/appl/'),(1426,228,'en','New Caledonia','Territory of New Caledonia and Dependencies','http://termportal.fao.org/faonocs/appl/'),(1427,229,'en','Norfolk Island','Norfolk Islands','http://termportal.fao.org/faonocs/appl/'),(1428,230,'en','French Polynesia','Territory of French Polynesia','http://termportal.fao.org/faonocs/appl/'),(1429,231,'en','Saint Pierre and Miquelon','Saint Pierre and Miquelon','http://termportal.fao.org/faonocs/appl/'),(1430,232,'en','Pitcairn Islands','Pitcairn Group of Islands','http://termportal.fao.org/faonocs/appl/'),(1431,233,'en','Puerto Rico','Commonwealth of Puerto Rico','http://termportal.fao.org/faonocs/appl/'),(1432,234,'en','Palestinian Territory, Occupied','the Occupied Palestinian Territory','http://termportal.fao.org/faonocs/appl/'),(1433,235,'en','Réunion','Department of Reunion','http://termportal.fao.org/faonocs/appl/'),(1434,236,'en','Saint Helena, Ascension and Tristan da Cunha','Saint Helena, Ascension and Tristan da Cunha','http://termportal.fao.org/faonocs/appl/'),(1435,237,'en','Svalbard and Jan Mayen','Svalbard and Jan Mayen','http://termportal.fao.org/faonocs/appl/'),(1436,238,'en','Sint Maarten','Sint Maarten','http://termportal.fao.org/faonocs/appl/'),(1437,239,'en','Turks and Caicos Islands','Turks and Caicos Islands','http://termportal.fao.org/faonocs/appl/'),(1438,240,'en','French Southern and Antarctic Lands','Territory of the French Southern and Antarctic Lands','http://termportal.fao.org/faonocs/appl/'),(1439,242,'en','Taiwan','Republic of China','http://termportal.fao.org/faonocs/appl/'),(1440,243,'en','United States Minor Outlying Islands','United States Minor Outlying Islands','http://termportal.fao.org/faonocs/appl/'),(1441,246,'en','Virgin Islands','British Virgin Islands','http://termportal.fao.org/faonocs/appl/'),(1442,247,'en','United States Virgin Islands','Virgin Islands of the United States','http://termportal.fao.org/faonocs/appl/'),(1443,248,'en','Wallis and Futuna','Territory of the Wallis and Futuna Islands','http://termportal.fao.org/faonocs/appl/'),(1444,249,'en','Mayotte','Overseas Department of Mayotte','http://termportal.fao.org/faonocs/appl/');
/*!40000 ALTER TABLE `country_name` ENABLE KEYS */;
UNLOCK TABLES;

--
-- Table structure for table `country_region`
--

DROP TABLE IF EXISTS `country_region`;
/*!40101 SET @saved_cs_client     = @@character_set_client */;
/*!40101 SET character_set_client = utf8 */;
CREATE TABLE `country_region` (
  `id` int(11) unsigned NOT NULL AUTO_INCREMENT,
  `country_id` int(11) unsigned NOT NULL,
  `region_id` int(11) unsigned NOT NULL,
  PRIMARY KEY (`id`),
  UNIQUE KEY `country_id` (`country_id`,`region_id`),
  KEY `fk_country_region__region_idx` (`region_id`),
  CONSTRAINT `fk_country_region__country` FOREIGN KEY (`country_id`) REFERENCES `country` (`id`) ON DELETE NO ACTION ON UPDATE NO ACTION,
  CONSTRAINT `fk_country_region__region` FOREIGN KEY (`region_id`) REFERENCES `region` (`id`) ON DELETE NO ACTION ON UPDATE NO ACTION
) ENGINE=InnoDB AUTO_INCREMENT=260 DEFAULT CHARSET=utf8;
/*!40101 SET character_set_client = @saved_cs_client */;

--
-- Dumping data for table `country_region`
--

LOCK TABLES `country_region` WRITE;
/*!40000 ALTER TABLE `country_region` DISABLE KEYS */;
INSERT INTO `country_region` VALUES (2,1,2),(4,2,3),(5,3,1),(7,4,3),(8,5,1),(11,6,4),(12,7,4),(13,8,3),(15,9,2),(16,10,3),(17,11,3),(18,12,4),(19,13,7),(20,14,2),(21,15,4),(22,16,3),(23,17,3),(24,18,4),(25,19,1),(27,20,2),(30,21,3),(31,22,1),(33,23,4),(35,24,2),(36,25,3),(37,26,1),(38,27,1),(39,28,2),(40,29,1),(41,30,5),(252,30,6),(42,31,1),(44,32,1),(45,33,1),(46,34,4),(47,35,2),(50,36,4),(51,37,1),(52,38,1),(54,39,4),(56,40,3),(57,41,4),(59,42,3),(60,43,3),(55,44,1),(254,45,3),(62,45,6),(63,46,1),(64,47,4),(65,48,4),(66,49,4),(67,50,1),(68,51,4),(69,52,1),(70,53,1),(71,54,3),(72,55,1),(76,56,2),(255,57,3),(77,57,6),(78,58,3),(82,59,1),(222,60,1),(83,61,3),(84,62,3),(85,63,1),(87,64,3),(89,65,4),(92,66,4),(94,67,1),(95,68,1),(96,69,4),(97,70,4),(99,71,4),(101,72,3),(256,73,3),(102,73,6),(103,74,2),(104,75,2),(106,76,7),(107,77,3),(109,78,3),(110,79,3),(111,80,4),(112,81,2),(114,82,7),(115,83,3),(116,84,1),(117,85,2),(118,86,7),(119,87,3),(120,88,2),(121,89,3),(122,90,7),(123,91,1),(124,92,1),(125,93,1),(126,94,3),(127,95,3),(128,96,3),(131,97,1),(132,98,1),(133,99,2),(134,100,2),(135,101,1),(136,102,3),(137,103,2),(139,104,1),(140,105,1),(142,106,4),(145,107,3),(146,108,2),(147,109,3),(149,110,1),(150,111,1),(151,112,2),(152,113,1),(153,114,2),(154,115,2),(155,116,3),(157,117,2),(158,118,4),(159,119,1),(160,120,1),(257,121,3),(165,121,6),(166,122,7),(167,123,2),(168,124,2),(170,125,4),(171,126,2),(172,127,4),(173,128,4),(174,129,2),(176,130,3),(177,131,3),(179,132,7),(181,133,3),(258,134,3),(182,134,6),(183,135,1),(186,136,4),(187,137,4),(190,138,4),(191,139,2),(192,140,3),(193,141,1),(194,142,7),(195,143,1),(196,144,3),(197,145,1),(198,146,1),(199,147,2),(201,148,3),(202,149,3),(203,150,2),(204,151,1),(205,152,1),(209,153,3),(210,154,2),(211,155,1),(212,156,4),(214,157,1),(259,158,3),(215,158,6),(216,159,3),(217,160,7),(219,161,3),(221,162,2),(223,163,2),(224,164,1),(226,165,2),(227,166,4),(228,167,1),(229,168,3),(230,169,3),(232,170,2),(233,171,1),(234,172,3),(235,173,7),(240,174,4),(241,175,3),(242,176,2),(245,177,2),(249,178,7),(250,179,1),(251,180,1),(53,181,2),(28,182,4),(61,183,1),(73,184,3),(143,185,2),(236,186,3),(105,187,2),(163,188,2),(207,189,2),(144,190,3),(130,191,3),(161,192,2),(220,193,1),(244,194,4),(9,195,4),(6,197,2),(14,198,4),(3,199,3),(184,200,4),(26,201,5),(29,202,4),(58,205,4),(248,207,1),(74,208,4),(75,209,6),(79,210,3),(93,211,3),(86,212,3),(88,213,6),(90,214,4),(91,216,2),(100,217,2),(108,219,3),(113,221,1),(43,222,4),(188,223,4),(129,224,2),(164,225,2),(138,226,4),(148,227,4),(156,228,2),(162,229,2),(80,230,2),(189,231,5),(175,232,2),(178,233,4),(169,234,7),(180,235,1),(185,236,1),(213,237,3),(200,238,4),(231,239,4),(225,241,2),(237,244,5),(253,244,6),(243,245,1),(246,246,4),(239,247,4),(247,248,2),(141,249,1),(208,250,1);
/*!40000 ALTER TABLE `country_region` ENABLE KEYS */;
UNLOCK TABLES;

--
-- Table structure for table `region`
--

DROP TABLE IF EXISTS `region`;
/*!40101 SET @saved_cs_client     = @@character_set_client */;
/*!40101 SET character_set_client = utf8 */;
CREATE TABLE `region` (
  `id` int(11) unsigned NOT NULL AUTO_INCREMENT,
  `name` varchar(32) DEFAULT NULL,
  `is_unep` tinyint(4) NOT NULL DEFAULT '0',
  PRIMARY KEY (`id`)
) ENGINE=InnoDB AUTO_INCREMENT=8 DEFAULT CHARSET=utf8;
/*!40101 SET character_set_client = @saved_cs_client */;

--
-- Dumping data for table `region`
--

LOCK TABLES `region` WRITE;
/*!40000 ALTER TABLE `region` DISABLE KEYS */;
INSERT INTO `region` VALUES (1,'Africa',1),(2,'Asia and the Pacific',1),(3,'Europe',1),(4,'Latin America and the Caribbean',1),(5,'North America',1),(6,'Polar: Arctic',0),(7,'West Asia',1);
/*!40000 ALTER TABLE `region` ENABLE KEYS */;
UNLOCK TABLES;
/*!40103 SET TIME_ZONE=@OLD_TIME_ZONE */;

/*!40101 SET SQL_MODE=@OLD_SQL_MODE */;
/*!40014 SET FOREIGN_KEY_CHECKS=@OLD_FOREIGN_KEY_CHECKS */;
/*!40014 SET UNIQUE_CHECKS=@OLD_UNIQUE_CHECKS */;
/*!40101 SET CHARACTER_SET_CLIENT=@OLD_CHARACTER_SET_CLIENT */;
/*!40101 SET CHARACTER_SET_RESULTS=@OLD_CHARACTER_SET_RESULTS */;
/*!40101 SET COLLATION_CONNECTION=@OLD_COLLATION_CONNECTION */;
/*!40111 SET SQL_NOTES=@OLD_SQL_NOTES */;

-- Dump completed on 2016-07-04 12:12:35
