-- MySQL dump 10.14  Distrib 5.5.40-MariaDB, for Linux (x86_64)
--
-- Host: localhost    Database: countries
-- ------------------------------------------------------
-- Server version	5.5.40-MariaDB

/*!40101 SET @OLD_CHARACTER_SET_CLIENT=@@CHARACTER_SET_CLIENT */;
/*!40101 SET @OLD_CHARACTER_SET_RESULTS=@@CHARACTER_SET_RESULTS */;
/*!40101 SET @OLD_COLLATION_CONNECTION=@@COLLATION_CONNECTION */;
/*!40101 SET NAMES utf8 */;
/*!40103 SET @OLD_TIME_ZONE=@@TIME_ZONE */;
/*!40103 SET TIME_ZONE='+00:00' */;
/*!40014 SET @OLD_UNIQUE_CHECKS=@@UNIQUE_CHECKS, UNIQUE_CHECKS=0 */;
/*!40014 SET @OLD_FOREIGN_KEY_CHECKS=@@FOREIGN_KEY_CHECKS, FOREIGN_KEY_CHECKS=0 */;
/*!40101 SET @OLD_SQL_MODE=@@SQL_MODE, SQL_MODE='NO_AUTO_VALUE_ON_ZERO' */;
/*!40111 SET @OLD_SQL_NOTES=@@SQL_NOTES, SQL_NOTES=0 */;

--
-- Table structure for table `country`
--

DROP TABLE IF EXISTS `country`;
/*!40101 SET @saved_cs_client     = @@character_set_client */;
/*!40101 SET character_set_client = utf8 */;
CREATE TABLE `country` (
  `id` int(11) NOT NULL DEFAULT '0',
  `enabled` tinyint(1) unsigned NOT NULL DEFAULT '1' COMMENT 'Use this country in applications',
  `code3l` varchar(3) NOT NULL COMMENT 'ISO 3166-1 alpha-3 three-letter code',
  `code2l` varchar(2) NOT NULL COMMENT 'ISO 3166-1 alpha-2 two-letter code',
  `name` varchar(64) NOT NULL COMMENT 'Name of the country in English',
  `name_official` varchar(128) DEFAULT NULL,
  `flag_32` varchar(255) DEFAULT NULL,
  `flag_128` varchar(255) DEFAULT NULL,
  `latitude` decimal(10,8) DEFAULT NULL,
  `longitude` decimal(11,8) DEFAULT NULL,
  `zoom` tinyint(1) DEFAULT NULL COMMENT 'Optimal zoom when showing country on map',
  PRIMARY KEY (`id`),
  UNIQUE KEY `idx_countries_name` (`name`),
  UNIQUE KEY `idx_countries_code3l` (`code3l`),
  UNIQUE KEY `idx_countries_code2l` (`code2l`)
) ENGINE=InnoDB DEFAULT CHARSET=utf8 AVG_ROW_LENGTH=434 COMMENT='Hold the list of countries. Each country is a row';
/*!40101 SET character_set_client = @saved_cs_client */;

--
-- Dumping data for table `country`
--

LOCK TABLES `country` WRITE;
/*!40000 ALTER TABLE `country` DISABLE KEYS */;
INSERT INTO `country` VALUES (1,1,'AFG','AF','Afghanistan','Islamic Republic of Afghanistan','AF-32.png','AF-128.png',33.98299275,66.39159363,6),(2,1,'ALB','AL','Albania','Republic of Albania','AL-32.png','AL-128.png',41.00017358,19.87170014,7),(3,1,'DZA','DZ','Algeria','People’s Democratic Republic of Algeria','DZ-32.png','DZ-128.png',27.89861690,3.19771194,5),(4,1,'AND','AD','Andorra','Principality of Andorra','AD-32.png','AD-128.png',42.54057088,1.55201340,11),(5,1,'AGO','AO','Angola','Republic of Angola','AO-32.png','AO-128.png',-12.16469683,16.70933622,6),(6,1,'ATG','AG','Antigua and Barbuda','Antigua and Barbuda','AG-32.png','AG-128.png',17.48060423,-61.42014426,9),(7,1,'ARG','AR','Argentina','Argentine Republic','AR-32.png','AR-128.png',-38.01529308,-64.97897469,4),(8,1,'ARM','AM','Armenia','Republic of Armenia','AM-32.png','AM-128.png',40.13475528,45.01072318,7),(9,1,'AUS','AU','Australia','Australia','AU-32.png','AU-128.png',-26.29594646,133.55540944,4),(10,1,'AUT','AT','Austria','Republic of Austria','AT-32.png','AT-128.png',47.63125476,13.18776731,7),(11,1,'AZE','AZ','Azerbaijan','Republic of Azerbaijan','AZ-32.png','AZ-128.png',40.35321757,47.46706372,7),(12,1,'BHS','BS','Bahamas','Commonwealth of the Bahamas','BS-32.png','BS-128.png',24.45991732,-77.68192453,7),(13,1,'BHR','BH','Bahrain','Kingdom of Bahrain','BH-32.png','BH-128.png',25.90740996,50.65932354,9),(14,1,'BGD','BD','Bangladesh','People’s Republic of Bangladesh','BD-32.png','BD-128.png',24.08273251,90.49915527,7),(15,1,'BRB','BB','Barbados','Barbados','BB-32.png','BB-128.png',13.19383077,-59.54319600,11),(16,1,'BLR','BY','Belarus','Republic of Belarus','BY-32.png','BY-128.png',53.58628747,27.95338900,6),(17,1,'BEL','BE','Belgium','Kingdom of Belgium','BE-32.png','BE-128.png',50.49593874,4.46993600,8),(18,1,'BLZ','BZ','Belize','Belize','BZ-32.png','BZ-128.png',17.21153631,-88.01424956,8),(19,1,'BEN','BJ','Benin','Republic of Benin','BJ-32.png','BJ-128.png',9.37180859,2.29386134,7),(20,1,'BTN','BT','Bhutan','Kingdom of Bhutan','BT-32.png','BT-128.png',27.50752756,90.43360300,8),(21,1,'BIH','BA','Bosnia and Herzegovina','Bosnia and Herzegovina','BA-32.png','BA-128.png',44.00040856,17.81640910,7),(22,1,'BWA','BW','Botswana','Republic of Botswana','BW-32.png','BW-128.png',-22.18279485,24.22344422,6),(23,1,'BRA','BR','Brazil','Federative Republic of Brazil','BR-32.png','BR-128.png',-11.80965046,-53.33152600,4),(24,1,'BRN','BN','Brunei','Brunei Darussalam','BN-32.png','BN-128.png',4.54189364,114.60132823,9),(25,1,'BGR','BG','Bulgaria','Republic of Bulgaria','BG-32.png','BG-128.png',42.70160678,25.48583200,7),(26,1,'BFA','BF','Burkina Faso','Burkina Faso','BF-32.png','BF-128.png',12.22492458,-1.56159100,7),(27,1,'BDI','BI','Burundi','Republic of Burundi','BI-32.png','BI-128.png',-3.40499707,29.88592902,8),(28,1,'KHM','KH','Cambodia','Kingdom of Cambodia','KH-32.png','KH-128.png',12.83288883,104.84814273,7),(29,1,'CMR','CM','Cameroon','Republic of Cameroon','CM-32.png','CM-128.png',7.38622543,12.72825915,6),(30,1,'CAN','CA','Canada','Canada','CA-32.png','CA-128.png',60.36196817,-106.69833150,4),(31,1,'CPV','CV','Cape Verde','Republic of Cape Verde','CV-32.png','CV-128.png',15.11988711,-23.60517010,10),(32,1,'CAF','CF','Central African Republic','Central African Republic','CF-32.png','CF-128.png',6.82541830,20.64281514,6),(33,1,'TCD','TD','Chad','Republic of Chad','TD-32.png','TD-128.png',14.80342407,18.78714064,5),(34,1,'CHL','CL','Chile','Republic of Chile','CL-32.png','CL-128.png',-38.01760790,-71.40014474,4),(35,1,'CHN','CN','China','People\'s Republic of China','CN-32.png','CN-128.png',36.71457440,103.55819197,4),(36,1,'COL','CO','Colombia','Republic of Colombia','CO-32.png','CO-128.png',3.68182320,-73.53927436,5),(37,1,'COM','KM','Comoros','Union of the Comoros','KM-32.png','KM-128.png',-11.64529989,43.33330200,10),(38,1,'COG','CG','Congo','Republic of the Congo','CG-32.png','CG-128.png',-0.68967806,15.69033190,6),(39,1,'CRI','CR','Costa Rica','Republic of Costa Rica','CR-32.png','CR-128.png',9.98427463,-84.09949534,8),(40,1,'HRV','HR','Croatia','Republic of Croatia','HR-32.png','HR-128.png',44.81372482,16.29039507,7),(41,1,'CUB','CU','Cuba','Republic of Cuba','CU-32.png','CU-128.png',21.54513189,-79.00064743,6),(42,1,'CYP','CY','Cyprus','Republic of Cyprus','CY-32.png','CY-128.png',35.12450768,33.42986100,9),(43,1,'CZE','CZ','Czech Republic','Czech Republic','CZ-32.png','CZ-128.png',49.76026136,15.53888197,7),(44,1,'CIV','CI','Côte d\'Ivoire','Republic of Côte d\'Ivoire','CI-32.png','CI-128.png',7.59684148,-5.49214636,7),(45,1,'DNK','DK','Denmark','Kingdom of Denmark','DK-32.png','DK-128.png',54.71794021,9.41938953,6),(46,1,'DJI','DJ','Djibouti','Republic of Djibouti','DJ-32.png','DJ-128.png',11.75959257,42.65344839,8),(47,1,'DMA','DM','Dominica','Commonwealth of Dominica','DM-32.png','DM-128.png',15.41473963,-61.37097400,10),(48,1,'DOM','DO','Dominican Republic','Dominican Republic','DO-32.png','DO-128.png',18.73076761,-70.16264900,8),(49,1,'ECU','EC','Ecuador','Republic of Ecuador','EC-32.png','EC-128.png',-1.22919037,-78.55693916,6),(50,1,'EGY','EG','Egypt','Arab Republic of Egypt','EG-32.png','EG-128.png',26.71650873,30.80250000,6),(51,1,'SLV','SV','El Salvador','Republic of El Salvador','SV-32.png','SV-128.png',13.79043561,-88.89652800,8),(52,1,'GNQ','GQ','Equatorial Guinea','Republic of Equatorial Guinea','GQ-32.png','GQ-128.png',1.65068442,10.26789700,9),(53,1,'ERI','ER','Eritrea','State of Eritrea','ER-32.png','ER-128.png',15.21227764,39.61204792,7),(54,1,'EST','EE','Estonia','Republic of Estonia','EE-32.png','EE-128.png',58.74041141,25.38165099,7),(55,1,'ETH','ET','Ethiopia','Federal Democratic Republic of Ethiopia','ET-32.png','ET-128.png',9.10727589,39.84148164,6),(56,1,'FJI','FJ','Fiji','Republic of Fiji','FJ-32.png','FJ-128.png',-17.71219757,178.06503600,9),(57,1,'FIN','FI','Finland','Republic of Finland','FI-32.png','FI-128.png',64.69610892,26.36339137,5),(58,1,'FRA','FR','France','French Republic','FR-32.png','FR-128.png',46.48372145,2.60926281,6),(59,1,'GAB','GA','Gabon','Gabonese Republic','GA-32.png','GA-128.png',-0.43426435,11.43916591,7),(60,1,'GMB','GM','The Gambia','Republic of The Gambia','GM-32.png','GM-128.png',13.15921146,-15.35956748,8),(61,1,'GEO','GE','Georgia','Georgia','GE-32.png','GE-128.png',41.82754301,44.17329916,7),(62,1,'DEU','DE','Germany','Federal Republic of Germany','DE-32.png','DE-128.png',50.82871201,10.97887975,6),(63,1,'GHA','GH','Ghana','Republic of Ghana','GH-32.png','GH-128.png',7.69154199,-1.29234904,7),(64,1,'GRC','GR','Greece','Hellenic Republic','GR-32.png','GR-128.png',38.52254746,24.53794505,6),(65,1,'GRD','GD','Grenada','Grenada','GD-32.png','GD-128.png',12.11644807,-61.67899400,11),(66,1,'GTM','GT','Guatemala','Republic of Guatemala','GT-32.png','GT-128.png',15.72598421,-89.96707712,7),(67,1,'GIN','GN','Guinea','Republic of Guinea','GN-32.png','GN-128.png',9.94301472,-11.31711839,7),(68,1,'GNB','GW','Guinea-Bissau','Republic of Guinea-Bissau','GW-32.png','GW-128.png',11.80050682,-15.18040700,8),(69,1,'GUY','GY','Guyana','Republic of Guyana','GY-32.png','GY-128.png',4.47957059,-58.72692293,6),(70,1,'HTI','HT','Haiti','Republic of Haiti','HT-32.png','HT-128.png',19.07430861,-72.79607526,8),(71,1,'HND','HN','Honduras','Republic of Honduras','HN-32.png','HN-128.png',14.64994423,-87.01643713,7),(72,1,'HUN','HU','Hungary','Republic of Hungary','HU-32.png','HU-128.png',46.97670384,19.35499657,7),(73,1,'ISL','IS','Iceland','Republic of Iceland','IS-32.png','IS-128.png',64.99294495,-18.57038755,6),(74,1,'IND','IN','India','Republic of India','IN-32.png','IN-128.png',20.46549519,78.50146222,4),(75,1,'IDN','ID','Indonesia','Republic of Indonesia','ID-32.png','ID-128.png',-2.46229680,121.18329789,4),(76,1,'IRQ','IQ','Iraq','Republic of Iraq','IQ-32.png','IQ-128.png',32.90170182,43.19590056,6),(77,1,'IRL','IE','Ireland','Ireland','IE-32.png','IE-128.png',53.10101628,-8.21092302,6),(78,1,'ISR','IL','Israel','State of Israel','IL-32.png','IL-128.png',30.85883075,34.91753797,7),(79,1,'ITA','IT','Italy','Republic of Italy','IT-32.png','IT-128.png',41.77810840,12.67725128,5),(80,1,'JAM','JM','Jamaica','Jamaica','JM-32.png','JM-128.png',18.10838487,-77.29750600,9),(81,1,'JPN','JP','Japan','Japan','JP-32.png','JP-128.png',37.51848822,137.67066061,5),(82,1,'JOR','JO','Jordan','Hashemite Kingdom of Jordan','JO-32.png','JO-128.png',31.31616588,36.37575510,7),(83,1,'KAZ','KZ','Kazakhstan','Republic of Kazakhstan','KZ-32.png','KZ-128.png',45.38592596,68.81334444,4),(84,1,'KEN','KE','Kenya','Republic of Kenya','KE-32.png','KE-128.png',0.19582452,37.97212297,6),(85,1,'KIR','KI','Kiribati','Republic of Kiribati','KI-32.png','KI-128.png',1.87085244,-157.36259310,10),(86,1,'KWT','KW','Kuwait','State of Kuwait','KW-32.png','KW-128.png',29.43253341,47.71798405,8),(87,1,'KGZ','KG','Kyrgyzstan','Kyrgyz Republic','KG-32.png','KG-128.png',41.11509878,74.25524574,6),(88,1,'LAO','LA','Laos','Lao People’s Democratic Republic','LA-32.png','LA-128.png',17.76075593,103.61611347,6),(89,1,'LVA','LV','Latvia','Republic of Latvia','LV-32.png','LV-128.png',56.86697515,24.54826936,7),(90,1,'LBN','LB','Lebanon','Lebanese Republic','LB-32.png','LB-128.png',34.08249284,35.66454309,8),(91,1,'LSO','LS','Lesotho','Kingdom of Lesotho','LS-32.png','LS-128.png',-29.60303205,28.23361200,8),(92,1,'LBR','LR','Liberia','Republic of Liberia','LR-32.png','LR-128.png',6.44154681,-9.39103485,7),(93,1,'LBY','LY','Libya','Socialist People’s Libyan Arab Jamahiriya','LY-32.png','LY-128.png',27.06902914,18.19513987,5),(94,1,'LIE','LI','Liechtenstein','Principality of Liechtenstein','LI-32.png','LI-128.png',47.16587383,9.55537700,11),(95,1,'LTU','LT','Lithuania','Republic of Lithuania','LT-32.png','LT-128.png',55.25095948,23.80987587,7),(96,1,'LUX','LU','Luxembourg','Grand Duchy of Luxembourg','LU-32.png','LU-128.png',49.81327712,6.12958700,9),(97,1,'MDG','MG','Madagascar','Republic of Madagascar','MG-32.png','MG-128.png',-19.79858543,46.97898228,5),(98,1,'MWI','MW','Malawi','Republic of Malawi','MW-32.png','MW-128.png',-12.48684092,34.14223524,6),(99,1,'MYS','MY','Malaysia','Malaysia','MY-32.png','MY-128.png',4.97345793,106.54609050,5),(100,1,'MDV','MV','Maldives','Republic of Maldives','MV-32.png','MV-128.png',-0.64224221,73.13373313,12),(101,1,'MLI','ML','Mali','Republic of Mali','ML-32.png','ML-128.png',17.69385811,-1.96368730,5),(102,1,'MLT','MT','Malta','Republic of Malta','MT-32.png','MT-128.png',35.89706403,14.43687877,11),(103,1,'MHL','MH','Marshall Islands','Republic of the Marshall Islands','MH-32.png','MH-128.png',7.30130732,168.75512619,10),(104,1,'MRT','MR','Mauritania','Islamic Republic of Mauritania','MR-32.png','MR-128.png',20.28331239,-10.21573334,5),(105,1,'MUS','MU','Mauritius','Republic of Mauritius','MU-32.png','MU-128.png',-20.28368188,57.56588291,10),(106,1,'MEX','MX','Mexico','United Mexican States','MX-32.png','MX-128.png',22.92036676,-102.33305344,5),(107,1,'MCO','MC','Monaco','Principality of Monaco','MC-32.png','MC-128.png',43.70463620,6.75444978,9),(108,1,'MNG','MN','Mongolia','Mongolia','MN-32.png','MN-128.png',46.80556270,104.30808978,5),(109,1,'MNE','ME','Montenegro','Montenegro','ME-32.png','ME-128.png',42.71699590,19.09699321,8),(110,1,'MAR','MA','Morocco','Kingdom of Morocco','MA-32.png','MA-128.png',31.95441758,-7.26839325,6),(111,1,'MOZ','MZ','Mozambique','Republic of Mozambique','MZ-32.png','MZ-128.png',-19.07617816,33.81570282,5),(112,1,'MMR','MM','Myanmar','Union of Myanmar','MM-32.png','MM-128.png',19.20985380,96.54949272,5),(113,1,'NAM','NA','Namibia','Republic of Namibia','NA-32.png','NA-128.png',-22.70965620,16.72161918,6),(114,1,'NRU','NR','Nauru','Republic of Nauru','NR-32.png','NR-128.png',-0.52586763,166.93270463,13),(115,1,'NPL','NP','Nepal','Federal Democratic Republic of Nepal','NP-32.png','NP-128.png',28.28430770,83.98119373,7),(116,1,'NLD','NL','Netherlands','Kingdom of the Netherlands','NL-32.png','NL-128.png',52.33939951,4.98914998,7),(117,1,'NZL','NZ','New Zealand','New Zealand','NZ-32.png','NZ-128.png',-40.95025298,171.76586181,5),(118,1,'NIC','NI','Nicaragua','Republic of Nicaragua','NI-32.png','NI-128.png',12.91806226,-84.82270352,7),(119,1,'NER','NE','Niger','Republic of the Niger','NE-32.png','NE-128.png',17.23446679,8.23547860,6),(120,1,'NGA','NG','Nigeria','Federal Republic of Nigeria','NG-32.png','NG-128.png',9.02165273,7.82933373,6),(121,1,'NOR','NO','Norway','Kingdom of Norway','NO-32.png','NO-128.png',65.04680297,13.50069228,4),(122,1,'OMN','OM','Oman','Sultanate of Oman','OM-32.png','OM-128.png',20.69906846,56.69230596,6),(123,1,'PAK','PK','Pakistan','Islamic Republic of Pakistan','PK-32.png','PK-128.png',29.90335974,70.34487986,5),(124,1,'PLW','PW','Palau','Republic of Palau','PW-32.png','PW-128.png',7.49856307,134.57291496,10),(125,1,'PAN','PA','Panama','Republic of Panama','PA-32.png','PA-128.png',8.52135102,-80.04603702,7),(126,1,'PNG','PG','Papua New Guinea','Papua New Guinea','PG-32.png','PG-128.png',-6.62414046,144.44993477,7),(127,1,'PRY','PY','Paraguay','Republic of Paraguay','PY-32.png','PY-128.png',-23.38564782,-58.29551057,6),(128,1,'PER','PE','Peru','Republic of Peru','PE-32.png','PE-128.png',-8.50205247,-76.15772412,5),(129,1,'PHL','PH','Philippines','Republic of the Philippines','PH-32.png','PH-128.png',12.82361200,121.77401700,6),(130,1,'POL','PL','Poland','Republic of Poland','PL-32.png','PL-128.png',52.10117636,19.33190957,6),(131,1,'PRT','PT','Portugal','Portuguese Republic','PT-32.png','PT-128.png',39.44879136,-8.03768042,6),(132,1,'QAT','QA','Qatar','State of Qatar','QA-32.png','QA-128.png',25.24551555,51.24431480,8),(133,1,'ROU','RO','Romania','Romania','RO-32.png','RO-128.png',45.56450023,25.21945155,6),(134,1,'RUS','RU','Russia','Russian Federation','RU-32.png','RU-128.png',57.96812298,102.41837137,3),(135,1,'RWA','RW','Rwanda','Republic of Rwanda','RW-32.png','RW-128.png',-1.98589079,29.94255855,8),(136,1,'KNA','KN','Saint Kitts and Nevis','Saint Kitts and Nevis','KN-32.png','KN-128.png',17.33453669,-62.76411725,12),(137,1,'LCA','LC','Saint Lucia','Saint Lucia','LC-32.png','LC-128.png',13.90938495,-60.97889500,11),(138,1,'VCT','VC','Saint Vincent and the Grenadines','Saint Vincent and the Grenadines','VC-32.png','VC-128.png',13.25276143,-61.19709800,11),(139,1,'WSM','WS','Samoa','Independent State of Samoa','WS-32.png','WS-128.png',-13.57998954,-172.45207363,10),(140,1,'SMR','SM','San Marino','Republic of San Marino','SM-32.png','SM-128.png',43.94223356,12.45777700,11),(141,1,'STP','ST','Sao Tome and Principe','Democratic Republic of Sao Tome and  Principe','ST-32.png','ST-128.png',0.23381910,6.59935809,10),(142,1,'SAU','SA','Saudi Arabia','Kingdom of Saudi Arabia','SA-32.png','SA-128.png',24.16687314,42.88190638,5),(143,1,'SEN','SN','Senegal','Republic of Senegal','SN-32.png','SN-128.png',14.43579003,-14.68306489,7),(144,1,'SRB','RS','Serbia','Republic of Serbia','RS-32.png','RS-128.png',44.06736041,20.29725084,7),(145,1,'SYC','SC','Seychelles','Republic of Seychelles','SC-32.png','SC-128.png',-4.68053204,55.49061371,11),(146,1,'SLE','SL','Sierra Leone','Republic of Sierra Leone','SL-32.png','SL-128.png',8.45575589,-11.93368759,8),(147,1,'SGP','SG','Singapore','Republic of Singapore','SG-32.png','SG-128.png',1.33873261,103.83323559,11),(148,1,'SVK','SK','Slovakia','Slovak Republic','SK-32.png','SK-128.png',48.66923253,19.75396564,7),(149,1,'SVN','SI','Slovenia','Republic of Slovenia','SI-32.png','SI-128.png',46.14315048,14.99546300,8),(150,1,'SLB','SB','Solomon Islands','Solomon Islands','SB-32.png','SB-128.png',-9.64554280,160.15619400,10),(151,1,'SOM','SO','Somalia','Somali Republic','SO-32.png','SO-128.png',2.87224619,45.27676444,7),(152,1,'ZAF','ZA','South Africa','Republic of South Africa','ZA-32.png','ZA-128.png',-27.17706863,24.50856092,5),(153,1,'ESP','ES','Spain','Kingdom of Spain','ES-32.png','ES-128.png',39.87299401,-3.67089492,6),(154,1,'LKA','LK','Sri Lanka','Democratic Socialist Republic of Sri  Lanka','LK-32.png','LK-128.png',7.61264985,80.83772497,7),(155,1,'SDN','SD','Sudan','Republic of the Sudan','SD-32.png','SD-128.png',15.96646839,30.37145459,5),(156,1,'SUR','SR','Suriname','Republic of Suriname','SR-32.png','SR-128.png',4.26470865,-55.93988238,7),(157,1,'SWZ','SZ','Swaziland','Kingdom of Swaziland','SZ-32.png','SZ-128.png',-26.53892570,31.47960891,9),(158,1,'SWE','SE','Sweden','Kingdom of Sweden','SE-32.png','SE-128.png',61.42370427,16.73188991,4),(159,1,'CHE','CH','Switzerland','Swiss Confederation','CH-32.png','CH-128.png',46.81010721,8.22751200,8),(160,1,'SYR','SY','Syria','Syrian Arab Republic','SY-32.png','SY-128.png',34.71097430,38.66723516,6),(161,1,'TJK','TJ','Tajikistan','Republic of Tajikistan','TJ-32.png','TJ-128.png',38.68075124,71.23215769,7),(162,1,'THA','TH','Thailand','Kingdom of Thailand','TH-32.png','TH-128.png',14.60009810,101.38805881,5),(163,1,'TLS','TL','Timor-Leste','Democratic Republic of Timor-Leste','TL-32.png','TL-128.png',-8.88926365,125.99671404,9),(164,1,'TGO','TG','Togo','Togolese Republic','TG-32.png','TG-128.png',8.68089206,0.86049757,7),(165,1,'TON','TO','Tonga','Kingdom of Tonga','TO-32.png','TO-128.png',-21.17890075,-175.19824200,11),(166,1,'TTO','TT','Trinidad and Tobago','Republic of Trinidad and Tobago','TT-32.png','TT-128.png',10.43241863,-61.22250300,10),(167,1,'TUN','TN','Tunisia','Republic of Tunisia','TN-32.png','TN-128.png',33.88431940,9.71878341,6),(168,1,'TUR','TR','Turkey','Republic of Turkey','TR-32.png','TR-128.png',38.27069555,36.28703317,5),(169,1,'TKM','TM','Turkmenistan','Turkmenistan','TM-32.png','TM-128.png',38.94915421,59.06190323,6),(170,1,'TUV','TV','Tuvalu','Tuvalu','TV-32.png','TV-128.png',-8.45968122,179.13310944,12),(171,1,'UGA','UG','Uganda','Republic of Uganda','UG-32.png','UG-128.png',1.54760620,32.44409759,7),(172,1,'UKR','UA','Ukraine','Ukraine','UA-32.png','UA-128.png',48.89358596,31.10516920,6),(173,1,'ARE','AE','United Arab Emirates','United Arab Emirates','AE-32.png','AE-128.png',24.64324405,53.62261227,7),(174,1,'URY','UY','Uruguay','Eastern Republic of Uruguay','UY-32.png','UY-128.png',-32.49342987,-55.76583300,7),(175,1,'UZB','UZ','Uzbekistan','Republic of Uzbekistan','UZ-32.png','UZ-128.png',41.30829147,62.62970960,6),(176,1,'VUT','VU','Vanuatu','Republic of Vanuatu','VU-32.png','VU-128.png',-15.37256614,166.95916000,8),(177,1,'VNM','VN','Viet Nam','Socialist Republic of Viet Nam','VN-32.png','VN-128.png',17.19931699,107.14012804,5),(178,1,'YEM','YE','Yemen','Republic of Yemen','YE-32.png','YE-128.png',15.60865453,47.60453676,6),(179,1,'ZMB','ZM','Zambia','Republic of Zambia','ZM-32.png','ZM-128.png',-13.01812188,28.33274444,6),(180,1,'ZWE','ZW','Zimbabwe','Republic of Zimbabwe','ZW-32.png','ZW-128.png',-19.00784952,30.18758584,6),(181,1,'COK','CK','Cook Islands','Cook Islands','CK-32.png','CK-128.png',-21.23673066,-159.77766900,13),(182,1,'BOL','BO','Bolivia','Plurinational State of Bolivia','BO-32.png','BO-128.png',-16.74518128,-65.19265691,6),(183,1,'ZAR','CD','Democratic Republic of the Congo','Democratic Republic of the Congo','CD-32.png','CD-128.png',-4.05373938,23.01110741,5),(184,1,'EUR','EU','European Union','European Union','EU-32.png','EU-128.png',48.76380654,14.26843140,3),(185,1,'FSM','FM','Micronesia','Federated States of Micronesia','FM-32.png','FM-128.png',6.88747377,158.21507170,12),(186,1,'GBR','GB','United Kingdom','United Kingdom of Great Britain and Northern Ireland','GB-32.png','GB-128.png',53.36540813,-2.72184767,6),(187,1,'IRN','IR','Iran','Islamic Republic of Iran','IR-32.png','IR-128.png',31.40240324,51.28204814,5),(188,1,'PRK','KP','North Korea','Democratic People\'s Republic of Korea','KP-32.png','KP-128.png',40.00785500,127.48812834,6),(189,1,'KOR','KR','South Korea','Republic of Korea','KR-32.png','KR-128.png',36.56344139,127.51424646,7),(190,1,'MDA','MD','Moldova','Republic of Moldova','MD-32.png','MD-128.png',47.10710437,28.54018109,7),(191,1,'MKD','MK','Macedonia','The former Yugoslav Republic of Macedonia','MK-32.png','MK-128.png',41.60059479,21.74527900,8),(192,1,'NIU','NU','Niue','Niue','NU-32.png','NU-128.png',-19.04976362,-169.86585571,11),(193,1,'TZA','TZ','Tanzania','United Republic of Tanzania','TZ-32.png','TZ-128.png',-6.37551085,34.85587302,6),(194,1,'VEN','VE','Venezuela','Bolivarian Republic of Venezuela','VE-32.png','VE-128.png',5.98477766,-65.94152264,6),(195,1,'AIA','AI','Anguilla','Anguilla','AI-32.png','AI-128.png',18.22053521,-63.06861300,12),(196,1,'ATA','AQ','Antarctica','Antarctica','AQ-32.png','AQ-128.png',-45.13806295,10.48095703,2),(197,1,'ASM','AS','American Samoa','The United States Territory of American Samoa','AS-32.png','AS-128.png',-14.30634641,-170.69501750,11),(198,1,'ABW','AW','Aruba','Aruba of the Kingdom of the Netherlands','AW-32.png','AW-128.png',12.52109661,-69.96833800,12),(199,1,'ALA','AX','Åland Islands','Åland Islands','AX-32.png','AX-128.png',60.25403213,20.35918350,9),(200,1,'BLM','BL','Saint Barthélemy','Territorial collectivity of Saint Barthélemy','BL-32.png','BL-128.png',17.90042417,-62.83376215,13),(201,1,'BMU','BM','Bermuda','the Bermudas','BM-32.png','BM-128.png',32.31995785,-64.76182765,12),(202,1,'BES','BQ','Bonaire, Saint Eustatius And Saba','Bonaire, Saint Eustatius and Saba','BQ-32.png','BQ-128.png',12.17229702,-68.28831170,11),(203,1,'BVT','BV','Bouvet Island','Bouvet Island','BV-32.png','BV-128.png',-54.42316906,3.41319600,12),(204,1,'CCK','CC','Cocos (Keeling) Islands','Territory of Cocos (Keeling) Islands','CC-32.png','CC-128.png',-12.12890685,96.84689104,12),(205,1,'CUW','CW','Curaçao','Curaçao','CW-32.png','CW-128.png',12.20710309,-69.02160369,11),(206,1,'CXR','CX','Christmas Island','Territory of Christmas Island','CX-32.png','CX-128.png',-10.49170619,105.68083796,11),(207,1,'ESH','EH','Western Sahara','Western Sahara','EH-32.png','EH-128.png',24.79324356,-13.67683563,6),(208,1,'FLK','FK','Falkland Islands (Malvinas)','Falkland Islands','FK-32.png','FK-128.png',-51.78838251,-59.52361100,8),(209,1,'FRO','FO','Faroe Islands','Faroe Islands','FO-32.png','FO-128.png',61.88590482,-6.91180400,8),(210,1,'GUF','GF','French Guiana','French Guiana','GF-32.png','GF-128.png',4.01114381,-52.97746057,7),(211,1,'GGY','GG','Guernsey','Bailiwick of Guernsey','GG-32.png','GG-128.png',49.46565975,-2.58527200,12),(212,1,'GIB','GI','Gibraltar','Gibraltar','GI-32.png','GI-128.png',36.14864641,-5.34404779,12),(213,1,'GRL','GL','Greenland','Greenland','GL-32.png','GL-128.png',71.42932629,-34.38651956,3),(214,1,'GLP','GP','Guadeloupe','Department of Guadeloupe','GP-32.png','GP-128.png',16.26472785,-61.55099400,10),(215,1,'SGS','GS','South Georgia and the South Sandwich Islands','South Georgia and the South Sandwich Islands','GS-32.png','GS-128.png',-54.38130284,-36.67305304,9),(216,1,'GUM','GU','Guam','Territory of Guam','GU-32.png','GU-128.png',13.44410137,144.80747791,10),(217,1,'HKG','HK','Hong Kong','Hong Kong Special Administrative Region of the People\'s Republic','HK-32.png','HK-128.png',22.33728531,114.14657786,11),(218,1,'HMD','HM','Heard Island And McDonald Islands','Heard and McDonald Islands','HM-32.png','HM-128.png',-53.08168847,73.50415800,11),(219,1,'IMN','IM','Isle of Man','The Isle of Man','IM-32.png','IM-128.png',54.23562697,-4.54805400,10),(220,1,'IOT','IO','British Indian Ocean Territory','The British Indian Ocean Territory','IO-32.png','IO-128.png',-7.33461519,72.42425280,12),(221,1,'JEY','JE','Jersey','Bailiwick of Jersey','JE-32.png','JE-128.png',49.21440771,-2.13124600,12),(222,1,'CYM','KY','Cayman Islands','The Cayman Islands','KY-32.png','KY-128.png',19.31322102,-81.25459800,11),(223,1,'MAF','MF','Saint Martin','Saint Martin','MF-32.png','MF-128.png',18.07637107,-63.05019106,12),(224,1,'MAC','MO','Macao','Macau Special Administrative Region','MO-32.png','MO-128.png',22.19872287,113.54387700,12),(225,1,'MNP','MP','Northern Mariana Islands','Commonwealth of the Northern Mariana Islands','MP-32.png','MP-128.png',15.09783636,145.67390000,11),(226,1,'MTQ','MQ','Martinique','Department of Martinique','MQ-32.png','MQ-128.png',14.64128045,-61.02417600,10),(227,1,'MSR','MS','Montserrat','Montserrat','MS-32.png','MS-128.png',16.74774077,-62.18736600,12),(228,1,'NCL','NC','New Caledonia','Territory of New Caledonia and Dependencies','NC-32.png','NC-128.png',-21.26104020,165.58783760,8),(229,1,'NFK','NF','Norfolk Island','Norfolk Islands','NF-32.png','NF-128.png',-29.02801043,167.94303023,13),(230,1,'PYF','PF','French Polynesia','Territory of French Polynesia','PF-32.png','PF-128.png',-17.66243898,-149.40683900,10),(231,1,'SPM','PM','Saint Pierre and Miquelon','Saint Pierre and Miquelon','PM-32.png','PM-128.png',46.88469499,-56.31590200,10),(232,1,'PCN','PN','Pitcairn Islands','Pitcairn Group of Islands','PN-32.png','PN-128.png',-24.37673925,-128.32423730,13),(233,1,'PRI','PR','Puerto Rico','Commonwealth of Puerto Rico','PR-32.png','PR-128.png',18.21963053,-66.59015100,9),(234,1,'PSE','PS','Palestinian Territory, Occupied','the Occupied Palestinian Territory','PS-32.png','PS-128.png',32.26367103,35.21936714,8),(235,1,'REU','RE','Réunion','Department of Reunion','RE-32.png','RE-128.png',-21.11480084,55.53638200,10),(236,1,'SHN','SH','Saint Helena, Ascension and Tristan da Cunha','Saint Helena, Ascension and Tristan da Cunha','SH-32.png','SH-128.png',-37.10521846,-12.27768580,12),(237,1,'SJM','SJ','Svalbard and Jan Mayen','Svalbard and Jan Mayen','SJ-32.png','SJ-128.png',77.92215764,18.99010622,4),(238,1,'SXM','SX','Sint Maarten','Sint Maarten','SX-32.png','SX-128.png',18.04433885,-63.05616320,12),(239,1,'TCA','TC','Turks and Caicos Islands','Turks and Caicos Islands','TC-32.png','TC-128.png',21.72816866,-71.79654471,9),(240,1,'ATF','TF','French Southern and Antarctic Lands','Territory of the French Southern and Antarctic Lands','TF-32.png','TF-128.png',-49.27235903,69.34856300,8),(241,1,'TKL','TK','Tokelau','Tokelau','TK-32.png','TK-128.png',-9.16682644,-171.83981693,10),(242,1,'TWN','TW','Taiwan','Republic of China','TW-32.png','TW-128.png',23.71891402,121.10884043,7),(243,1,'UMI','UM','United States Minor Outlying Islands','United States Minor Outlying Islands','UM-32.png','UM-128.png',19.46305694,177.98631092,5),(244,1,'USA','US','United States','United States of America','US-32.png','US-128.png',37.66895362,-102.39256450,4),(245,1,'VAT','VA','Vatican City State','State of the Vatican City','VA-32.png','VA-128.png',41.90377810,12.45340142,16),(246,1,'VGB','VG','Virgin Islands','British Virgin Islands','VG-32.png','VG-128.png',17.67004187,-64.77411010,10),(247,1,'VIR','VI','United States Virgin Islands','Virgin Islands of the United States','VI-32.png','VI-128.png',18.01000938,-64.77411410,9),(248,1,'WLF','WF','Wallis and Futuna','Territory of the Wallis and Futuna Islands','WF-32.png','WF-128.png',-14.29378486,-178.11649800,12),(249,1,'MYT','YT','Mayotte','Overseas Department of Mayotte','YT-32.png','YT-128.png',-12.82744522,45.16624200,11),(250,1,'SSD','SS','South Sudan','Republic of South Sudan','SS-32.png','SS-128.png',7.91320803,30.15342434,6);
/*!40000 ALTER TABLE `country` ENABLE KEYS */;
UNLOCK TABLES;

--
-- Table structure for table `country_region`
--

DROP TABLE IF EXISTS `country_region`;
/*!40101 SET @saved_cs_client     = @@character_set_client */;
/*!40101 SET character_set_client = utf8 */;
CREATE TABLE `country_region` (
  `id` int(11) NOT NULL AUTO_INCREMENT,
  `country_id` int(11) NOT NULL,
  `region_id` int(11) NOT NULL,
  PRIMARY KEY (`id`),
  UNIQUE KEY `country_id` (`country_id`,`region_id`)
) ENGINE=MyISAM AUTO_INCREMENT=260 DEFAULT CHARSET=utf8;
/*!40101 SET character_set_client = @saved_cs_client */;

--
-- Dumping data for table `country_region`
--

LOCK TABLES `country_region` WRITE;
/*!40000 ALTER TABLE `country_region` DISABLE KEYS */;
INSERT INTO `country_region` VALUES (2,1,2),(3,199,3),(4,2,3),(5,3,1),(6,197,2),(7,4,3),(8,5,1),(9,195,4),(252,30,6),(11,6,4),(12,7,4),(13,8,3),(14,198,4),(15,9,2),(16,10,3),(17,11,3),(18,12,4),(19,13,7),(20,14,2),(21,15,4),(22,16,3),(23,17,3),(24,18,4),(25,19,1),(26,201,5),(27,20,2),(28,182,4),(29,202,4),(30,21,3),(31,22,1),(33,23,4),(35,24,2),(36,25,3),(37,26,1),(38,27,1),(39,28,2),(40,29,1),(41,30,5),(42,31,1),(43,222,4),(44,32,1),(45,33,1),(46,34,4),(47,35,2),(50,36,4),(51,37,1),(52,38,1),(53,181,2),(54,39,4),(55,44,1),(56,40,3),(57,41,4),(58,205,4),(59,42,3),(60,43,3),(61,183,1),(62,45,6),(63,46,1),(64,47,4),(65,48,4),(66,49,4),(67,50,1),(68,51,4),(69,52,1),(70,53,1),(71,54,3),(72,55,1),(73,184,3),(74,208,4),(75,209,6),(76,56,2),(77,57,6),(78,58,3),(79,210,3),(80,230,2),(82,59,1),(83,61,3),(84,62,3),(85,63,1),(86,212,3),(87,64,3),(88,213,6),(89,65,4),(90,214,4),(91,216,2),(92,66,4),(93,211,3),(94,67,1),(95,68,1),(96,69,4),(97,70,4),(99,71,4),(100,217,2),(101,72,3),(102,73,6),(103,74,2),(104,75,2),(105,187,2),(106,76,7),(107,77,3),(108,219,3),(109,78,3),(110,79,3),(111,80,4),(112,81,2),(113,221,1),(114,82,7),(115,83,3),(116,84,1),(117,85,2),(118,86,7),(119,87,3),(120,88,2),(121,89,3),(122,90,7),(123,91,1),(124,92,1),(125,93,1),(126,94,3),(127,95,3),(128,96,3),(129,224,2),(130,191,3),(131,97,1),(132,98,1),(133,99,2),(134,100,2),(135,101,1),(136,102,3),(137,103,2),(138,226,4),(139,104,1),(140,105,1),(141,249,1),(142,106,4),(143,185,2),(144,190,3),(145,107,3),(146,108,2),(147,109,3),(148,227,4),(149,110,1),(150,111,1),(151,112,2),(152,113,1),(153,114,2),(154,115,2),(155,116,3),(156,228,2),(157,117,2),(158,118,4),(159,119,1),(160,120,1),(161,192,2),(162,229,2),(163,188,2),(164,225,2),(165,121,6),(166,122,7),(167,123,2),(168,124,2),(169,234,7),(170,125,4),(171,126,2),(172,127,4),(173,128,4),(174,129,2),(175,232,2),(176,130,3),(177,131,3),(178,233,4),(179,132,7),(180,235,1),(181,133,3),(182,134,6),(183,135,1),(184,200,4),(185,236,1),(186,136,4),(187,137,4),(188,223,4),(189,231,5),(190,138,4),(191,139,2),(192,140,3),(193,141,1),(194,142,7),(195,143,1),(196,144,3),(197,145,1),(198,146,1),(199,147,2),(200,238,4),(201,148,3),(202,149,3),(203,150,2),(204,151,1),(205,152,1),(207,189,2),(208,250,1),(209,153,3),(210,154,2),(211,155,1),(212,156,4),(213,237,3),(214,157,1),(215,158,6),(216,159,3),(217,160,7),(219,161,3),(220,193,1),(221,162,2),(222,60,1),(223,163,2),(224,164,1),(225,241,2),(226,165,2),(227,166,4),(228,167,1),(229,168,3),(230,169,3),(231,239,4),(232,170,2),(233,171,1),(234,172,3),(235,173,7),(236,186,3),(237,244,5),(239,247,4),(240,174,4),(241,175,3),(242,176,2),(243,245,1),(244,194,4),(245,177,2),(246,246,4),(247,248,2),(248,207,1),(249,178,7),(250,179,1),(251,180,1),(253,244,6),(254,45,3),(255,57,3),(256,73,3),(257,121,3),(258,134,3),(259,158,3);
/*!40000 ALTER TABLE `country_region` ENABLE KEYS */;
UNLOCK TABLES;

--
-- Table structure for table `region`
--

DROP TABLE IF EXISTS `region`;
/*!40101 SET @saved_cs_client     = @@character_set_client */;
/*!40101 SET character_set_client = utf8 */;
CREATE TABLE `region` (
  `id` int(11) NOT NULL,
  `name` varchar(32) DEFAULT NULL,
  `is_unep` tinyint(4) NOT NULL DEFAULT '0',
  PRIMARY KEY (`id`)
) ENGINE=MyISAM DEFAULT CHARSET=utf8;
/*!40101 SET character_set_client = @saved_cs_client */;

--
-- Dumping data for table `region`
--

LOCK TABLES `region` WRITE;
/*!40000 ALTER TABLE `region` DISABLE KEYS */;
INSERT INTO `region` VALUES (1,'Africa',1),(2,'Asia and the Pacific',1),(3,'Europe',1),(4,'Latin America and the Caribbean',1),(5,'North America',1),(6,'Polar: Arctic',1),(7,'West Asia',1);
/*!40000 ALTER TABLE `region` ENABLE KEYS */;
UNLOCK TABLES;
/*!40103 SET TIME_ZONE=@OLD_TIME_ZONE */;

/*!40101 SET SQL_MODE=@OLD_SQL_MODE */;
/*!40014 SET FOREIGN_KEY_CHECKS=@OLD_FOREIGN_KEY_CHECKS */;
/*!40014 SET UNIQUE_CHECKS=@OLD_UNIQUE_CHECKS */;
/*!40101 SET CHARACTER_SET_CLIENT=@OLD_CHARACTER_SET_CLIENT */;
/*!40101 SET CHARACTER_SET_RESULTS=@OLD_CHARACTER_SET_RESULTS */;
/*!40101 SET COLLATION_CONNECTION=@OLD_COLLATION_CONNECTION */;
/*!40111 SET SQL_NOTES=@OLD_SQL_NOTES */;

-- Dump completed on 2015-01-21 11:18:50
